split,file,lang,start,end,speaker,text
test,0002,zh,0.270,1.110,SPEAKER_00,猫狗蛇
test,0002,zh,2.310,2.370,SPEAKER_00,猪
test,0002,zh,3.810,3.870,SPEAKER_00,兔
test,0002,zh,5.310,5.370,SPEAKER_00,羊
test,0002,zh,7.350,7.530,SPEAKER_00,犀牛
test,0002,zh,8.730,8.790,SPEAKER_00,蛇
test,0002,zh,10.470,10.770,SPEAKER_00,骆驼
test,0002,zh,11.850,12.390,SPEAKER_00,猪马
test,0002,zh,13.290,13.530,SPEAKER_00,犀牛
test,0002,zh,14.490,15.150,SPEAKER_00,鸭子鸡
test,0002,zh,15.990,16.710,SPEAKER_00,马说了吗
test,0002,zh,17.790,18.510,SPEAKER_00,猪也说了
test,0002,zh,19.530,19.830,SPEAKER_00,骆驼
test,0002,zh,21.390,21.630,SPEAKER_00,蜗牛
test,0002,zh,22.830,22.890,,嗯
test,0002,zh,23.490,24.750,SPEAKER_00,这是一个厨房嘛
test,0002,zh,25.890,26.190,SPEAKER_00,做饭
test,0002,zh,27.690,28.170,SPEAKER_00,一小孩
test,0002,zh,30.030,31.170,SPEAKER_00,顶柜上取东西
test,0002,zh,33.270,33.810,SPEAKER_00,做青菜
test,0002,zh,36.230,40.310,SPEAKER_00,你就在那踩在凳子上往柜子上取东西还有小女孩
test,0002,zh,40.970,42.530,SPEAKER_00,一男孩一个小一个女孩
test,0002,zh,45.970,46.510,SPEAKER_00,还有一个
test,0002,zh,48.310,48.490,SPEAKER_00,妇女
test,0002,zh,50.050,50.290,SPEAKER_00,拿着
test,0002,zh,50.950,51.250,SPEAKER_00,那个
test,0002,zh,53.290,54.550,SPEAKER_00,那布仔擦盘子
test,0002,zh,57.060,57.780,SPEAKER_00,在厨房啊
test,0002,zh,58.560,59.760,SPEAKER_00,那有一个那个厨
test,0003,zh,0.810,0.870,SPEAKER_00,白
test,0003,zh,1.530,1.830,SPEAKER_00,钢白
test,0003,zh,2.850,3.930,SPEAKER_00,毛白铅白
test,0003,zh,4.770,5.790,SPEAKER_00,这个原子白
test,0003,zh,8.130,8.190,SPEAKER_00,别
test,0003,zh,8.910,8.970,SPEAKER_00,车
test,0003,zh,9.870,11.910,SPEAKER_00,钢材卷测这车三脚车
test,0003,zh,12.930,13.830,SPEAKER_00,这个是车
test,0003,zh,14.730,14.970,SPEAKER_00,那么
test,0003,zh,16.109,16.170,SPEAKER_00,不
test,0003,zh,17.370,17.610,SPEAKER_00,名不
test,0003,zh,18.810,18.990,SPEAKER_00,名疫
test,0003,zh,19.830,21.210,SPEAKER_00,这个锦轮四轮
test,0003,zh,22.230,22.830,SPEAKER_00,这个是
test,0003,zh,23.850,24.150,SPEAKER_00,化纤
test,0003,zh,25.590,26.310,SPEAKER_00,那么
test,0003,zh,26.310,26.370,,在
test,0003,zh,26.910,27.390,SPEAKER_00,将这个
test,0003,zh,27.990,28.290,SPEAKER_00,走路
test,0003,zh,28.890,29.130,SPEAKER_00,汽车
test,0003,zh,29.970,30.210,SPEAKER_00,火车
test,0003,zh,31.350,31.770,SPEAKER_00,自行车
test,0003,zh,32.790,33.210,SPEAKER_00,三轮车
test,0003,zh,34.170,35.670,SPEAKER_00,那么这个还有这个
test,0003,zh,37.410,37.770,SPEAKER_00,独轮车
test,0003,zh,39.090,39.570,SPEAKER_00,那么这是
test,0003,zh,40.590,40.649,SPEAKER_00,请
test,0003,zh,42.090,42.690,SPEAKER_00,那么这个
test,0003,zh,43.230,43.290,SPEAKER_00,书
test,0003,zh,44.430,45.030,SPEAKER_00,那么这个是
test,0003,zh,45.990,46.410,SPEAKER_00,文学书
test,0003,zh,47.190,48.570,SPEAKER_00,理学理科书
test,0003,zh,49.230,49.830,SPEAKER_00,那么文学
test,0003,zh,50.370,51.090,SPEAKER_00,历史地理
test,0003,zh,51.750,51.930,SPEAKER_00,温室
test,0003,zh,52.770,52.950,SPEAKER_00,地理
test,0003,zh,53.610,53.850,SPEAKER_00,提油
test,0003,zh,56.080,56.320,SPEAKER_00,艺术
test,0003,zh,57.340,59.740,SPEAKER_00,那么理科物理化学数学生物
test,0004,zh,0.210,23.190,SPEAKER_00,李明时帮过的人当狗在房间里的时候猫总是躺在沙发上你再说一遍没听见呢大声一点江头没有他在吃东西不是是一本书还是一张纸啊就看不清他在看一本书没有妈妈比孩子什么什么高我没听清楚对妈妈比孩子个体高刚才没听清楚没有妈妈比孩子个孩子个体个子高他骑自行车
test,0004,zh,23.730,46.410,SPEAKER_00,说不对吧他只说没听清楚他说什么他不对他骑车不相同他骑车不是他车骑就是我声音太小有时候听不清没听清楚听不清楚我的耳朵耳朵穿的不对两个橘子比一个苹果那不能在这语句不那没说数量啊他就两个橘子一个苹果有不对但是妈妈把孩把水杯递给孩子
test,0004,zh,46.950,53.370,SPEAKER_00,不相同啊没有语句但是图片不相同这是桌子吗那就对了他插桌子没有
test,0004,zh,53.910,54.090,SPEAKER_00,不对
test,0004,zh,54.630,55.890,SPEAKER_00,这不是兔子这狗
test,0004,zh,56.790,59.850,SPEAKER_00,没有兔子这里啊这个兔子啊这个是兔子
test,0005,zh,0.000,3.630,SPEAKER_00,东西还这含在这儿反正这首是告诉哥哥哎呀危险嗯
test,0005,zh,4.770,6.510,SPEAKER_00,东西要掉下呃窗外的
test,0005,zh,7.110,12.690,SPEAKER_00,景色看来是天将黑了吧太阳快端嗯这么多雪壶水凉
test,0005,zh,13.290,13.590,SPEAKER_00,水杯
test,0005,zh,16.880,17.240,SPEAKER_00,水车
test,0005,zh,20.040,20.400,SPEAKER_00,水枪
test,0005,zh,21.180,21.240,,嗯
test,0005,zh,22.800,23.340,SPEAKER_00,水龙头
test,0005,zh,24.420,24.480,,嗯
test,0005,zh,26.340,27.060,SPEAKER_00,水龙头
test,0005,zh,28.980,29.040,SPEAKER_00,水
test,0005,zh,33.380,34.520,SPEAKER_00,水还有水什么呀
test,0005,zh,35.840,37.460,SPEAKER_00,水表说过了是吧嗯
test,0005,zh,38.240,39.620,SPEAKER_00,水龙头水池
test,0005,zh,42.300,42.360,,是
test,0005,zh,44.910,45.930,SPEAKER_00,热水袋不算吧
test,0005,zh,47.370,50.490,SPEAKER_00,水水表说过了没有了想不起来了水库
test,0005,zh,51.030,51.630,SPEAKER_00,一个杯子
test,0005,zh,52.230,52.470,SPEAKER_00,那个
test,0005,zh,53.310,54.390,SPEAKER_00,小戒指吧个
test,0006,zh,0.710,1.670,SPEAKER_00,鸡鸭鹅
test,0006,zh,2.750,3.530,SPEAKER_00,这个鱼
test,0006,zh,4.490,4.550,SPEAKER_00,呃
test,0006,zh,5.690,6.770,SPEAKER_00,你这个大
test,0006,zh,7.850,8.090,SPEAKER_00,大雁
test,0006,zh,8.930,8.990,SPEAKER_00,呃
test,0006,zh,9.590,9.950,SPEAKER_00,仙鹤
test,0006,zh,11.810,12.230,SPEAKER_00,长颈鹿
test,0006,zh,13.310,13.550,SPEAKER_00,麋鹿
test,0006,zh,14.570,14.630,SPEAKER_00,狼
test,0006,zh,16.070,16.130,SPEAKER_00,土
test,0006,zh,17.330,17.390,SPEAKER_00,呃
test,0006,zh,17.930,18.170,SPEAKER_00,狮子
test,0006,zh,19.850,19.910,SPEAKER_00,豹
test,0006,zh,21.170,21.230,SPEAKER_00,蛇
test,0006,zh,23.450,23.690,SPEAKER_00,青蛙
test,0006,zh,25.490,25.790,SPEAKER_00,乌龟
test,0006,zh,27.950,28.250,SPEAKER_00,蟾蜍
test,0006,zh,29.930,30.170,SPEAKER_00,这个
test,0006,zh,31.310,31.550,SPEAKER_00,蟾蜍
test,0006,zh,32.389,32.450,,呃
test,0006,zh,34.010,34.070,SPEAKER_00,驴
test,0006,zh,35.090,35.150,SPEAKER_00,马
test,0006,zh,36.110,36.170,SPEAKER_00,牛
test,0006,zh,37.790,37.850,SPEAKER_00,羊
test,0006,zh,39.530,39.590,,呃
test,0006,zh,42.290,43.610,SPEAKER_00,嗯马牛羊
test,0006,zh,44.330,44.810,SPEAKER_00,北极熊
test,0006,zh,45.770,46.370,SPEAKER_00,狗狗熊
test,0006,zh,47.390,47.450,,嗯
test,0006,zh,49.730,49.970,SPEAKER_00,这个
test,0006,zh,51.830,52.070,SPEAKER_00,树兰
test,0006,zh,53.210,53.450,SPEAKER_00,猴子
test,0006,zh,54.650,54.950,SPEAKER_00,猩猩
test,0006,zh,56.030,56.090,,呃
test,0006,zh,56.810,57.770,SPEAKER_00,猴子猩猩
test,0006,zh,58.610,58.670,,呃
test,0008,zh,0.090,0.330,SPEAKER_00,这个
test,0008,zh,0.990,2.910,SPEAKER_00,什么工具都算是嗯好的
test,0008,zh,5.190,5.490,SPEAKER_00,锤子
test,0008,zh,6.510,6.810,SPEAKER_00,斧头
test,0008,zh,7.770,8.130,SPEAKER_00,铅笔
test,0008,zh,8.970,9.330,SPEAKER_00,钢笔
test,0008,zh,9.930,9.990,,嗯
test,0008,zh,10.830,11.250,SPEAKER_00,锯子
test,0008,zh,12.030,12.090,,嗯
test,0008,zh,12.690,13.110,SPEAKER_00,桌子
test,0008,zh,14.190,14.970,SPEAKER_00,电台灯
test,0008,zh,15.810,15.870,,呃
test,0008,zh,17.430,17.790,SPEAKER_00,汽车
test,0008,zh,18.990,19.350,SPEAKER_00,火车
test,0008,zh,20.370,20.970,SPEAKER_00,自行车
test,0008,zh,21.690,21.750,,嗯
test,0008,zh,23.430,23.670,SPEAKER_00,还有
test,0008,zh,24.270,24.330,,嗯
test,0008,zh,26.670,27.030,SPEAKER_00,这个
test,0008,zh,28.710,28.770,,嗯
test,0008,zh,30.450,30.810,SPEAKER_00,帽子
test,0008,zh,31.710,31.770,,嗯
test,0008,zh,32.790,33.090,SPEAKER_00,还有
test,0008,zh,33.930,35.430,SPEAKER_00,这个热水器
test,0008,zh,36.150,36.210,,嗯
test,0008,zh,36.810,38.130,SPEAKER_00,还有电冰箱
test,0008,zh,39.270,39.510,SPEAKER_00,还有
test,0008,zh,40.230,40.830,SPEAKER_00,电视机
test,0008,zh,41.550,41.610,SPEAKER_00,嗯
test,0008,zh,43.410,43.770,SPEAKER_00,还有
test,0008,zh,44.610,45.870,SPEAKER_00,呃像拖拉机
test,0008,zh,47.190,47.730,SPEAKER_00,收割机
test,0008,zh,48.450,49.830,SPEAKER_00,嗯还有镰刀
test,0008,zh,50.790,51.630,SPEAKER_00,还有锄头
test,0008,zh,52.350,52.410,SPEAKER_00,嗯
test,0008,zh,53.250,54.270,SPEAKER_00,还有斧头
test,0008,zh,54.990,56.010,SPEAKER_00,还有锯子
test,0008,zh,56.730,56.790,SPEAKER_00,嗯
test,0008,zh,57.930,58.230,SPEAKER_00,还有
test,0008,zh,58.950,59.010,SPEAKER_00,嗯
test,0009,zh,0.330,0.390,SPEAKER_00,喝
test,0009,zh,1.410,2.070,SPEAKER_00,水可以
test,0009,zh,2.670,2.730,,嗯
test,0009,zh,3.450,3.510,SPEAKER_00,叫
test,0009,zh,4.230,4.290,,啊
test,0009,zh,6.510,6.810,SPEAKER_00,叫停
test,0009,zh,8.790,8.850,,啊
test,0009,zh,10.230,10.590,SPEAKER_00,狗毛
test,0009,zh,11.550,12.090,SPEAKER_00,记什么是
test,0009,zh,13.890,14.790,SPEAKER_00,狗毛鸡鸭
test,0009,zh,15.630,15.690,,嗯
test,0009,zh,17.130,17.730,SPEAKER_00,屎嗯
test,0009,zh,18.990,19.290,SPEAKER_00,狗毛
test,0009,zh,19.890,19.950,SPEAKER_00,是
test,0009,zh,21.570,21.810,SPEAKER_00,老鼠
test,0009,zh,23.190,23.250,,嗯
test,0009,zh,24.570,25.110,SPEAKER_00,没有什么
test,0009,zh,27.380,28.160,SPEAKER_00,好来这个是谁
test,0009,zh,30.330,30.570,SPEAKER_00,哎呀
test,0009,zh,32.370,33.270,SPEAKER_00,格莫基亚
test,0009,zh,34.050,34.410,SPEAKER_00,兔子
test,0009,zh,36.730,36.790,,是
test,0009,zh,39.440,39.680,SPEAKER_00,老楚
test,0009,zh,41.300,42.200,SPEAKER_00,天哪真的是
test,0009,zh,45.420,47.700,SPEAKER_00,不是由我们去想什么的
test,0009,zh,48.480,50.880,SPEAKER_00,别那这个事情我就不去记他
test,0009,zh,50.880,50.940,,了
test,0009,zh,53.610,54.390,SPEAKER_00,行了不说了
test,0010,zh,0.030,4.590,SPEAKER_00,看每天都看最近我就是北京新闻最近的新闻也就是这个
test,0010,zh,5.310,34.590,SPEAKER_00,召开什么这个我不太省心看看找路啊就是什么呀就是现代化的这种购物这种大卖场我能进去进去以后我就找不着路了嗯我只是我倾向于就过去那种老式的那种购物方式那种就是像过去那种就是西单商场百货大楼那种那种百货的我进去以后从来没就现在像那个我不离三里屯近吗三里屯就那种太古太古里那种购物场我进去就不行动物的名猫狗
test,0010,zh,35.130,36.990,SPEAKER_00,猪羊牛豹子老虎
test,0010,zh,37.530,41.310,SPEAKER_00,猴子兔子嗯还有那个狼就是动物什么
test,0010,zh,41.850,43.830,SPEAKER_00,鱼之类的不算了鱼那个
test,0010,zh,44.370,47.370,SPEAKER_00,猪不出来猫狗我都说过了啊兔子那个
test,0010,zh,48.030,49.770,SPEAKER_00,鸡鸡鸭鸽子蛇
test,0010,zh,50.310,51.630,SPEAKER_00,那个植物就是
test,0010,zh,52.230,52.530,SPEAKER_00,松树
test,0010,zh,53.250,54.030,SPEAKER_00,柳树嗯
test,0010,zh,54.690,55.590,SPEAKER_00,槐树百树
test,0010,zh,56.250,56.550,SPEAKER_00,杨树
test,0010,zh,57.090,57.630,SPEAKER_00,玫瑰花
test,0010,zh,58.170,59.430,SPEAKER_00,芍药花菊花
test,0011,zh,0.030,1.410,SPEAKER_00,对开门见山
test,0011,zh,2.250,4.830,SPEAKER_00,这就是开门见山刚才我说的
test,0011,zh,5.370,5.430,,嗯
test,0011,zh,6.330,7.350,SPEAKER_00,开门见山
test,0011,zh,8.610,8.670,SPEAKER_00,开
test,0011,zh,10.950,11.370,SPEAKER_00,开锁
test,0011,zh,14.290,14.770,SPEAKER_00,还有是
test,0011,zh,16.870,16.930,,开
test,0011,zh,19.750,21.550,SPEAKER_00,开门不对呀一个开
test,0011,zh,22.450,22.870,SPEAKER_00,开锁
test,0011,zh,24.430,24.790,SPEAKER_00,开会
test,0011,zh,28.090,29.170,SPEAKER_00,还有什么呢
test,0011,zh,31.030,31.450,SPEAKER_00,可以
test,0011,zh,34.070,34.370,SPEAKER_00,老虎
test,0011,zh,36.410,36.650,SPEAKER_00,那个
test,0011,zh,37.550,38.270,SPEAKER_00,马什么双
test,0011,zh,39.410,39.710,SPEAKER_00,马牛
test,0011,zh,40.970,41.510,SPEAKER_00,还有羊
test,0011,zh,42.290,42.350,,嗯
test,0011,zh,44.330,45.290,SPEAKER_00,还有这个
test,0011,zh,47.510,47.570,SPEAKER_00,猫
test,0011,zh,48.110,50.570,SPEAKER_00,狗什么是不是也得算嘛猫狗
test,0011,zh,53.320,53.560,SPEAKER_00,那个
test,0011,zh,54.760,56.260,SPEAKER_00,马还马写了吧
test,0011,zh,59.030,59.750,SPEAKER_00,还有什么呢
test,0012,zh,0.210,1.650,SPEAKER_00,骆驼大象呃
test,0012,zh,3.870,4.950,SPEAKER_00,天鹅天鹅嗯
test,0012,zh,5.970,6.930,SPEAKER_00,都是水果对
test,0012,zh,7.650,8.910,SPEAKER_00,而开车开
test,0012,zh,9.990,10.350,SPEAKER_00,开水
test,0012,zh,11.430,11.850,SPEAKER_00,开路
test,0012,zh,12.690,12.750,,呃
test,0012,zh,13.530,13.830,SPEAKER_00,开张
test,0012,zh,15.510,15.810,SPEAKER_00,开心
test,0012,zh,16.470,16.530,,嗯
test,0012,zh,17.070,17.130,SPEAKER_00,开
test,0012,zh,18.090,18.390,SPEAKER_00,开会
test,0012,zh,21.000,21.840,SPEAKER_00,有一个说法叫
test,0012,zh,22.800,23.280,SPEAKER_00,开步走
test,0012,zh,23.820,26.160,SPEAKER_00,咱们后来叫起步走有个开步走
test,0012,zh,27.780,28.200,SPEAKER_00,还有是
test,0012,zh,29.880,32.340,SPEAKER_00,那开拖拉机和开车是一回事了
test,0012,zh,33.780,35.220,SPEAKER_00,开开会也说过了
test,0012,zh,36.180,36.420,SPEAKER_00,开始
test,0012,zh,37.980,40.020,SPEAKER_00,咱不知道了呃开
test,0012,zh,43.300,45.640,SPEAKER_00,开锣开会开会开门
test,0012,zh,47.700,48.180,SPEAKER_00,开电梯
test,0012,zh,49.080,51.480,SPEAKER_00,那这那也不车还可以说开火车
test,0012,zh,52.500,53.160,SPEAKER_00,还开花
test,0012,zh,54.600,55.920,SPEAKER_00,有一张扑克牌
test,0012,zh,56.520,57.480,SPEAKER_00,有一个戒指
test,0013,zh,0.090,0.150,SPEAKER_00,树
test,0013,zh,0.810,1.650,SPEAKER_00,那个枣树
test,0013,zh,2.250,2.310,SPEAKER_00,啊
test,0013,zh,2.850,3.330,SPEAKER_00,核桃树
test,0013,zh,3.990,5.010,SPEAKER_00,水果树我觉得
test,0013,zh,5.550,7.410,SPEAKER_00,苹果啊什么都是树
test,0013,zh,8.189,8.490,SPEAKER_00,香蕉
test,0013,zh,9.390,9.870,,嗯什
test,0013,zh,11.250,11.970,SPEAKER_00,苹果有了吗
test,0013,zh,12.510,12.570,SPEAKER_00,嗯
test,0013,zh,13.530,13.830,SPEAKER_00,开门
test,0013,zh,15.390,15.690,SPEAKER_00,开车
test,0013,zh,16.770,17.010,SPEAKER_00,开发
test,0013,zh,17.790,19.230,SPEAKER_00,开发有那开发
test,0013,zh,19.890,20.190,SPEAKER_00,开始
test,0013,zh,20.790,21.270,SPEAKER_00,开那西
test,0013,zh,22.470,22.530,SPEAKER_00,开
test,0013,zh,23.070,23.130,SPEAKER_00,开
test,0013,zh,24.150,24.330,SPEAKER_00,就是
test,0013,zh,25.530,26.310,SPEAKER_00,想不起来了
test,0013,zh,26.850,27.690,SPEAKER_00,常用都接
test,0013,zh,29.430,30.510,SPEAKER_00,嗯开会
test,0013,zh,32.070,32.430,SPEAKER_00,开会
test,0013,zh,33.930,34.170,SPEAKER_00,开始
test,0013,zh,35.550,36.090,SPEAKER_00,开学了
test,0013,zh,36.870,37.470,SPEAKER_00,水就是打
test,0013,zh,38.130,38.490,SPEAKER_00,这水
test,0013,zh,39.090,39.150,SPEAKER_00,不
test,0013,zh,39.870,39.930,SPEAKER_00,说
test,0013,zh,40.890,41.430,SPEAKER_00,什么水
test,0013,zh,42.210,42.570,SPEAKER_00,水洗
test,0013,zh,44.800,45.040,SPEAKER_00,学习
test,0013,zh,46.600,46.840,SPEAKER_00,喜好
test,0013,zh,49.120,49.720,SPEAKER_00,喝水不行
test,0013,zh,53.160,53.220,SPEAKER_00,洗
test,0013,zh,54.720,55.020,SPEAKER_00,水壶
test,0013,zh,56.040,56.340,SPEAKER_00,水管
test,0013,zh,56.940,57.300,SPEAKER_00,水库
test,0013,zh,57.900,58.260,,嗯
test,0013,zh,58.260,59.100,SPEAKER_00,什蔬菜
test,0014,zh,0.520,1.000,SPEAKER_00,西葫芦
test,0014,zh,1.660,1.960,SPEAKER_00,青笋
test,0014,zh,3.100,3.400,SPEAKER_00,蘑菇
test,0014,zh,4.480,4.720,SPEAKER_00,冬瓜
test,0014,zh,5.500,5.800,SPEAKER_00,菠菜
test,0014,zh,7.000,7.300,SPEAKER_00,韭菜
test,0014,zh,8.380,8.680,SPEAKER_00,芹菜
test,0014,zh,9.820,9.880,,呃
test,0014,zh,10.420,10.720,SPEAKER_00,地瓜
test,0014,zh,11.500,11.800,SPEAKER_00,香菜
test,0014,zh,13.180,13.540,SPEAKER_00,蒜苔
test,0014,zh,14.680,14.980,SPEAKER_00,蒜苗
test,0014,zh,16.060,16.120,,嗯
test,0014,zh,17.260,17.740,SPEAKER_00,和兰豆
test,0014,zh,18.820,19.120,SPEAKER_00,白菜
test,0014,zh,20.860,21.100,SPEAKER_00,油菜
test,0014,zh,22.120,23.380,SPEAKER_00,开明开发
test,0014,zh,24.160,24.220,,嗯
test,0014,zh,25.000,25.360,SPEAKER_00,开始
test,0014,zh,26.620,26.680,,嗯
test,0014,zh,28.000,28.060,SPEAKER_00,开
test,0014,zh,28.600,28.660,SPEAKER_00,始
test,0014,zh,29.200,29.620,SPEAKER_00,开会
test,0014,zh,30.580,31.060,SPEAKER_00,开车
test,0014,zh,31.720,33.340,SPEAKER_00,开飞机开拖拉机
test,0014,zh,34.120,37.660,SPEAKER_00,怎么想不起来这开怎么怎么这么不好说的呀水壶
test,0014,zh,38.380,38.740,SPEAKER_00,水杯
test,0014,zh,39.400,39.820,SPEAKER_00,水桶
test,0014,zh,40.780,42.160,SPEAKER_00,水龙头水管
test,0014,zh,43.060,43.480,SPEAKER_00,水库
test,0014,zh,44.020,49.180,SPEAKER_00,这的他他在偷钱水在前面水花水流我只知道今天
test,0014,zh,49.900,52.720,SPEAKER_00,李明是帮过忙的人单狗在
test,0014,zh,53.440,59.740,SPEAKER_00,房间里的时候猫总是藏在沙发下匹配没什么问题因为他这话有问题
test,0015,zh,0.030,0.750,SPEAKER_00,柳时
test,0015,zh,0.750,0.810,,嗯
test,0015,zh,3.730,3.970,SPEAKER_00,杨树
test,0015,zh,4.870,4.930,,嗯
test,0015,zh,6.190,7.030,SPEAKER_00,也没有什么了
test,0015,zh,9.870,9.930,,嗯
test,0015,zh,10.470,10.530,,嗯
test,0015,zh,14.170,14.470,SPEAKER_00,植物
test,0015,zh,16.270,16.990,SPEAKER_00,收上来了
test,0015,zh,17.890,18.610,SPEAKER_00,开门见山
test,0015,zh,19.630,20.350,SPEAKER_00,收上来了
test,0015,zh,21.370,22.630,SPEAKER_00,收上来了
test,0015,zh,22.630,22.690,,嗯
test,0015,zh,23.350,27.010,SPEAKER_00,刚才我说的是开门见山是不是收不上来了
test,0015,zh,27.010,27.070,,嗯
test,0015,zh,27.670,27.910,SPEAKER_00,开水
test,0015,zh,29.830,30.910,SPEAKER_00,是啊哦水
test,0015,zh,32.530,33.790,SPEAKER_00,水到渠成
test,0015,zh,33.790,33.850,,嗯
test,0015,zh,34.810,34.870,,嗯
test,0015,zh,39.759,40.480,SPEAKER_00,收上来了
test,0015,zh,41.260,41.980,SPEAKER_00,收上来了
test,0015,zh,44.440,45.340,SPEAKER_00,水漫群山
test,0015,zh,45.939,47.020,SPEAKER_00,有有有这样吧
test,0015,zh,47.860,47.920,,嗯
test,0015,zh,48.760,51.340,SPEAKER_00,怎么怎么着我没听清楚
test,0015,zh,51.340,51.400,,嗯
test,0015,zh,52.180,52.840,SPEAKER_00,我只知道
test,0015,zh,53.740,54.040,SPEAKER_00,黎明
test,0015,zh,54.580,56.440,SPEAKER_00,今天是帮了忙的人
test,0015,zh,57.580,57.640,,嗯
test,0015,zh,58.300,59.740,SPEAKER_00,当狗在房间的时候
test,0017,zh,0.090,3.630,SPEAKER_00,好不好就以我们俩人吃错了老老头就
test,0017,zh,4.230,9.870,SPEAKER_00,从那就就这就吃这个那个停药更好就原来还行
test,0017,zh,10.710,11.130,SPEAKER_00,就醒
test,0017,zh,11.850,11.910,SPEAKER_00,醒
test,0017,zh,12.870,12.930,SPEAKER_00,又
test,0017,zh,14.070,14.130,SPEAKER_00,不
test,0017,zh,14.790,15.870,SPEAKER_00,就就一夜好像
test,0017,zh,16.650,18.630,SPEAKER_00,我都十二点多睡吧睡的
test,0017,zh,20.670,20.730,SPEAKER_00,小
test,0017,zh,21.990,22.050,SPEAKER_00,醒
test,0017,zh,25.350,25.410,SPEAKER_00,夜
test,0017,zh,27.750,27.810,SPEAKER_00,就
test,0017,zh,29.010,29.070,SPEAKER_00,是
test,0017,zh,29.610,29.670,SPEAKER_00,上
test,0017,zh,30.630,31.410,SPEAKER_00,上什么狗
test,0017,zh,32.070,32.310,SPEAKER_00,小狗
test,0017,zh,32.910,33.210,SPEAKER_00,小猫
test,0017,zh,35.190,35.430,SPEAKER_00,大象
test,0017,zh,36.330,36.510,SPEAKER_00,小兔
test,0017,zh,44.970,45.030,SPEAKER_00,见
test,0017,zh,46.830,47.250,SPEAKER_00,长颈鹿
test,0017,zh,48.090,49.770,SPEAKER_00,动物园那些还有什么
test,0017,zh,50.610,52.050,SPEAKER_00,小猪猫就是长
test,0017,zh,52.590,55.350,SPEAKER_00,长长蹄的就是这些了就是大树
test,0017,zh,56.190,56.550,SPEAKER_00,松树
test,0017,zh,59.410,59.830,SPEAKER_00,松鼠
test,0018,zh,0.660,0.960,SPEAKER_00,白菜
test,0018,zh,1.560,1.920,SPEAKER_00,萝卜
test,0018,zh,2.640,3.660,SPEAKER_00,大葱大蒜
test,0018,zh,4.800,5.280,SPEAKER_00,胡萝卜
test,0018,zh,5.880,5.940,,呃
test,0018,zh,7.800,7.860,,呃
test,0018,zh,8.940,10.080,SPEAKER_00,那个胡萝卜
test,0018,zh,10.920,12.780,SPEAKER_00,嗯怎么说呢呃洋葱
test,0018,zh,13.860,14.160,SPEAKER_00,辣椒
test,0018,zh,15.120,15.180,,嗯
test,0018,zh,17.700,17.760,,嗯
test,0018,zh,18.600,18.840,SPEAKER_00,芹菜
test,0018,zh,20.400,20.700,SPEAKER_00,土豆
test,0018,zh,22.200,22.260,,嗯
test,0018,zh,23.160,23.400,SPEAKER_00,爆菜
test,0018,zh,24.840,25.200,SPEAKER_00,菜花
test,0018,zh,26.340,27.360,SPEAKER_00,嗯紫甘蓝
test,0018,zh,28.560,29.040,SPEAKER_00,杏鲍菇
test,0018,zh,30.180,30.540,SPEAKER_00,蘑菇
test,0018,zh,31.800,32.100,SPEAKER_00,平菇
test,0018,zh,33.240,33.300,,嗯
test,0018,zh,34.140,34.500,SPEAKER_00,香菇
test,0018,zh,35.520,35.580,,嗯
test,0018,zh,37.620,37.920,SPEAKER_00,木耳
test,0018,zh,38.940,39.000,,嗯
test,0018,zh,41.280,41.340,,嗯
test,0018,zh,41.880,42.420,SPEAKER_00,是什么
test,0018,zh,47.240,47.600,SPEAKER_00,菠菜
test,0018,zh,48.620,48.680,,嗯
test,0018,zh,51.260,51.560,SPEAKER_00,黄瓜
test,0018,zh,53.120,53.420,SPEAKER_00,豆芽
test,0018,zh,54.080,54.560,SPEAKER_00,绿豆芽
test,0018,zh,56.540,56.840,SPEAKER_00,豆腐
test,0018,zh,59.060,59.360,SPEAKER_00,豆干
test,0020,zh,0.280,3.100,SPEAKER_00,嗯他哦他一桶盛着水先桶
test,0020,zh,3.700,4.180,SPEAKER_00,有问题
test,0020,zh,4.720,5.320,SPEAKER_00,看不清楚
test,0020,zh,5.980,7.780,SPEAKER_00,不懂这个他给他的
test,0020,zh,8.680,9.940,SPEAKER_00,他的姐妹吧
test,0020,zh,10.780,11.320,SPEAKER_00,拿饼干
test,0020,zh,11.980,12.040,,嗯
test,0020,zh,13.300,13.780,SPEAKER_00,这个是
test,0020,zh,14.860,16.000,SPEAKER_00,这我看不清楚
test,0020,zh,16.780,17.200,SPEAKER_00,看不懂
test,0020,zh,17.980,19.060,SPEAKER_00,这要他要洗
test,0020,zh,19.960,20.020,SPEAKER_00,洗
test,0020,zh,21.760,22.240,SPEAKER_00,洗这碗
test,0020,zh,22.900,23.140,SPEAKER_00,哎要
test,0020,zh,24.340,25.300,SPEAKER_00,这洗这玩儿
test,0020,zh,26.200,28.180,SPEAKER_00,这后头这个是我我不懂
test,0020,zh,28.960,29.020,,这
test,0020,zh,29.560,29.860,SPEAKER_00,看头
test,0020,zh,30.460,33.820,SPEAKER_00,是水池子有水嗯哦他拿的一个盘
test,0020,zh,34.600,35.560,SPEAKER_00,里头我不懂了
test,0020,zh,36.640,37.300,SPEAKER_00,厨房嗯
test,0020,zh,38.020,38.080,,嗯
test,0020,zh,39.340,40.660,SPEAKER_00,外这有一个人
test,0020,zh,41.620,43.000,SPEAKER_00,是不是还有窗帘
test,0020,zh,44.260,44.500,SPEAKER_00,还有
test,0020,zh,45.220,45.400,SPEAKER_00,还有
test,0020,zh,46.720,47.620,SPEAKER_00,盘啊什么的
test,0020,zh,48.220,52.060,SPEAKER_00,没有别的了里头还有一个人这个小男孩给他找
test,0020,zh,53.140,54.700,SPEAKER_00,踩的凳子拿饼干
test,0020,zh,55.540,55.780,SPEAKER_00,没了
test,0020,zh,56.440,56.680,SPEAKER_00,柜子
test,0020,zh,57.400,59.740,SPEAKER_00,没有了这不是说了吗水池子
test,0021,zh,0.510,0.570,SPEAKER_00,毛
test,0021,zh,1.290,1.350,,嗯
test,0021,zh,2.130,2.430,SPEAKER_00,骆驼
test,0021,zh,3.210,4.170,SPEAKER_00,山羊狮子
test,0021,zh,5.250,5.310,SPEAKER_00,牛
test,0021,zh,6.090,6.150,SPEAKER_00,羊
test,0021,zh,7.290,7.350,,嗯
test,0021,zh,8.310,8.370,SPEAKER_00,马
test,0021,zh,10.230,10.530,SPEAKER_00,公鸡
test,0021,zh,12.810,12.870,,嗯
test,0021,zh,14.190,15.150,SPEAKER_00,猴子兔子
test,0021,zh,17.500,17.740,SPEAKER_00,野鸭
test,0021,zh,19.660,19.960,SPEAKER_00,孔雀
test,0021,zh,21.400,21.460,SPEAKER_00,天
test,0021,zh,22.000,22.300,SPEAKER_00,仙鹤
test,0021,zh,23.560,23.620,,嗯
test,0021,zh,25.660,25.900,SPEAKER_00,还有
test,0021,zh,28.620,28.800,SPEAKER_00,老鼠
test,0021,zh,34.320,36.540,SPEAKER_00,还有孔雀哎孔雀说过了吧
test,0021,zh,36.540,36.600,,嗯
test,0021,zh,40.720,40.960,SPEAKER_00,鹦鹉
test,0021,zh,43.720,44.020,SPEAKER_00,面子
test,0021,zh,46.320,46.800,SPEAKER_00,拿去了
test,0021,zh,49.370,49.430,SPEAKER_00,从
test,0021,zh,52.010,52.190,SPEAKER_00,还有
test,0021,zh,56.100,56.400,SPEAKER_00,蚊子
test,0021,zh,57.000,57.240,SPEAKER_00,银子
test,0021,zh,59.360,59.780,SPEAKER_00,煤气灶
test,0022,zh,0.590,2.630,SPEAKER_00,男孩子呢把这个
test,0022,zh,2.630,2.690,,嗯
test,0022,zh,3.530,3.770,SPEAKER_00,图片
test,0022,zh,4.310,4.910,SPEAKER_00,呃这个
test,0022,zh,5.870,6.950,SPEAKER_00,橱里面的饼干
test,0022,zh,8.330,11.210,SPEAKER_00,就是打开了以后看看见有这个瓶
test,0022,zh,11.750,16.070,SPEAKER_00,饼干那么小女孩子呢很想吃那么男孩子呢就
test,0022,zh,16.850,17.330,SPEAKER_00,用个凳
test,0022,zh,17.930,19.010,SPEAKER_00,站在凳子上面
test,0022,zh,19.550,22.190,SPEAKER_00,把他去拿但是男孩子呢又很
test,0022,zh,23.150,24.050,SPEAKER_00,慌慌张张的
test,0022,zh,24.590,25.310,SPEAKER_00,没有脚
test,0022,zh,25.970,29.990,SPEAKER_00,站稳这个凳子上去拿了所以凳子很危险都
test,0022,zh,30.590,31.130,SPEAKER_00,都已经
test,0022,zh,32.870,35.630,SPEAKER_00,歪倒了那人就是容易跌倒了啊
test,0022,zh,36.590,36.830,SPEAKER_00,那么
test,0022,zh,37.790,38.870,SPEAKER_00,那个女孩子呢就
test,0022,zh,39.410,47.330,SPEAKER_00,要问他拿这个饼干吃小孩子男孩子把他拿饼干子的是但是他人已经很危险了摔倒了那么
test,0022,zh,47.870,48.350,SPEAKER_00,这里呢
test,0022,zh,49.190,53.150,SPEAKER_00,他的妈妈吧还是姐姐了哈在这个厨房里边呢
test,0022,zh,53.810,54.110,SPEAKER_00,就是
test,0022,zh,55.250,59.690,SPEAKER_00,洗这个盘子又没有注意呢把这个龙头水关紧
test,0023,zh,0.980,1.460,SPEAKER_00,啊
test,0023,zh,1.460,1.520,,嗯
test,0023,zh,2.120,2.540,SPEAKER_00,螺丝刀
test,0023,zh,3.440,3.740,SPEAKER_00,扳手
test,0023,zh,4.880,5.240,SPEAKER_00,锤子
test,0023,zh,6.260,6.680,SPEAKER_00,嘴子
test,0023,zh,7.700,7.760,,嗯
test,0023,zh,8.900,9.260,SPEAKER_00,卷尺
test,0023,zh,10.580,10.880,SPEAKER_00,这个
test,0023,zh,12.020,12.380,SPEAKER_00,聂子
test,0023,zh,13.460,13.520,,呃
test,0023,zh,14.780,15.080,SPEAKER_00,条索
test,0023,zh,16.100,16.400,SPEAKER_00,拖把
test,0023,zh,17.540,18.020,SPEAKER_00,自行车
test,0023,zh,18.920,19.340,SPEAKER_00,电动车
test,0023,zh,20.000,20.420,SPEAKER_00,汽车
test,0023,zh,21.320,21.680,SPEAKER_00,火车
test,0023,zh,22.400,22.460,,呃
test,0023,zh,23.360,23.600,SPEAKER_00,锄头
test,0023,zh,24.380,24.440,,呃
test,0023,zh,25.280,26.060,SPEAKER_00,篱篱笆
test,0023,zh,27.260,28.520,SPEAKER_00,呃篱笆
test,0023,zh,28.520,28.580,,呃
test,0023,zh,29.180,29.540,SPEAKER_00,铁先
test,0023,zh,30.620,30.680,,嗯
test,0023,zh,32.420,32.720,SPEAKER_00,叉子
test,0023,zh,33.740,34.160,SPEAKER_00,锥子
test,0023,zh,34.880,34.940,,呃
test,0023,zh,36.680,37.040,SPEAKER_00,盘子
test,0023,zh,37.760,37.820,,呃
test,0023,zh,40.530,40.830,SPEAKER_00,盘子
test,0023,zh,42.390,42.990,SPEAKER_00,还有这个
test,0023,zh,44.130,44.430,SPEAKER_00,眼镜
test,0023,zh,47.570,48.110,SPEAKER_00,我们这个
test,0023,zh,50.490,50.850,SPEAKER_00,还有什么
test,0023,zh,51.750,51.810,,嗯
test,0023,zh,52.590,52.650,SPEAKER_00,嗯
test,0023,zh,53.910,54.210,SPEAKER_00,小刀
test,0023,zh,55.530,55.590,,嗯
test,0023,zh,56.490,56.970,SPEAKER_00,美工刀
test,0023,zh,57.630,57.690,,啊
test,0023,zh,59.010,59.070,SPEAKER_00,机
test,0024,zh,0.150,0.210,SPEAKER_00,想
test,0024,zh,4.970,5.330,SPEAKER_00,衣服架
test,0024,zh,9.220,9.520,SPEAKER_00,协会
test,0024,zh,16.680,16.920,SPEAKER_00,青椒
test,0024,zh,17.700,18.000,SPEAKER_00,黄瓜
test,0024,zh,19.200,19.680,SPEAKER_00,西红柿
test,0024,zh,20.460,20.760,SPEAKER_00,萝卜
test,0024,zh,21.900,22.260,SPEAKER_00,菜花
test,0024,zh,23.220,23.820,SPEAKER_00,小韭菜
test,0024,zh,24.840,25.140,SPEAKER_00,白菜
test,0024,zh,27.300,27.600,SPEAKER_00,芹菜
test,0024,zh,29.160,29.460,SPEAKER_00,花菜
test,0024,zh,32.390,32.450,SPEAKER_00,葱
test,0024,zh,34.130,34.190,SPEAKER_00,姜
test,0024,zh,35.450,35.510,SPEAKER_00,蒜
test,0024,zh,39.530,39.830,SPEAKER_00,南瓜
test,0024,zh,41.690,41.990,SPEAKER_00,冬瓜
test,0024,zh,45.850,46.150,SPEAKER_00,土豆
test,0024,zh,51.420,51.720,SPEAKER_00,洋葱
test,0025,zh,0.330,1.710,SPEAKER_00,挂的什么东西他
test,0025,zh,1.710,2.009,,们
test,0025,zh,2.009,4.170,SPEAKER_00,无所谓是挂那个什么个
test,0025,zh,5.310,6.330,SPEAKER_00,东西古道
test,0025,zh,7.530,11.310,SPEAKER_00,什么东不清楚什么意思是不是年华不是吧
test,0025,zh,11.910,14.370,SPEAKER_00,这个字太小了是个三个
test,0025,zh,15.030,15.270,SPEAKER_00,女孩
test,0025,zh,16.110,16.170,,啊
test,0025,zh,17.070,21.870,SPEAKER_00,他们在干什么我怎么知道他们干什么嗯又要掉下来了
test,0025,zh,21.870,21.930,,嗯
test,0025,zh,23.070,24.570,SPEAKER_00,撞死他们的房子又
test,0025,zh,25.110,25.590,SPEAKER_00,壁柜哎
test,0025,zh,26.490,26.550,,嗯
test,0025,zh,27.510,29.130,SPEAKER_00,像面讲我家里一样
test,0025,zh,29.130,29.190,,嗯
test,0025,zh,29.790,32.670,SPEAKER_00,那个十啊这个做菜做菜卖哎
test,0025,zh,33.270,34.710,SPEAKER_00,厨房里边是这样
test,0025,zh,34.710,34.770,,嗯
test,0025,zh,37.190,39.890,SPEAKER_00,开说啊不是开学不能这样讲啊
test,0025,zh,42.490,42.910,SPEAKER_00,水浒
test,0025,zh,43.750,44.110,SPEAKER_00,水平
test,0025,zh,48.770,49.190,SPEAKER_00,水平
test,0025,zh,50.930,53.810,SPEAKER_00,水行了没不说了不先说了这里是
test,0025,zh,54.710,55.670,SPEAKER_00,什么主持
test,0025,zh,55.670,55.730,,嗯
test,0025,zh,57.110,57.890,SPEAKER_00,就可以
test,0025,zh,58.550,58.790,SPEAKER_00,喝水
test,0025,zh,59.390,59.750,SPEAKER_00,然后可
test,0027,zh,0.270,2.130,SPEAKER_00,苹果啊什么你都是说
test,0027,zh,4.630,4.930,SPEAKER_00,香蕉
test,0027,zh,7.260,9.420,SPEAKER_00,因有什么嗯现在是一种压力
test,0027,zh,12.330,12.690,SPEAKER_00,松鼠
test,0027,zh,13.290,14.370,SPEAKER_00,七十七十八
test,0027,zh,14.970,15.750,SPEAKER_00,就是那个
test,0027,zh,16.470,20.430,SPEAKER_00,给给我看了呃七个月的药嘛就那是现在呃
test,0027,zh,21.210,33.810,SPEAKER_00,五个月差不多了我就是不是最后那次啊照那个ct吗还没看结果呢就是就挂的那个长大的号看看那个ct的结我感觉是不如以前
test,0027,zh,34.590,40.830,SPEAKER_00,来药的时候就是旺性比原原来更频繁了嗯就更频嗯就
test,0027,zh,41.370,44.429,SPEAKER_00,更多了吧记忆力就更更不好了
test,0027,zh,44.970,51.390,SPEAKER_00,吃药也将近一个月的时候吧反正一个月左右就就就明显了嗯就一直
test,0027,zh,51.990,57.210,SPEAKER_00,反正我要等他有时间带我来啊什么的拖拖的就就下天热啊就哎
test,0027,zh,57.750,59.430,SPEAKER_00,不是清略的时候就没顾得上来
test,0028,zh,0.150,0.390,SPEAKER_00,飞机
test,0028,zh,2.130,2.370,SPEAKER_00,轮船
test,0028,zh,3.150,3.630,SPEAKER_00,大轮船
test,0028,zh,4.710,4.770,SPEAKER_00,嗯
test,0028,zh,5.730,6.030,SPEAKER_00,钳子
test,0028,zh,6.630,6.870,SPEAKER_00,扳子
test,0028,zh,7.530,8.010,SPEAKER_00,螺丝刀
test,0028,zh,8.670,8.730,,嗯
test,0028,zh,9.930,10.230,SPEAKER_00,刀子
test,0028,zh,11.130,11.550,SPEAKER_00,叉子
test,0028,zh,12.090,12.150,,嗯
test,0028,zh,14.010,14.070,SPEAKER_00,锅
test,0028,zh,14.970,15.030,SPEAKER_00,碗
test,0028,zh,16.230,16.290,SPEAKER_00,瓢
test,0028,zh,16.950,17.010,,盆
test,0028,zh,17.850,17.910,,嗯
test,0028,zh,19.830,20.010,SPEAKER_00,炉子
test,0028,zh,20.730,20.790,,嗯
test,0028,zh,21.570,21.990,SPEAKER_00,微波炉
test,0028,zh,22.650,22.710,,嗯
test,0028,zh,23.550,24.090,SPEAKER_00,电饭煲
test,0028,zh,24.870,24.930,,嗯
test,0028,zh,27.690,27.750,,嗯
test,0028,zh,28.650,28.890,SPEAKER_00,锄头
test,0028,zh,30.030,30.330,SPEAKER_00,镰刀
test,0028,zh,31.470,31.950,SPEAKER_00,收割机
test,0028,zh,32.850,32.910,,嗯
test,0028,zh,34.770,35.250,SPEAKER_00,播种机
test,0028,zh,36.210,36.690,SPEAKER_00,脱粒机
test,0028,zh,37.470,37.530,,嗯
test,0028,zh,38.370,38.610,SPEAKER_00,马达
test,0028,zh,39.450,39.510,,嗯
test,0028,zh,40.170,40.650,SPEAKER_00,电焊机
test,0028,zh,41.370,41.430,,嗯
test,0028,zh,42.810,43.050,SPEAKER_00,车床
test,0028,zh,44.250,44.550,SPEAKER_00,刨床
test,0028,zh,45.390,45.450,,嗯
test,0028,zh,46.890,47.190,SPEAKER_00,铣床
test,0028,zh,47.910,47.970,,嗯
test,0028,zh,51.130,51.190,,嗯
test,0028,zh,54.300,54.360,,嗯
test,0028,zh,56.220,56.520,SPEAKER_00,汤瓷
test,0029,zh,0.090,0.390,SPEAKER_00,就
test,0029,zh,0.390,0.450,,嗯
test,0029,zh,1.530,2.970,SPEAKER_00,特别特别的爱钻研
test,0029,zh,3.690,4.050,SPEAKER_00,然后
test,0029,zh,4.830,9.510,SPEAKER_00,我还愿打扫卫生嗯我还愿唱歌嗯我那个我还愿
test,0029,zh,10.050,13.110,SPEAKER_00,也愿意出去锻炼走一走我觉得我现在的
test,0029,zh,13.710,16.710,SPEAKER_00,生活特别幸福动物的名字有
test,0029,zh,17.310,17.850,SPEAKER_00,猫狗
test,0029,zh,18.870,18.930,SPEAKER_00,兔
test,0029,zh,19.710,19.770,,嗯
test,0029,zh,21.690,21.750,SPEAKER_00,鸡
test,0029,zh,22.530,22.590,SPEAKER_00,鸭
test,0029,zh,23.430,23.490,SPEAKER_00,鹅
test,0029,zh,24.030,24.090,SPEAKER_00,狗
test,0029,zh,24.870,24.930,,呃
test,0029,zh,27.090,27.150,SPEAKER_00,胡
test,0029,zh,28.890,28.950,SPEAKER_00,狼
test,0029,zh,29.970,30.270,SPEAKER_00,狮子
test,0029,zh,31.230,31.290,,呃
test,0029,zh,32.729,33.030,SPEAKER_00,猴子
test,0029,zh,33.930,34.170,SPEAKER_00,猩猩
test,0029,zh,34.890,34.950,,嗯
test,0029,zh,36.270,36.510,SPEAKER_00,大象
test,0029,zh,37.290,37.950,SPEAKER_00,那个兔子
test,0029,zh,38.490,38.550,,嗯
test,0029,zh,39.210,39.990,SPEAKER_00,猫说了吗
test,0029,zh,40.530,40.590,SPEAKER_00,猫
test,0029,zh,41.370,41.670,SPEAKER_00,熊猫
test,0029,zh,42.510,42.570,,嗯
test,0029,zh,43.230,44.010,SPEAKER_00,树菜的名字
test,0029,zh,44.730,44.970,SPEAKER_00,黄瓜
test,0029,zh,45.570,45.990,SPEAKER_00,西红柿
test,0029,zh,46.530,46.590,,嗯
test,0029,zh,47.250,47.550,SPEAKER_00,豆角
test,0029,zh,48.330,48.390,,嗯
test,0029,zh,50.370,50.670,SPEAKER_00,青笋
test,0029,zh,51.630,51.990,SPEAKER_00,菜花
test,0029,zh,53.370,53.610,SPEAKER_00,青椒
test,0029,zh,54.510,54.810,SPEAKER_00,尖椒
test,0029,zh,55.590,56.070,SPEAKER_00,胡萝卜
test,0029,zh,56.790,57.330,SPEAKER_00,青萝卜
test,0029,zh,58.050,58.590,SPEAKER_00,白萝卜
test,0029,zh,59.250,59.550,SPEAKER_00,大葱
test,0030,zh,1.130,1.490,SPEAKER_00,骆驼
test,0030,zh,2.030,2.270,SPEAKER_00,老虎
test,0030,zh,3.050,3.530,SPEAKER_00,狮子
test,0030,zh,6.010,6.070,,嗯
test,0030,zh,7.510,8.050,SPEAKER_00,还有什么
test,0030,zh,8.890,9.370,SPEAKER_00,企鹅
test,0030,zh,11.410,11.830,SPEAKER_00,猎狗
test,0030,zh,13.630,13.990,SPEAKER_00,熊猫
test,0030,zh,16.800,16.860,,嗯
test,0030,zh,18.900,19.740,SPEAKER_00,我想起来了
test,0030,zh,20.760,21.540,SPEAKER_00,想起来了
test,0030,zh,23.940,24.360,SPEAKER_00,猴子
test,0030,zh,25.860,26.160,SPEAKER_00,驼鸟
test,0030,zh,27.780,28.260,SPEAKER_00,长颈鹿
test,0030,zh,30.000,30.240,SPEAKER_00,犀牛
test,0030,zh,31.920,32.220,SPEAKER_00,斑马
test,0030,zh,35.240,36.020,SPEAKER_00,天鹅鹅
test,0030,zh,39.760,40.600,SPEAKER_00,我想起来了
test,0030,zh,42.040,45.100,SPEAKER_00,七家可狗那都算那好狗是
test,0030,zh,46.300,47.500,SPEAKER_00,藏在沙发下
test,0030,zh,48.280,49.480,SPEAKER_00,吃吃动物就行啊嗯
test,0030,zh,50.860,51.160,SPEAKER_00,骆驼
test,0030,zh,51.700,51.940,SPEAKER_00,老虎
test,0030,zh,52.780,53.200,SPEAKER_00,狮子
test,0030,zh,55.730,55.790,,嗯
test,0030,zh,57.230,57.709,SPEAKER_00,还有什么
test,0030,zh,58.610,59.030,SPEAKER_00,企鹅
test,0031,zh,1.290,1.530,SPEAKER_00,大象
test,0031,zh,2.670,3.030,SPEAKER_00,狮子
test,0031,zh,3.870,4.110,SPEAKER_00,老虎
test,0031,zh,5.310,5.550,SPEAKER_00,野狼
test,0031,zh,7.830,7.890,SPEAKER_00,鸡
test,0031,zh,9.269,9.330,SPEAKER_00,鸭
test,0031,zh,10.230,10.290,SPEAKER_00,鹅
test,0031,zh,13.280,13.340,SPEAKER_00,猪
test,0031,zh,14.899,14.960,SPEAKER_00,狗
test,0031,zh,16.040,16.100,SPEAKER_00,猫
test,0031,zh,18.940,19.840,SPEAKER_00,嗯长颈鹿
test,0031,zh,23.070,23.370,SPEAKER_00,你鱼
test,0031,zh,27.580,27.880,SPEAKER_00,乌龟
test,0031,zh,30.220,30.280,SPEAKER_00,床
test,0031,zh,31.360,31.780,SPEAKER_00,床头柜
test,0031,zh,32.920,33.400,SPEAKER_00,大衣柜
test,0031,zh,34.360,34.960,SPEAKER_00,写字台
test,0031,zh,37.480,37.720,SPEAKER_00,椅子
test,0031,zh,38.920,39.340,SPEAKER_00,凳子
test,0031,zh,42.680,43.220,SPEAKER_00,写字台
test,0031,zh,46.510,47.110,SPEAKER_00,电视柜儿
test,0031,zh,47.770,48.130,SPEAKER_00,茶几
test,0031,zh,50.580,51.060,SPEAKER_00,残住了
test,0031,zh,54.670,54.970,SPEAKER_00,晚出
test,0031,zh,59.630,59.690,SPEAKER_00,编
test,0032,zh,0.720,1.140,SPEAKER_00,狗毛
test,0032,zh,2.520,2.760,SPEAKER_00,老鼠
test,0032,zh,3.720,3.780,SPEAKER_00,嗯
test,0032,zh,4.380,4.440,SPEAKER_00,牛
test,0032,zh,5.100,5.160,SPEAKER_00,羊
test,0032,zh,5.820,5.880,SPEAKER_00,马
test,0032,zh,6.660,7.020,SPEAKER_00,骆驼
test,0032,zh,7.800,8.280,SPEAKER_00,虎狮
test,0032,zh,9.300,9.360,SPEAKER_00,龙
test,0032,zh,10.080,10.140,,嗯
test,0032,zh,10.980,11.220,SPEAKER_00,猴子
test,0032,zh,11.940,12.000,,嗯
test,0032,zh,12.900,13.200,SPEAKER_00,麻雀
test,0032,zh,14.160,14.400,SPEAKER_00,喜鹊
test,0032,zh,15.360,15.660,SPEAKER_00,凤凰
test,0032,zh,16.260,16.320,,嗯
test,0032,zh,19.260,19.500,SPEAKER_00,那个
test,0032,zh,20.100,20.340,SPEAKER_00,绣眼
test,0032,zh,21.240,21.300,,嗯
test,0032,zh,22.440,22.920,SPEAKER_00,芙蓉鸟
test,0032,zh,23.820,23.880,,嗯
test,0032,zh,25.800,26.100,SPEAKER_00,还有
test,0032,zh,27.840,28.080,SPEAKER_00,那个
test,0032,zh,28.800,29.160,SPEAKER_00,狮子
test,0032,zh,29.880,30.120,SPEAKER_00,大象
test,0032,zh,31.560,31.800,SPEAKER_00,犀牛
test,0032,zh,32.520,32.580,,嗯
test,0032,zh,33.840,34.500,SPEAKER_00,还猴子
test,0032,zh,35.160,35.220,SPEAKER_00,嗯
test,0032,zh,36.000,36.300,SPEAKER_00,还有
test,0032,zh,37.320,37.380,,嗯
test,0032,zh,38.760,39.480,SPEAKER_00,还有牛
test,0032,zh,40.800,40.860,SPEAKER_00,羊
test,0032,zh,41.640,41.700,,嗯
test,0032,zh,43.020,43.320,SPEAKER_00,还有
test,0032,zh,43.980,44.040,,嗯
test,0032,zh,46.020,46.260,SPEAKER_00,还有
test,0032,zh,47.520,47.820,SPEAKER_00,骆驼
test,0032,zh,48.720,49.020,SPEAKER_00,还有
test,0032,zh,49.920,49.980,,嗯
test,0032,zh,51.840,52.080,SPEAKER_00,蝴蝶
test,0032,zh,53.040,53.400,SPEAKER_00,蜜蜂
test,0032,zh,55.740,56.100,SPEAKER_00,还有
test,0032,zh,57.000,57.060,,嗯
test,0032,zh,58.680,58.920,SPEAKER_00,还有
test,0033,zh,0.090,13.050,SPEAKER_00,最近还可以每天在家还挺忙的啊给女儿带孩子呃管家里的呃一那个生活方面的事情给他们做饭打扫卫生什么的呃孩子送孩子去幼儿园嗯
test,0033,zh,13.590,14.790,SPEAKER_00,空间有有事
test,0033,zh,15.390,17.130,SPEAKER_00,有空我就出去溜达溜达
test,0033,zh,17.730,24.150,SPEAKER_00,散散步出去呃玩一玩我生活的挺充挺充实我觉得心情挺好啊呃
test,0033,zh,24.690,25.710,SPEAKER_00,我特别高兴
test,0033,zh,26.250,26.310,,呃
test,0033,zh,26.910,29.910,SPEAKER_00,还特别知道那个我感觉特别满足
test,0033,zh,30.570,32.369,SPEAKER_00,呃两个孩子都特别省心
test,0033,zh,33.330,34.170,SPEAKER_00,他们成家了
test,0033,zh,34.710,44.730,SPEAKER_00,他们那个上班呃孩子这方面有点困有些困难我就帮他们带带孩子吧做一些力所能及的我觉得为孩子能
test,0033,zh,45.330,47.310,SPEAKER_00,发挥点余热我挺高兴的
test,0033,zh,47.310,47.370,,嗯
test,0033,zh,47.910,49.350,SPEAKER_00,特别喜欢做的事情
test,0033,zh,50.070,50.550,SPEAKER_00,我这个人
test,0033,zh,51.270,54.690,SPEAKER_00,就说我想做什么事情我都挺感都挺感兴趣的
test,0033,zh,55.230,55.950,SPEAKER_00,比如说
test,0033,zh,55.950,56.010,,呃
test,0033,zh,56.610,59.850,SPEAKER_00,我想调伙食吧想做饭吧我想做这样我
test,0037,zh,0.090,2.370,SPEAKER_00,多一个比苹果听不见哦
test,0037,zh,3.090,3.870,SPEAKER_00,那相同
test,0037,zh,4.470,4.890,SPEAKER_00,没问题
test,0037,zh,5.430,7.230,SPEAKER_00,他擦桌子没问题
test,0037,zh,7.950,8.010,,嗯
test,0037,zh,8.910,8.970,SPEAKER_00,他
test,0037,zh,9.510,14.790,SPEAKER_00,啊他说狗是白色的哦和兔子的那个狗是白色的
test,0037,zh,16.050,16.290,SPEAKER_00,相同
test,0037,zh,16.950,17.310,SPEAKER_00,没问题
test,0037,zh,17.970,20.070,SPEAKER_00,给他一束花给奶奶嗯
test,0037,zh,20.610,22.350,SPEAKER_00,嗯送一束花奶奶
test,0037,zh,22.950,23.250,SPEAKER_00,相同
test,0037,zh,23.790,24.750,SPEAKER_00,看不出来
test,0037,zh,24.750,24.810,,嗯
test,0037,zh,25.770,26.850,SPEAKER_00,他吃光了晚饭
test,0037,zh,27.570,28.710,SPEAKER_00,他吃光了晚饭
test,0037,zh,29.250,30.330,SPEAKER_00,他吃光了什么
test,0037,zh,30.990,31.290,SPEAKER_00,麻烦
test,0037,zh,31.950,32.670,SPEAKER_00,什么把字
test,0037,zh,33.510,36.030,SPEAKER_00,不懂行了相同有他把
test,0037,zh,36.810,37.770,SPEAKER_00,老师一本书
test,0037,zh,38.430,44.430,SPEAKER_00,他把给老师一本书嗯他把给老师一本书相同有有点问题
test,0037,zh,45.030,45.090,SPEAKER_00,喂
test,0037,zh,46.290,46.950,SPEAKER_00,妈妈的
test,0037,zh,48.270,48.570,SPEAKER_00,孩子
test,0037,zh,49.290,50.850,SPEAKER_00,是敞口大的
test,0037,zh,50.850,50.910,,啊
test,0037,zh,51.810,56.010,SPEAKER_00,喂妈妈的孩子敞口大吧是什么哦长头发
test,0037,zh,57.510,59.610,SPEAKER_00,也相同倒是也没什么意思
test,0038,zh,4.760,5.540,SPEAKER_00,河水算吗
test,0038,zh,8.700,8.760,,谁
test,0038,zh,12.970,13.990,SPEAKER_00,水瓶说了啊
test,0038,zh,16.210,16.270,,嗯
test,0038,zh,19.280,19.640,SPEAKER_00,水枪
test,0038,zh,22.800,22.860,,嗯
test,0038,zh,24.950,25.190,SPEAKER_00,这个
test,0038,zh,26.450,26.750,SPEAKER_00,他是
test,0038,zh,27.770,29.270,SPEAKER_00,这个那什么这个
test,0038,zh,29.810,37.910,SPEAKER_00,蹬着这个蹬着这个这是这是梯梯子是不是梯子这叫什么这叫小凳有一凳子吧就是凳子
test,0038,zh,37.910,37.970,,他
test,0038,zh,39.050,41.810,SPEAKER_00,上去拿东西拿东西的话呢等于是
test,0038,zh,42.590,43.190,SPEAKER_00,没弄好
test,0038,zh,43.910,44.210,SPEAKER_00,这个
test,0038,zh,44.810,46.670,SPEAKER_00,几乎就给他摔下去了这个
test,0038,zh,47.330,48.950,SPEAKER_00,这边的话呢这个水
test,0038,zh,49.970,50.030,SPEAKER_00,都
test,0038,zh,51.410,53.450,SPEAKER_00,流出来了这个女士的话呢
test,0038,zh,54.290,55.010,SPEAKER_00,拿着一个
test,0038,zh,55.790,56.270,SPEAKER_00,拿一个
test,0038,zh,56.810,57.350,SPEAKER_00,拿着一个
test,0038,zh,58.010,58.550,SPEAKER_00,毛巾吧
test,0038,zh,59.270,59.750,SPEAKER_00,还有一个
test,0039,zh,0.150,0.210,SPEAKER_00,车
test,0039,zh,1.290,1.530,SPEAKER_00,轮船
test,0039,zh,3.030,3.390,SPEAKER_00,飞机
test,0039,zh,4.830,5.130,SPEAKER_00,火车
test,0039,zh,6.630,6.690,,呃
test,0039,zh,8.610,9.330,SPEAKER_00,运载火箭
test,0039,zh,10.530,10.590,,哎
test,0039,zh,11.310,11.970,SPEAKER_00,运载火箭
test,0039,zh,13.050,13.290,SPEAKER_00,这个
test,0039,zh,14.310,14.370,SPEAKER_00,对
test,0039,zh,14.910,17.070,SPEAKER_00,大炮云发射炮弹也是工具
test,0039,zh,18.270,18.870,SPEAKER_00,运载火箭
test,0039,zh,19.650,19.710,,嗯
test,0039,zh,20.850,20.910,SPEAKER_00,力
test,0039,zh,22.530,22.590,SPEAKER_00,把
test,0039,zh,24.090,24.150,,嗯
test,0039,zh,26.670,26.730,SPEAKER_00,敲
test,0039,zh,28.230,28.290,,嗯
test,0039,zh,30.630,30.930,SPEAKER_00,拼车
test,0039,zh,32.549,33.090,SPEAKER_00,手推车
test,0039,zh,34.590,34.650,,嗯
test,0039,zh,36.750,37.290,SPEAKER_00,手推车
test,0039,zh,40.360,41.620,SPEAKER_00,嗯嗯嗯嗯
test,0039,zh,42.940,44.260,SPEAKER_00,有一写字的笔
test,0039,zh,46.540,48.640,SPEAKER_00,有一写字的笔钢笔毛笔
test,0039,zh,49.240,49.480,SPEAKER_00,铅笔
test,0040,zh,3.000,3.060,SPEAKER_00,床
test,0040,zh,3.960,4.500,SPEAKER_00,床头柜
test,0040,zh,5.460,6.000,SPEAKER_00,大衣柜
test,0040,zh,7.140,7.500,SPEAKER_00,书柜
test,0040,zh,8.760,8.820,,嗯
test,0040,zh,9.840,10.140,SPEAKER_00,餐桌
test,0040,zh,11.340,11.640,SPEAKER_00,椅子
test,0040,zh,13.080,13.500,SPEAKER_00,凳子
test,0040,zh,14.760,14.820,,嗯
test,0040,zh,18.390,18.690,SPEAKER_00,方桌
test,0040,zh,19.710,19.770,,嗯
test,0040,zh,20.850,21.150,SPEAKER_00,这个
test,0040,zh,23.740,24.220,SPEAKER_00,穿衣静
test,0040,zh,24.880,24.940,SPEAKER_00,嗯
test,0040,zh,28.980,29.040,SPEAKER_00,嗯
test,0040,zh,29.580,30.000,SPEAKER_00,菜厨
test,0040,zh,31.920,32.280,SPEAKER_00,蔬厨
test,0040,zh,33.480,33.540,,嗯
test,0040,zh,36.950,38.210,SPEAKER_00,这家还有什么
test,0040,zh,39.530,39.590,SPEAKER_00,嗯
test,0040,zh,40.250,43.070,SPEAKER_00,这叫这个怎么说洗洗那个什么
test,0040,zh,44.150,44.570,SPEAKER_00,洗脸盆
test,0040,zh,47.330,47.390,,行
test,0040,zh,49.190,49.250,,嗯
test,0040,zh,52.080,52.860,SPEAKER_00,都说话了
test,0040,zh,53.880,54.300,SPEAKER_00,办公桌
test,0040,zh,55.500,55.980,SPEAKER_00,办公椅
test,0040,zh,57.540,57.600,,嗯
test,0040,zh,59.400,59.640,SPEAKER_00,火车
test,0041,zh,0.150,0.450,SPEAKER_00,桌椅
test,0041,zh,1.350,1.410,SPEAKER_00,呃
test,0041,zh,2.910,3.210,SPEAKER_00,电脑
test,0041,zh,4.050,4.110,SPEAKER_00,呃
test,0041,zh,5.430,5.730,SPEAKER_00,柜子
test,0041,zh,6.630,6.690,,呃
test,0041,zh,7.530,7.590,SPEAKER_00,像
test,0041,zh,8.430,8.670,SPEAKER_00,锄头
test,0041,zh,9.990,10.050,SPEAKER_00,呃
test,0041,zh,10.950,12.330,SPEAKER_00,梨子就是梨那个
test,0041,zh,13.050,13.110,,嗯
test,0041,zh,15.450,15.750,SPEAKER_00,汽车
test,0041,zh,16.590,17.970,SPEAKER_00,自行车都是工具
test,0041,zh,18.690,18.990,SPEAKER_00,还有
test,0041,zh,19.950,21.210,SPEAKER_00,我们经常用的那些
test,0041,zh,21.930,24.630,SPEAKER_00,锅碗瓢说都是家里边用的嘛这些东西
test,0041,zh,25.230,25.530,SPEAKER_00,还有
test,0041,zh,27.090,28.050,SPEAKER_00,想不起来一说
test,0041,zh,28.830,29.070,SPEAKER_00,书包
test,0041,zh,30.150,30.390,SPEAKER_00,书架
test,0041,zh,31.290,31.350,,嗯
test,0041,zh,34.050,34.350,SPEAKER_00,背包
test,0041,zh,39.810,40.050,SPEAKER_00,雨伞
test,0041,zh,41.070,41.370,SPEAKER_00,雨衣
test,0041,zh,42.270,43.110,SPEAKER_00,都是一种工具
test,0041,zh,44.190,44.430,SPEAKER_00,还有
test,0041,zh,45.030,46.110,SPEAKER_00,我们常用的
test,0041,zh,47.490,47.550,,笔
test,0041,zh,49.470,49.950,SPEAKER_00,作业本
test,0041,zh,52.970,53.930,SPEAKER_00,学习工具这是
test,0041,zh,56.030,56.930,SPEAKER_00,还有电脑键盘
test,0041,zh,57.590,59.270,SPEAKER_00,电脑我说了吗还有电脑
test,0042,zh,1.410,1.890,SPEAKER_00,电磁炉
test,0042,zh,3.270,3.330,,嗯
test,0042,zh,3.990,4.410,SPEAKER_00,微波炉
test,0042,zh,5.730,6.150,SPEAKER_00,豆浆机
test,0042,zh,7.350,7.650,SPEAKER_00,还有
test,0042,zh,8.850,9.270,SPEAKER_00,绞肉机
test,0042,zh,10.230,10.710,SPEAKER_00,面条机
test,0042,zh,12.510,12.690,SPEAKER_00,冰箱
test,0042,zh,13.890,14.190,SPEAKER_00,彩电
test,0042,zh,16.050,16.470,SPEAKER_00,微
test,0042,zh,16.470,16.530,,嗯
test,0042,zh,17.070,17.490,SPEAKER_00,vcd
test,0042,zh,18.150,18.930,SPEAKER_00,dvd那样
test,0042,zh,19.530,20.130,SPEAKER_00,嗯还有
test,0042,zh,21.510,22.050,SPEAKER_00,打印机
test,0042,zh,22.710,23.010,SPEAKER_00,电脑
test,0042,zh,24.870,24.930,,嗯
test,0042,zh,26.310,26.730,SPEAKER_00,订书机
test,0042,zh,29.490,29.670,SPEAKER_00,还有
test,0042,zh,30.510,34.230,SPEAKER_00,还有交通工具算吧算算汽车火车
test,0042,zh,35.310,35.550,SPEAKER_00,轮船
test,0042,zh,36.690,36.990,SPEAKER_00,飞机
test,0042,zh,38.010,38.070,,嗯
test,0042,zh,38.850,39.270,SPEAKER_00,自行车
test,0042,zh,40.230,40.710,SPEAKER_00,电动车
test,0042,zh,42.630,43.350,SPEAKER_00,还有动车
test,0042,zh,45.520,45.760,SPEAKER_00,还有
test,0042,zh,48.540,48.780,SPEAKER_00,货轮
test,0042,zh,51.020,51.200,SPEAKER_00,还有
test,0042,zh,55.720,56.380,SPEAKER_00,滑板车啊
test,0043,zh,0.520,0.580,,呃
test,0043,zh,2.980,3.280,SPEAKER_00,蚂蚱
test,0043,zh,4.300,4.360,,呃
test,0043,zh,5.500,5.800,SPEAKER_00,蜈蚣
test,0043,zh,7.240,7.480,SPEAKER_00,蝙蝠
test,0043,zh,9.040,9.100,,呃
test,0043,zh,9.760,10.000,SPEAKER_00,乌鸦
test,0043,zh,11.140,11.200,,呃
test,0043,zh,12.460,12.760,SPEAKER_00,这个
test,0043,zh,13.600,13.840,SPEAKER_00,燕子
test,0043,zh,15.220,15.460,SPEAKER_00,鹦鹉
test,0043,zh,18.140,18.500,SPEAKER_00,八哥
test,0043,zh,20.710,21.010,SPEAKER_00,鲤鱼
test,0043,zh,23.110,23.350,SPEAKER_00,蚯蚓
test,0043,zh,25.970,26.330,SPEAKER_00,蝎子
test,0043,zh,27.709,28.010,SPEAKER_00,乌龟
test,0043,zh,29.510,30.470,SPEAKER_00,先说交通工具
test,0043,zh,30.470,30.530,,吧
test,0043,zh,31.550,31.910,SPEAKER_00,飞机
test,0043,zh,33.470,33.710,SPEAKER_00,轮船
test,0043,zh,34.910,35.390,SPEAKER_00,拖拉机
test,0043,zh,36.230,36.770,SPEAKER_00,小轿车
test,0043,zh,37.850,38.210,SPEAKER_00,跑车
test,0043,zh,39.290,39.710,SPEAKER_00,三轮车
test,0043,zh,40.610,41.090,SPEAKER_00,电动车
test,0043,zh,42.110,42.530,SPEAKER_00,自行车
test,0043,zh,43.730,44.150,SPEAKER_00,摩托车
test,0043,zh,45.650,45.890,SPEAKER_00,轮船
test,0043,zh,48.170,48.590,SPEAKER_00,摩托艇
test,0043,zh,50.150,50.390,SPEAKER_00,帆船
test,0043,zh,54.360,54.660,SPEAKER_00,锤子
test,0044,zh,0.030,3.510,SPEAKER_00,哦这这个是他们是是一个家庭哦
test,0044,zh,4.170,4.230,,他
test,0044,zh,4.830,6.030,SPEAKER_00,这个妈妈嘛在
test,0044,zh,6.750,6.810,SPEAKER_00,洗
test,0044,zh,7.350,7.590,SPEAKER_00,盘子
test,0044,zh,8.130,8.189,,啊
test,0044,zh,9.030,10.890,SPEAKER_00,这这个水都满出来了
test,0044,zh,13.260,15.480,SPEAKER_00,什么小孩子们在那个
test,0044,zh,16.620,17.340,SPEAKER_00,拿饼干
test,0044,zh,19.140,19.980,SPEAKER_00,拿这个凳子
test,0044,zh,20.880,20.940,,啊
test,0044,zh,21.480,24.360,SPEAKER_00,就是凳凳子去拿上面去拿饼干
test,0044,zh,25.140,25.440,SPEAKER_00,凳子
test,0044,zh,26.160,26.880,SPEAKER_00,没有弄好
test,0044,zh,27.900,28.680,SPEAKER_00,就好像要
test,0044,zh,30.420,31.020,SPEAKER_00,摔倒了
test,0044,zh,33.000,35.640,SPEAKER_00,怎么怎么说呢大概啊大概
test,0044,zh,37.020,38.160,SPEAKER_00,这大概没吃饭
test,0044,zh,40.140,41.340,SPEAKER_00,我又怎么怎么讲呢
test,0044,zh,43.290,43.350,SPEAKER_00,嗯
test,0044,zh,45.720,46.740,SPEAKER_00,结果就讲不出来
test,0046,zh,1.530,2.310,SPEAKER_00,牛羊嗯
test,0046,zh,3.990,4.110,,还
test,0046,zh,4.110,4.470,SPEAKER_00,有什么
test,0046,zh,8.780,9.980,SPEAKER_00,难财富报嗯
test,0046,zh,10.519,10.820,SPEAKER_00,难财
test,0046,zh,11.540,11.780,SPEAKER_00,富报
test,0046,zh,12.320,12.800,SPEAKER_00,还有什么
test,0046,zh,17.020,17.320,SPEAKER_00,鸡鸭
test,0046,zh,18.280,18.760,SPEAKER_00,还有什么
test,0046,zh,19.900,20.200,SPEAKER_00,动物
test,0046,zh,25.270,26.170,SPEAKER_00,还有些什么
test,0046,zh,26.170,26.650,,嗯嗯
test,0046,zh,27.730,28.090,SPEAKER_00,牛羊
test,0046,zh,28.690,29.350,SPEAKER_00,及鸭嗯
test,0046,zh,32.270,33.170,SPEAKER_00,狗猫嗯
test,0046,zh,36.190,36.430,SPEAKER_00,老鼠
test,0046,zh,37.150,37.210,,嗯
test,0046,zh,37.990,38.830,SPEAKER_00,水在
test,0046,zh,38.830,38.890,,啊
test,0046,zh,40.330,41.050,SPEAKER_00,这个就是
test,0046,zh,42.370,42.970,SPEAKER_00,水在前头
test,0046,zh,43.570,43.630,,啊
test,0046,zh,44.950,45.490,SPEAKER_00,水呢
test,0046,zh,46.570,46.630,SPEAKER_00,水
test,0046,zh,48.550,49.090,SPEAKER_00,水在
test,0046,zh,49.750,49.810,SPEAKER_00,水
test,0046,zh,50.890,50.950,,嗯
test,0046,zh,52.090,52.150,SPEAKER_00,哦
test,0046,zh,52.750,54.550,SPEAKER_00,水不能在后头啊嗯
test,0046,zh,54.550,54.610,,嗯
test,0046,zh,55.570,55.630,,嗯
test,0046,zh,57.130,57.190,SPEAKER_00,啊
test,0046,zh,57.970,58.510,SPEAKER_00,才那个有
test,0046,zh,59.110,59.170,,嗯
test,0048,zh,0.090,0.510,SPEAKER_00,房外头
test,0048,zh,1.470,3.750,SPEAKER_00,那有一个红屋顶的屋子
test,0048,zh,5.650,6.430,SPEAKER_00,然后这个
test,0048,zh,7.270,8.350,SPEAKER_00,桌上搁了点
test,0048,zh,9.130,9.370,,蔬
test,0048,zh,9.370,10.690,SPEAKER_00,菜蔬菜这样的东
test,0048,zh,10.690,10.990,,西
test,0048,zh,10.990,12.070,SPEAKER_00,是搁在外头
test,0048,zh,12.610,12.850,SPEAKER_00,好像
test,0048,zh,13.510,17.770,SPEAKER_00,在在这个帘拉开了在那在厨房的那个外头
test,0048,zh,18.490,24.250,SPEAKER_00,然后那小孩那是在那个柜门里头拿东西还跟一个女孩两个人合作了
test,0048,zh,24.850,26.230,SPEAKER_00,跟他要什么东西而在
test,0048,zh,26.830,28.930,SPEAKER_00,那男孩是踩在凳子上去的
test,0048,zh,29.890,29.950,SPEAKER_00,对
test,0048,zh,30.970,31.630,SPEAKER_00,厨房那个
test,0048,zh,32.650,34.690,SPEAKER_00,那可能那女的是他们家
test,0048,zh,35.410,36.730,SPEAKER_00,他拿着盘子擦
test,0048,zh,37.450,38.170,SPEAKER_00,擦盘子呢
test,0048,zh,39.370,40.570,SPEAKER_00,是不也是要准备
test,0048,zh,41.890,42.190,SPEAKER_00,吃饭
test,0048,zh,43.990,47.830,SPEAKER_00,小孩呢是那男孩爬在上头去取东西这女孩是
test,0048,zh,48.370,48.430,SPEAKER_00,接
test,0048,zh,49.330,50.530,SPEAKER_00,那外头那个
test,0048,zh,51.190,53.110,SPEAKER_00,厨房的外头那边那个
test,0048,zh,53.770,56.410,SPEAKER_00,是个红屋顶有一个房子这个
test,0048,zh,57.250,59.650,SPEAKER_00,做饭的这个女的穿一双
test,0049,zh,0.030,0.810,SPEAKER_00,飞机轮船
test,0049,zh,1.470,1.530,,嗯
test,0049,zh,2.250,2.550,SPEAKER_00,帆船
test,0049,zh,5.760,7.680,SPEAKER_00,这个电动车汽车
test,0049,zh,8.220,8.280,,呃
test,0049,zh,12.760,13.000,SPEAKER_00,工具
test,0049,zh,13.780,14.620,SPEAKER_00,斧子刀子
test,0049,zh,15.160,15.220,SPEAKER_00,锯
test,0049,zh,18.870,19.170,SPEAKER_00,勺子
test,0049,zh,23.640,24.180,SPEAKER_00,刀叉
test,0049,zh,25.320,25.379,,呃
test,0049,zh,26.280,26.340,SPEAKER_00,碗
test,0049,zh,28.380,29.400,SPEAKER_00,桌椅板凳
test,0049,zh,32.370,32.910,SPEAKER_00,办公桌
test,0049,zh,33.810,33.870,,嗯
test,0049,zh,36.910,37.630,SPEAKER_00,锅碗瓢盆
test,0049,zh,38.530,39.370,SPEAKER_00,呃筷子
test,0049,zh,42.510,43.110,SPEAKER_00,电饭煲
test,0049,zh,44.190,44.730,SPEAKER_00,高压锅
test,0049,zh,45.570,45.630,,嗯
test,0049,zh,50.870,51.230,SPEAKER_00,沙发
test,0051,zh,0.210,1.410,SPEAKER_00,就在这儿吃对
test,0051,zh,2.130,5.790,SPEAKER_00,还行挺好啊吃的惯最爱吃什么菜就是
test,0051,zh,6.990,7.410,SPEAKER_00,西红柿
test,0051,zh,8.130,8.430,SPEAKER_00,鸡蛋
test,0051,zh,9.030,9.090,SPEAKER_00,炒
test,0051,zh,9.810,11.130,SPEAKER_00,炒了了肉炒
test,0051,zh,12.210,15.690,SPEAKER_00,黄黄瓜什么的嗯自己有时候做呃
test,0051,zh,16.710,17.850,SPEAKER_00,一般的都做嗯
test,0051,zh,18.570,19.170,SPEAKER_00,就是西
test,0051,zh,20.010,20.970,SPEAKER_00,西红柿炒鸡蛋
test,0051,zh,23.970,24.210,SPEAKER_00,不冷
test,0051,zh,25.110,26.250,SPEAKER_00,挺好的嗯呃
test,0051,zh,26.790,29.730,SPEAKER_00,辽宁我们很少在那住一般都对狗
test,0051,zh,30.450,30.510,,嗯
test,0051,zh,34.350,36.630,SPEAKER_00,当时说不上来了嗯动物
test,0051,zh,37.350,37.710,SPEAKER_00,家兔
test,0051,zh,38.370,38.670,SPEAKER_00,兔子
test,0051,zh,39.510,39.570,,嗯
test,0051,zh,40.950,41.310,SPEAKER_00,猫狗
test,0051,zh,41.850,42.090,SPEAKER_00,兔子
test,0051,zh,43.350,45.090,SPEAKER_00,收上来了也时的
test,0051,zh,47.790,48.450,SPEAKER_00,收不上来了
test,0051,zh,50.790,51.570,SPEAKER_00,动物
test,0051,zh,51.570,51.630,,嗯
test,0051,zh,52.530,53.250,SPEAKER_00,植物啊
test,0051,zh,53.970,54.210,SPEAKER_00,白菜
test,0051,zh,55.530,55.770,SPEAKER_00,植物
test,0051,zh,58.690,59.050,SPEAKER_00,嗯嗯
test,0053,zh,0.400,0.460,SPEAKER_00,狗
test,0053,zh,1.240,1.300,,毛
test,0053,zh,2.139,2.200,,鸭
test,0053,zh,3.340,3.400,SPEAKER_00,驴
test,0053,zh,4.300,4.360,SPEAKER_00,牛
test,0053,zh,5.200,5.260,,羊
test,0053,zh,6.460,6.520,SPEAKER_00,猪
test,0053,zh,7.360,7.420,,兔
test,0053,zh,9.700,9.760,SPEAKER_00,虎
test,0053,zh,10.720,10.780,SPEAKER_00,狼
test,0053,zh,11.740,11.800,SPEAKER_00,豹
test,0053,zh,12.460,12.520,SPEAKER_00,狮
test,0053,zh,13.960,14.020,,呃
test,0053,zh,16.120,16.540,SPEAKER_00,长颈鹿
test,0053,zh,17.080,17.260,SPEAKER_00,大象
test,0053,zh,18.700,18.940,SPEAKER_00,这个
test,0053,zh,21.040,21.280,SPEAKER_00,斑马
test,0053,zh,22.300,22.360,,呃
test,0053,zh,25.540,25.780,SPEAKER_00,奔马
test,0053,zh,30.770,31.610,SPEAKER_00,说来说不算来了
test,0053,zh,37.040,37.400,SPEAKER_00,乌龟
test,0053,zh,38.720,38.779,,鱼
test,0053,zh,40.280,40.340,SPEAKER_00,虾
test,0053,zh,42.200,42.440,SPEAKER_00,海豹
test,0053,zh,43.580,43.640,,呃
test,0053,zh,45.560,46.220,SPEAKER_00,海海狮
test,0053,zh,48.080,48.320,SPEAKER_00,鲸鱼
test,0053,zh,49.460,49.520,,嗯
test,0053,zh,51.680,51.920,SPEAKER_00,犀牛
test,0055,zh,0.090,2.490,SPEAKER_00,张秀珍我们家住在伐头
test,0055,zh,4.530,4.590,SPEAKER_00,新
test,0055,zh,6.510,7.710,SPEAKER_00,就是欢乐谷那儿
test,0055,zh,8.370,8.430,SPEAKER_00,叫
test,0055,zh,11.050,11.470,SPEAKER_00,发头区
test,0055,zh,12.130,12.789,SPEAKER_00,叫翠城
test,0055,zh,13.990,14.950,SPEAKER_00,翠城区是
test,0055,zh,15.610,16.210,SPEAKER_00,朝阳区啊
test,0055,zh,16.870,16.930,SPEAKER_00,叫
test,0055,zh,19.030,19.690,SPEAKER_00,就叫翠城
test,0055,zh,20.350,20.650,SPEAKER_00,三是
test,0055,zh,21.550,22.690,SPEAKER_00,三二三号楼
test,0055,zh,23.530,24.850,SPEAKER_00,三百二十三号楼
test,0055,zh,25.810,26.770,SPEAKER_00,几单元是
test,0055,zh,27.550,28.210,SPEAKER_00,二单元
test,0055,zh,29.050,29.350,SPEAKER_00,二门
test,0055,zh,30.250,33.430,SPEAKER_00,没日照顾自人自理猪鸡养狗
test,0055,zh,35.170,35.230,SPEAKER_00,牛
test,0055,zh,37.090,37.450,SPEAKER_00,猫铺
test,0055,zh,40.060,40.720,SPEAKER_00,就这些吧
test,0055,zh,41.919,43.420,SPEAKER_00,平常在大象路
test,0055,zh,44.920,44.980,SPEAKER_00,牛
test,0055,zh,47.370,49.890,SPEAKER_00,你给我说了我不大想说
test,0055,zh,50.790,53.910,SPEAKER_00,咱们过家制造也就这些动物猴子
test,0055,zh,55.050,57.450,SPEAKER_00,好吧萝卜白菜韭菜
test,0055,zh,58.590,58.890,SPEAKER_00,香菜
test,0057,zh,0.150,27.810,SPEAKER_00,这个我看不出不是兔子是个狗啊啊那些狗是白色的是灰色那不对呀没有哎没有对是啊送一桶饭给万事吃光了但是说话不是有语句他把饭相同就可以不是一本书妈妈跟小小孩子不是一本书所以呢没有不对他一桶不是一桶什扛着水但这个句划不太对他扛着一桶水在一对一桶扛着个厨是一样扛着一桶水最后一张这个小孩拿在
test,0057,zh,28.410,31.350,SPEAKER_00,看挎在椅子上这个椅子快要倒了
test,0057,zh,32.310,37.830,SPEAKER_00,拿饼干给另外一个小孩这小男孩拿饼干给给另外一个小女孩这个这个
test,0057,zh,38.370,42.930,SPEAKER_00,妈妈呢那是洗碗但是水呢流了满地都是这是个厨房
test,0057,zh,43.470,47.790,SPEAKER_00,厨房里面洗碗洗东西厨房里面的桌子上的碗呢
test,0057,zh,48.330,51.390,SPEAKER_00,有餐具这个有个橱柜有橱柜上有饼干
test,0057,zh,52.170,59.850,SPEAKER_00,这拿要拿给小孩吃但是这椅子不稳要倒大概就是这样一个情况这是厨房的橱柜还有没有其他东西这是
test,0058,zh,0.090,5.310,SPEAKER_00,那那个这动物比方说猫是不同种类我可以说不同种类的猫
test,0058,zh,6.090,6.510,SPEAKER_00,可以吗
test,0058,zh,7.170,8.550,SPEAKER_00,比方说梨花猫
test,0058,zh,9.330,9.810,SPEAKER_00,波斯猫
test,0058,zh,10.410,11.490,SPEAKER_00,行那我说吧
test,0058,zh,12.210,12.510,SPEAKER_00,鲤鱼
test,0058,zh,13.110,14.430,SPEAKER_00,带鱼黄花鱼
test,0058,zh,14.970,15.030,SPEAKER_00,牛
test,0058,zh,15.810,16.050,SPEAKER_00,水牛
test,0058,zh,16.890,17.130,SPEAKER_00,山羊
test,0058,zh,17.970,18.210,SPEAKER_00,绵羊
test,0058,zh,18.870,18.930,SPEAKER_00,狗
test,0058,zh,19.710,19.770,SPEAKER_00,猫
test,0058,zh,20.430,20.790,SPEAKER_00,兔子
test,0058,zh,21.450,21.510,SPEAKER_00,驴
test,0058,zh,22.170,22.230,SPEAKER_00,马
test,0058,zh,23.130,23.190,SPEAKER_00,猪
test,0058,zh,23.730,23.790,SPEAKER_00,羊
test,0058,zh,25.650,25.710,,呃
test,0058,zh,27.150,27.930,SPEAKER_00,飞的天鹅
test,0058,zh,28.530,28.890,SPEAKER_00,小鸟
test,0058,zh,29.490,29.790,SPEAKER_00,麻雀
test,0058,zh,30.450,30.750,SPEAKER_00,燕子
test,0058,zh,31.290,31.350,,呃
test,0058,zh,33.570,33.630,SPEAKER_00,是
test,0058,zh,35.250,35.490,SPEAKER_00,山羊
test,0058,zh,36.390,36.630,SPEAKER_00,老虎
test,0058,zh,37.170,38.010,SPEAKER_00,狮子蛇
test,0058,zh,38.850,39.450,SPEAKER_00,眼镜蛇
test,0058,zh,40.290,40.650,SPEAKER_00,螃蟹
test,0058,zh,41.370,41.730,SPEAKER_00,鲤鱼
test,0058,zh,42.330,42.630,SPEAKER_00,带鱼
test,0058,zh,43.170,43.230,,嗯
test,0058,zh,44.070,46.050,SPEAKER_00,黄花鱼说我了好像是
test,0058,zh,46.050,46.110,,呃
test,0058,zh,49.970,51.350,SPEAKER_00,这一下子说不
test,0058,zh,51.350,51.770,,出来
test,0058,zh,51.770,54.530,SPEAKER_00,了天上飞的有燕子有这个
test,0058,zh,55.070,55.130,,呃
test,0058,zh,55.670,56.870,SPEAKER_00,有鹰收过了吧
test,0058,zh,57.650,57.709,,呃
test,0058,zh,58.310,59.390,SPEAKER_00,还有孔雀呃
test,0062,zh,0.310,0.370,SPEAKER_00,狗
test,0062,zh,1.450,1.510,SPEAKER_00,鸡
test,0062,zh,2.170,2.230,SPEAKER_00,鸭
test,0062,zh,3.010,3.070,SPEAKER_00,鹅
test,0062,zh,4.030,4.330,SPEAKER_00,狮子
test,0062,zh,5.110,5.350,SPEAKER_00,老虎
test,0062,zh,6.010,6.250,SPEAKER_00,大象
test,0062,zh,6.970,7.030,,呃
test,0062,zh,7.570,7.630,SPEAKER_00,牛
test,0062,zh,8.890,8.950,SPEAKER_00,驴
test,0062,zh,9.790,9.850,,呃
test,0062,zh,10.870,11.110,SPEAKER_00,狗熊
test,0062,zh,11.950,12.010,,嗯
test,0062,zh,14.530,14.710,,哎
test,0062,zh,14.710,15.610,SPEAKER_00,呀叫什么啊
test,0062,zh,16.930,16.990,SPEAKER_00,羊
test,0062,zh,18.130,18.430,SPEAKER_00,公鸡
test,0062,zh,19.330,19.390,,呃
test,0062,zh,19.990,20.050,SPEAKER_00,对
test,0062,zh,20.710,21.610,SPEAKER_00,羊羊公鸡
test,0062,zh,22.330,22.570,SPEAKER_00,这个
test,0062,zh,23.290,23.350,SPEAKER_00,狼
test,0062,zh,24.310,24.550,SPEAKER_00,狐狸
test,0062,zh,25.510,25.570,,嗯
test,0062,zh,28.030,28.270,SPEAKER_00,狸毛
test,0062,zh,29.530,30.370,SPEAKER_00,这个老鼠
test,0062,zh,31.930,31.990,SPEAKER_00,蛇
test,0062,zh,33.430,33.670,SPEAKER_00,蜥蜴
test,0062,zh,34.930,34.990,,嗯
test,0062,zh,35.830,36.070,SPEAKER_00,蜥蜴
test,0062,zh,36.910,37.990,SPEAKER_00,这个变色龙
test,0062,zh,39.370,39.430,SPEAKER_00,鱼
test,0062,zh,40.510,40.810,SPEAKER_00,乌龟
test,0062,zh,41.830,42.070,SPEAKER_00,老鳖
test,0062,zh,43.270,43.330,,嗯
test,0062,zh,45.310,45.550,SPEAKER_00,乌龟
test,0062,zh,46.390,46.630,SPEAKER_00,老鳖
test,0062,zh,50.940,52.380,SPEAKER_00,这还说属什么东西啊
test,0062,zh,55.010,55.310,SPEAKER_00,萝卜
test,0062,zh,55.850,56.090,SPEAKER_00,白菜
test,0062,zh,56.930,57.410,SPEAKER_00,西葫芦
test,0062,zh,58.010,58.250,SPEAKER_00,南瓜
test,0062,zh,59.150,59.390,SPEAKER_00,大葱
test,0064,zh,0.150,0.450,SPEAKER_00,乌马
test,0064,zh,0.990,1.050,SPEAKER_00,羊
test,0064,zh,1.590,2.130,SPEAKER_00,猪狗
test,0064,zh,3.930,3.990,SPEAKER_00,狼
test,0064,zh,4.590,5.070,SPEAKER_00,虎豹
test,0064,zh,5.670,5.730,,嗯
test,0064,zh,6.810,6.870,SPEAKER_00,象
test,0064,zh,8.010,8.370,SPEAKER_00,骆驼
test,0064,zh,8.910,8.970,,嗯
test,0064,zh,9.870,10.470,SPEAKER_00,长颈鹿
test,0064,zh,11.010,11.070,,嗯
test,0064,zh,11.970,12.750,SPEAKER_00,苍蝇蚊子
test,0064,zh,13.470,14.370,SPEAKER_00,臭虫跳蚤
test,0064,zh,14.970,15.030,,嗯
test,0064,zh,17.130,17.190,SPEAKER_00,鱼
test,0064,zh,22.070,22.370,,这个
test,0064,zh,25.600,25.840,SPEAKER_00,狐狸
test,0064,zh,26.440,26.500,,嗯
test,0064,zh,29.260,29.620,SPEAKER_00,是啊
test,0064,zh,33.410,33.770,SPEAKER_00,蜈蚣
test,0064,zh,35.089,35.450,SPEAKER_00,蝎子
test,0064,zh,36.530,36.590,,呃
test,0064,zh,37.730,37.970,SPEAKER_00,蜥蜴
test,0064,zh,42.700,44.980,SPEAKER_00,各种鱼啦那个鲤鱼是
test,0064,zh,44.980,45.040,,呃
test,0064,zh,46.300,46.600,SPEAKER_00,鲤鱼
test,0064,zh,47.320,47.620,SPEAKER_00,边鱼
test,0064,zh,48.160,48.220,,嗯
test,0064,zh,48.880,49.180,SPEAKER_00,什么
test,0064,zh,49.780,50.020,SPEAKER_00,卢鱼
test,0064,zh,51.760,52.300,SPEAKER_00,芥花鱼
test,0064,zh,55.450,55.510,SPEAKER_00,行
test,0064,zh,56.170,56.230,,嗯
test,0064,zh,57.730,58.210,SPEAKER_00,自行车
test,0064,zh,59.050,59.410,SPEAKER_00,火车
test,0065,zh,0.090,9.690,SPEAKER_00,我我我我觉得呢他这哥哥给他妹妹拿饼干拿水果是不是拿水果他哥哥踩着板凳嗯从b从那个
test,0065,zh,10.350,11.910,SPEAKER_00,柜子里给他拿拿水果
test,0065,zh,12.450,12.870,SPEAKER_00,是不是
test,0065,zh,14.670,18.750,SPEAKER_00,他妈妈这是干什么呀我看不明白呀我就看不明白这些
test,0065,zh,19.470,22.470,SPEAKER_00,他妈妈要要给他要他妈妈要给他洗
test,0065,zh,23.190,27.990,SPEAKER_00,这是盆这是水龙头洗菜池吧这怎么把水还都洒了呢
test,0065,zh,28.530,38.670,SPEAKER_00,这不水洒水洒了吗我不会看这个仔细观察仔细看他妈妈真拿那个什么呀拿的盆哪还是抹布啊我就看这水洒了
test,0065,zh,39.330,43.830,SPEAKER_00,这两个是什么呀这两个是什么呀这没别的看的了
test,0065,zh,44.790,46.890,SPEAKER_00,我不会看了我不会看这个
test,0066,zh,0.000,0.030,,嗯
test,0066,zh,0.810,1.050,SPEAKER_00,栗子
test,0066,zh,2.490,2.550,SPEAKER_00,呃
test,0066,zh,3.750,3.810,SPEAKER_00,爆
test,0066,zh,4.410,4.650,SPEAKER_00,栗子
test,0066,zh,6.090,6.750,SPEAKER_00,还有这个
test,0066,zh,10.550,10.790,SPEAKER_00,根具
test,0066,zh,11.510,11.930,SPEAKER_00,尺子
test,0066,zh,21.330,22.770,SPEAKER_00,那你想不起来多些了
test,0066,zh,25.230,26.250,SPEAKER_00,想不起来了
test,0066,zh,26.250,26.310,,嗯
test,0066,zh,26.850,27.570,SPEAKER_00,开始吧
test,0066,zh,27.570,27.630,,啊
test,0066,zh,28.230,29.190,SPEAKER_00,老虎狮子
test,0066,zh,30.090,30.330,SPEAKER_00,老鼠
test,0066,zh,31.230,31.770,SPEAKER_00,猫狗
test,0066,zh,32.790,32.850,SPEAKER_00,鸡
test,0066,zh,33.810,34.050,SPEAKER_00,鸽子
test,0066,zh,34.950,35.010,,嗯
test,0066,zh,38.420,38.720,SPEAKER_00,长虫
test,0066,zh,39.260,39.320,SPEAKER_00,蛇
test,0066,zh,40.700,41.300,SPEAKER_00,羊猪
test,0066,zh,42.560,42.620,SPEAKER_00,牛
test,0066,zh,43.820,43.880,SPEAKER_00,马
test,0066,zh,45.080,45.140,SPEAKER_00,驴
test,0066,zh,46.700,46.940,SPEAKER_00,骆驼
test,0066,zh,47.660,47.720,,嗯
test,0066,zh,49.340,49.640,SPEAKER_00,兔子
test,0066,zh,50.420,50.480,,嗯
test,0066,zh,55.810,56.110,SPEAKER_00,犀牛
test,0066,zh,57.489,57.550,,嗯
test,0066,zh,59.110,59.710,SPEAKER_00,差不多了
test,0067,zh,0.210,2.430,SPEAKER_00,猫总是躺在沙发下
test,0067,zh,2.430,2.490,,嗯
test,0067,zh,3.390,5.910,SPEAKER_00,这什么相同相同这这
test,0067,zh,6.510,7.830,SPEAKER_00,含着这个是有问题
test,0067,zh,8.730,8.790,SPEAKER_00,听
test,0067,zh,9.630,9.870,SPEAKER_00,不懂
test,0067,zh,10.530,11.190,SPEAKER_00,我看不懂
test,0067,zh,11.790,12.450,SPEAKER_00,我听不懂
test,0067,zh,13.590,14.850,SPEAKER_00,我耳朵听不见
test,0067,zh,15.510,15.870,SPEAKER_00,听不见
test,0067,zh,16.830,17.070,SPEAKER_00,什么
test,0067,zh,18.390,18.870,SPEAKER_00,听不见
test,0067,zh,19.950,20.910,SPEAKER_00,他在吃动
test,0067,zh,21.450,22.410,SPEAKER_00,他在吃动
test,0067,zh,23.490,24.150,SPEAKER_00,我听不见
test,0067,zh,26.130,26.610,SPEAKER_00,听不见
test,0067,zh,27.570,28.530,SPEAKER_00,他在他在吃
test,0067,zh,30.750,31.050,SPEAKER_00,吃动
test,0067,zh,31.650,32.610,SPEAKER_00,他在看书
test,0067,zh,33.390,33.630,SPEAKER_00,相同
test,0067,zh,34.230,34.290,,对
test,0067,zh,35.250,36.030,SPEAKER_00,他在吃动
test,0067,zh,36.690,38.370,SPEAKER_00,有毛病他在吃动
test,0067,zh,39.150,40.530,SPEAKER_00,吃东西有问题
test,0067,zh,41.250,42.990,SPEAKER_00,问题没有啊他在
test,0067,zh,43.530,44.130,SPEAKER_00,比身高
test,0067,zh,44.730,45.030,SPEAKER_00,他在
test,0067,zh,45.570,52.170,SPEAKER_00,对他在看比身高是不是有问题我没听清他在说什么呀他骑车
test,0067,zh,52.890,53.790,SPEAKER_00,骑不相同
test,0067,zh,54.390,58.230,SPEAKER_00,那当然差不多听不清他说什么呀我听不
test,0067,zh,58.830,59.670,SPEAKER_00,我听不嗯
test,0069,zh,0.530,1.310,SPEAKER_00,尺子傻操
test,0069,zh,3.550,3.910,SPEAKER_00,这水
test,0069,zh,4.510,5.290,SPEAKER_00,不常说
test,0069,zh,6.490,7.090,SPEAKER_00,什么水
test,0069,zh,7.870,8.230,SPEAKER_00,水洗
test,0069,zh,10.210,10.810,SPEAKER_00,什么水泡
test,0069,zh,13.170,13.710,SPEAKER_00,开水不行
test,0069,zh,16.800,17.100,SPEAKER_00,学习
test,0069,zh,18.660,19.020,SPEAKER_00,学壶
test,0069,zh,20.400,21.300,SPEAKER_00,看看他们去不行
test,0069,zh,23.800,24.040,SPEAKER_00,水果
test,0069,zh,26.080,26.440,SPEAKER_00,水库
test,0069,zh,27.340,27.400,,嗯
test,0069,zh,28.360,28.660,SPEAKER_00,蔬菜
test,0069,zh,29.380,29.620,SPEAKER_00,白菜
test,0069,zh,31.060,31.300,SPEAKER_00,白菜
test,0069,zh,32.320,33.100,SPEAKER_00,洗韭菜
test,0069,zh,34.660,34.720,,嗯
test,0069,zh,35.560,36.640,SPEAKER_00,那个西兰花
test,0069,zh,38.440,38.860,SPEAKER_00,西红柿
test,0069,zh,41.910,42.150,SPEAKER_00,那个
test,0069,zh,42.990,43.230,SPEAKER_00,黄瓜
test,0069,zh,44.730,45.210,SPEAKER_00,盐白菜
test,0069,zh,46.830,47.190,SPEAKER_00,凉白菜
test,0069,zh,50.360,50.840,SPEAKER_00,嗯那个
test,0069,zh,54.780,55.800,SPEAKER_00,就黑的茄
test,0069,zh,56.340,56.820,SPEAKER_00,圆茄子
test,0069,zh,57.660,59.100,SPEAKER_00,圆茄子长茄子还有
test,0074,zh,0.510,0.570,,嗯
test,0074,zh,1.290,1.530,,那个
test,0074,zh,3.410,3.710,SPEAKER_00,白菜
test,0074,zh,4.670,5.450,SPEAKER_00,西韭菜
test,0074,zh,6.230,7.310,SPEAKER_00,那个西兰花
test,0074,zh,8.030,8.450,SPEAKER_00,西红柿
test,0074,zh,9.530,9.770,,那个
test,0074,zh,10.550,10.850,SPEAKER_00,黄瓜
test,0074,zh,11.690,12.170,SPEAKER_00,圆白菜
test,0074,zh,13.010,14.030,SPEAKER_00,就黑的茄
test,0074,zh,14.570,15.050,SPEAKER_00,圆茄子
test,0074,zh,15.890,17.330,SPEAKER_00,圆茄子长茄子还有
test,0074,zh,18.110,18.410,SPEAKER_00,狗在
test,0074,zh,19.070,20.270,SPEAKER_00,狗在屋里的时候
test,0074,zh,21.710,21.770,SPEAKER_00,猫
test,0074,zh,22.670,23.870,SPEAKER_00,猫在沙发下啊
test,0074,zh,25.370,25.670,SPEAKER_00,相同
test,0074,zh,26.390,30.890,SPEAKER_00,他在吃嘛他好像没嚼子我觉得没什嗯
test,0074,zh,31.610,32.810,SPEAKER_00,嗯他在看书
test,0074,zh,33.470,35.150,SPEAKER_00,这句子他在看书
test,0074,zh,36.050,36.890,SPEAKER_00,要看一本书
test,0074,zh,37.430,38.510,SPEAKER_00,那看书嗯
test,0074,zh,39.230,41.870,SPEAKER_00,妈妈比可是为妈妈比壳子高
test,0074,zh,42.530,43.250,SPEAKER_00,不同同
test,0074,zh,43.790,43.850,SPEAKER_00,那
test,0074,zh,44.450,44.690,SPEAKER_00,没有
test,0074,zh,45.470,46.550,SPEAKER_00,这个他吃
test,0074,zh,47.210,48.650,SPEAKER_00,他吃他骑车
test,0074,zh,49.550,50.090,SPEAKER_00,他骑车
test,0075,zh,0.390,0.450,SPEAKER_00,哎
test,0075,zh,1.110,1.350,SPEAKER_00,大葱
test,0075,zh,1.890,2.190,SPEAKER_00,生姜
test,0075,zh,2.970,3.210,SPEAKER_00,土豆
test,0075,zh,3.990,4.050,SPEAKER_00,呃
test,0075,zh,6.330,6.630,SPEAKER_00,油菜
test,0075,zh,8.550,8.790,SPEAKER_00,莴苣
test,0075,zh,10.050,10.110,SPEAKER_00,藕
test,0075,zh,11.310,11.370,SPEAKER_00,嗯
test,0075,zh,12.750,13.050,SPEAKER_00,盐水
test,0075,zh,13.950,14.190,SPEAKER_00,芹菜
test,0075,zh,15.390,15.450,,嗯
test,0075,zh,17.850,18.090,SPEAKER_00,秋葵
test,0075,zh,19.830,19.890,,嗯
test,0075,zh,22.110,22.410,SPEAKER_00,秋葵
test,0075,zh,23.550,23.850,SPEAKER_00,这个
test,0075,zh,27.660,28.080,SPEAKER_00,空心菜
test,0075,zh,28.980,29.040,SPEAKER_00,哎
test,0075,zh,30.000,30.540,SPEAKER_00,空心菜
test,0075,zh,31.140,31.440,SPEAKER_00,芦蒿
test,0075,zh,32.460,32.520,,呃
test,0075,zh,33.120,33.360,SPEAKER_00,芦笋
test,0075,zh,34.980,35.040,,呃
test,0075,zh,35.700,36.480,SPEAKER_00,芦蒿芦笋
test,0075,zh,37.500,37.560,,嗯
test,0075,zh,42.110,43.430,SPEAKER_00,对蔡真太熟悉了
test,0075,zh,44.510,44.570,SPEAKER_00,哎
test,0075,zh,45.830,46.130,SPEAKER_00,我操
test,0075,zh,53.170,53.230,,嗯
test,0075,zh,54.130,54.670,SPEAKER_00,油焖菜
test,0075,zh,56.470,57.370,SPEAKER_00,桌子板凳
test,0075,zh,58.330,58.630,SPEAKER_00,椅子
test,0078,zh,0.390,2.129,SPEAKER_00,动物的动物这个
test,0078,zh,3.210,3.750,SPEAKER_00,猫狗
test,0078,zh,4.590,4.650,,呃
test,0078,zh,5.970,6.030,SPEAKER_00,猫
test,0078,zh,6.810,6.870,SPEAKER_00,狗
test,0078,zh,7.530,7.590,SPEAKER_00,呃
test,0078,zh,10.830,11.550,SPEAKER_00,老虎嗯
test,0078,zh,13.050,13.770,SPEAKER_00,山羊嗯
test,0078,zh,16.230,16.530,SPEAKER_00,山羊
test,0078,zh,17.130,17.190,,嗯
test,0078,zh,17.910,18.450,SPEAKER_00,骆
test,0078,zh,18.450,18.510,,呃
test,0078,zh,20.610,20.670,,嗯
test,0078,zh,21.930,22.290,SPEAKER_00,骆驼
test,0078,zh,23.370,24.630,SPEAKER_00,这个马牛
test,0078,zh,25.530,25.590,SPEAKER_00,呃
test,0078,zh,27.330,27.690,SPEAKER_00,马牛
test,0078,zh,32.140,32.500,SPEAKER_00,马牛
test,0078,zh,33.580,33.640,SPEAKER_00,呃
test,0078,zh,35.500,35.740,SPEAKER_00,老虎
test,0078,zh,38.670,38.910,SPEAKER_00,老虎
test,0078,zh,40.470,40.770,SPEAKER_00,这个
test,0078,zh,41.310,41.610,SPEAKER_00,鸡鸭
test,0078,zh,42.630,42.690,,呃
test,0078,zh,45.570,47.010,SPEAKER_00,水的开头上啊
test,0078,zh,48.330,48.690,SPEAKER_00,水桶
test,0078,zh,50.910,51.150,SPEAKER_00,那个
test,0078,zh,53.250,53.310,,水
test,0078,zh,55.690,56.110,SPEAKER_00,水壶
test,0079,zh,0.090,1.710,SPEAKER_00,勾一块破植物画
test,0079,zh,2.430,2.670,SPEAKER_00,组词
test,0079,zh,3.390,3.750,SPEAKER_00,开门
test,0079,zh,4.650,5.970,SPEAKER_00,用开字是吧
test,0079,zh,6.810,7.050,SPEAKER_00,开水
test,0079,zh,7.710,9.570,SPEAKER_00,就就说开水吧
test,0079,zh,9.570,9.630,,嗯
test,0079,zh,11.550,11.610,SPEAKER_00,开
test,0079,zh,13.110,13.170,,嗯
test,0079,zh,16.810,17.170,SPEAKER_00,开门
test,0079,zh,18.250,18.610,SPEAKER_00,开锁
test,0079,zh,20.350,20.410,,开
test,0079,zh,22.330,22.750,SPEAKER_00,开车
test,0079,zh,24.790,25.270,SPEAKER_00,袋子里
test,0079,zh,26.230,28.510,SPEAKER_00,对想想有一喝水瓶
test,0079,zh,29.170,29.710,SPEAKER_00,有一个
test,0079,zh,30.850,33.250,SPEAKER_00,捕猫这玩意真真就忘了
test,0079,zh,34.030,34.810,SPEAKER_00,还有什么呢
test,0079,zh,35.350,37.090,SPEAKER_00,就说所有动物的
test,0079,zh,38.230,39.850,SPEAKER_00,准备好了我就瞎说呗
test,0079,zh,40.570,45.610,SPEAKER_00,动物的那我可说不上来不知不知道几个动物哎准备好了
test,0079,zh,46.450,46.510,SPEAKER_00,鸡
test,0079,zh,47.950,48.010,SPEAKER_00,狗
test,0079,zh,50.610,50.670,SPEAKER_00,猫
test,0079,zh,51.750,52.050,SPEAKER_00,老鼠
test,0079,zh,53.010,53.490,SPEAKER_00,胖子
test,0079,zh,55.750,58.810,SPEAKER_00,就说说就说几个就得呀
test,0079,zh,58.810,58.870,,嗯
test,0081,zh,0.090,0.150,SPEAKER_00,我
test,0081,zh,0.810,4.410,SPEAKER_00,我怎么会得来的要不然发展再厉害的怎么办呢就瞅这
test,0081,zh,4.950,9.090,SPEAKER_00,我听他说那什么我说赶嘛我要厉害的傻鸡的你说的
test,0081,zh,9.990,14.610,SPEAKER_00,这那什么的那不也费费事吗他这个厉害的嗯
test,0081,zh,15.510,15.570,SPEAKER_00,嗯
test,0081,zh,17.250,30.030,SPEAKER_00,我那天来看整理两个人说的他们家的老人挺厉害的还有就我们单位那有一个人那天听别人说的说的给他一个玩意儿他能在家玩玩在床上玩一天
test,0081,zh,31.830,31.890,SPEAKER_00,啊
test,0081,zh,32.490,34.410,SPEAKER_00,就是这样我说看我亲的时候
test,0081,zh,35.670,36.810,SPEAKER_00,我这么想反正
test,0081,zh,37.350,39.810,SPEAKER_00,我我没那么厉害我想
test,0081,zh,40.890,44.970,SPEAKER_00,抓紧时间找点治呗就礼拜天不是那我
test,0081,zh,46.170,48.270,SPEAKER_00,有时给人带来一会生经你看
test,0081,zh,49.290,49.530,SPEAKER_00,就是
test,0081,zh,50.430,56.790,SPEAKER_00,那个礼礼拜天不是人多不就说天主耶稣啊盯十字架复活的那天人
test,0081,zh,57.330,59.490,SPEAKER_00,敬拜的人挺多的是其他的事
test,0082,zh,0.690,0.750,,啊
test,0082,zh,1.410,1.470,SPEAKER_00,鸡
test,0082,zh,2.130,2.190,SPEAKER_00,鸭
test,0082,zh,2.790,2.850,,鹅
test,0082,zh,4.170,4.230,SPEAKER_00,毛
test,0082,zh,5.250,5.310,,狗
test,0082,zh,6.450,6.690,SPEAKER_00,老鼠
test,0082,zh,7.650,7.710,SPEAKER_00,猪
test,0082,zh,8.310,8.370,SPEAKER_00,牛
test,0082,zh,9.030,9.090,,羊
test,0082,zh,9.990,10.350,SPEAKER_00,狮子
test,0082,zh,10.890,11.070,SPEAKER_00,老虎
test,0082,zh,11.790,12.030,SPEAKER_00,大象
test,0082,zh,12.630,12.930,SPEAKER_00,鳄鱼
test,0082,zh,13.650,14.310,SPEAKER_00,鲸鱼
test,0082,zh,14.310,14.370,,嗯
test,0082,zh,15.450,15.510,SPEAKER_00,虾
test,0082,zh,16.170,16.230,,嗯
test,0082,zh,17.430,17.490,SPEAKER_00,鳖
test,0082,zh,18.090,18.150,,嗯
test,0082,zh,19.830,20.070,SPEAKER_00,狐狸
test,0082,zh,20.970,21.030,SPEAKER_00,狼
test,0082,zh,21.570,21.630,,嗯
test,0082,zh,25.220,25.280,,嗯
test,0082,zh,26.720,27.500,SPEAKER_00,蛀虫
test,0082,zh,27.500,27.560,,嗯
test,0082,zh,28.520,28.760,SPEAKER_00,蚊子
test,0082,zh,29.480,30.140,SPEAKER_00,苍蝇
test,0082,zh,30.140,30.200,,嗯
test,0082,zh,31.040,31.760,SPEAKER_00,蚂蚁
test,0082,zh,31.760,31.820,,嗯
test,0082,zh,32.480,32.720,SPEAKER_00,蜻蜓
test,0082,zh,33.319,33.380,,嗯
test,0082,zh,34.520,34.700,SPEAKER_00,苍狼
test,0082,zh,38.360,38.600,SPEAKER_00,天鹅
test,0082,zh,39.200,39.260,,嗯
test,0082,zh,42.490,43.150,SPEAKER_00,想不起来了
test,0082,zh,43.750,43.810,,嗯
test,0082,zh,44.470,45.010,,还有什么
test,0082,zh,46.690,46.930,SPEAKER_00,鹦鹉
test,0082,zh,48.430,48.490,,嗯
test,0082,zh,49.090,49.450,SPEAKER_00,狒狒
test,0082,zh,50.410,50.710,SPEAKER_00,猩猩
test,0082,zh,51.850,52.330,SPEAKER_00,黑猩猩
test,0082,zh,53.770,53.830,SPEAKER_00,原
test,0082,zh,56.230,56.650,SPEAKER_00,电动车
test,0082,zh,57.490,57.790,SPEAKER_00,汽车
test,0082,zh,58.570,58.870,SPEAKER_00,火车
test,0084,zh,0.030,1.410,SPEAKER_00,牡丹花玉兰花
test,0084,zh,1.950,2.250,SPEAKER_00,百合
test,0084,zh,2.850,3.090,SPEAKER_00,米兰
test,0084,zh,3.870,4.050,SPEAKER_00,芦荟
test,0084,zh,5.010,18.630,SPEAKER_00,槐树分两种有一国槐还有一阳槐继往开来开个头开元副食有这个词吧开元副食水流缓慢水流汹涌水流清澈水流浑浊水位甘甜水
test,0084,zh,19.230,47.610,SPEAKER_00,水流领冽就是特别凉的意思我只知道今天李明是帮忙的人当走在房间里的时候猫总是藏在沙发下相同对没问题这有点吧相同没有再说一遍他车奇不对相同但话幅的不对对这个说话说的不对语病对相同相同对没有他擦桌子对相没有对没语对不对是相同就是这个鱼奶奶他缺个字对嗯相同这个
test,0084,zh,48.150,59.430,SPEAKER_00,说话也不太语病也是对相同嗯没语没有实际也可以说送给不对有图片相同说话不对鱼病这个是妈妈和爸爸妈妈在打扫卫生
test,0085,zh,0.150,1.470,SPEAKER_00,了电脑好像虎兔
test,0085,zh,2.009,2.550,SPEAKER_00,鸡鸭鹅
test,0085,zh,3.150,3.210,,呃
test,0085,zh,4.110,4.470,SPEAKER_00,马牛
test,0085,zh,5.610,6.630,SPEAKER_00,马牛都有了
test,0085,zh,6.630,6.690,,呃
test,0085,zh,7.470,7.830,SPEAKER_00,骆驼
test,0085,zh,8.670,9.030,SPEAKER_00,孔雀
test,0085,zh,9.630,9.690,SPEAKER_00,呃
test,0085,zh,10.590,11.190,SPEAKER_00,地鼠
test,0085,zh,11.790,13.110,SPEAKER_00,呃鼠也说过了嗯
test,0085,zh,14.310,15.030,SPEAKER_00,还有鹿
test,0085,zh,15.690,15.750,SPEAKER_00,嗯
test,0085,zh,16.470,16.530,SPEAKER_00,熊
test,0085,zh,17.250,17.310,SPEAKER_00,嗯
test,0085,zh,17.850,17.910,SPEAKER_00,嗯
test,0085,zh,18.630,19.470,SPEAKER_00,还有那个
test,0085,zh,21.210,21.450,SPEAKER_00,大雁
test,0085,zh,22.530,22.770,SPEAKER_00,鹦鹉
test,0085,zh,23.550,23.610,,嗯
test,0085,zh,25.950,26.310,SPEAKER_00,小鸡
test,0085,zh,27.090,27.630,SPEAKER_00,鸡有事
test,0085,zh,28.410,28.770,SPEAKER_00,还有
test,0085,zh,29.910,29.970,,嗯
test,0085,zh,30.750,31.050,SPEAKER_00,豹子
test,0085,zh,32.009,32.430,SPEAKER_00,水塔
test,0085,zh,33.390,33.450,,嗯
test,0085,zh,36.210,36.510,SPEAKER_00,狼狗
test,0085,zh,37.230,37.290,SPEAKER_00,柴
test,0085,zh,37.950,38.010,,嗯
test,0085,zh,39.330,39.570,SPEAKER_00,还有
test,0085,zh,40.410,40.650,SPEAKER_00,那个
test,0085,zh,42.150,42.630,SPEAKER_00,毛毛虫
test,0085,zh,43.290,43.350,,嗯
test,0085,zh,44.130,44.490,SPEAKER_00,鳄鱼
test,0085,zh,45.510,45.810,SPEAKER_00,蜥蜴
test,0085,zh,46.590,46.650,,嗯
test,0085,zh,49.590,49.890,SPEAKER_00,猫咪
test,0085,zh,51.510,51.750,SPEAKER_00,还有
test,0085,zh,52.290,52.650,SPEAKER_00,鳄鱼
test,0085,zh,53.790,54.150,SPEAKER_00,还有
test,0085,zh,55.170,55.770,SPEAKER_00,娃娃鱼
test,0085,zh,56.850,57.150,SPEAKER_00,鳝鱼
test,0086,zh,0.270,0.930,SPEAKER_00,粉红的鞋
test,0086,zh,2.009,10.890,SPEAKER_00,那个小女孩穿一上浅蓝的那是男孩呢踩在凳子上给那小女孩拿着那个柜子里头的东西
test,0086,zh,11.430,11.910,SPEAKER_00,差不多吧
test,0086,zh,15.290,16.370,SPEAKER_00,刚才没太注意
test,0086,zh,17.089,20.270,SPEAKER_00,劲松九区九零八楼六门七零三
test,0086,zh,22.910,23.210,SPEAKER_00,皮球
test,0086,zh,23.810,27.590,SPEAKER_00,国旗数目一百减去九十三嗯
test,0086,zh,28.190,29.450,SPEAKER_00,然后再减去
test,0086,zh,30.050,30.890,SPEAKER_00,八十四
test,0086,zh,31.490,31.550,,嗯
test,0086,zh,32.630,33.530,SPEAKER_00,再减去
test,0086,zh,34.790,36.530,SPEAKER_00,多少三八八八十四
test,0086,zh,37.130,38.330,SPEAKER_00,八十四再减去
test,0086,zh,39.830,39.890,,八
test,0086,zh,40.790,40.850,SPEAKER_00,七
test,0086,zh,42.230,42.590,SPEAKER_00,七十
test,0086,zh,44.930,44.990,,六
test,0086,zh,46.070,46.850,SPEAKER_00,再减去
test,0086,zh,50.280,52.080,SPEAKER_00,五十九在前期
test,0086,zh,53.280,53.700,SPEAKER_00,五十二
test,0086,zh,56.300,57.860,SPEAKER_00,五十二再减七
test,0086,zh,58.400,58.700,SPEAKER_00,十二
test,0087,zh,0.510,0.570,,呃
test,0087,zh,1.530,3.150,SPEAKER_00,公共汽车自行车
test,0087,zh,3.810,4.350,SPEAKER_00,电动车
test,0087,zh,5.430,6.090,SPEAKER_00,小汽车
test,0087,zh,7.170,7.410,SPEAKER_00,这个
test,0087,zh,8.610,9.150,SPEAKER_00,自行车
test,0087,zh,10.170,10.230,,嗯
test,0087,zh,12.330,12.390,,呃
test,0087,zh,13.050,13.410,SPEAKER_00,钳子
test,0087,zh,14.190,14.490,SPEAKER_00,扳手
test,0087,zh,15.390,15.810,SPEAKER_00,螺丝刀
test,0087,zh,16.650,16.710,,嗯
test,0087,zh,18.570,18.810,SPEAKER_00,电笔
test,0087,zh,19.950,20.190,SPEAKER_00,这个
test,0087,zh,21.870,22.230,SPEAKER_00,锤子
test,0087,zh,23.250,23.310,,嗯
test,0087,zh,24.870,25.890,SPEAKER_00,工具还有什么
test,0087,zh,27.810,27.870,,嗯
test,0087,zh,31.810,32.830,SPEAKER_00,走不清了差不多
test,0087,zh,34.820,35.360,SPEAKER_00,还有什么
test,0087,zh,36.740,37.100,SPEAKER_00,工具
test,0087,zh,38.060,38.720,SPEAKER_00,哎也搞不清
test,0087,zh,41.220,45.420,SPEAKER_00,我也不知道了差不多了就这些还有点时间还有什么工具
test,0087,zh,45.960,46.920,SPEAKER_00,工具我觉得
test,0087,zh,47.520,47.820,SPEAKER_00,工具
test,0087,zh,48.420,49.860,SPEAKER_00,那像手表也算工具
test,0087,zh,50.400,50.940,SPEAKER_00,看东西
test,0087,zh,52.080,52.320,SPEAKER_00,手机
test,0087,zh,53.100,54.060,SPEAKER_00,看那个算不算
test,0088,zh,0.030,7.290,SPEAKER_00,之间呢就是你你我我也忘了跟你说你要找那什么的话不方便我随你们我星期
test,0088,zh,8.010,13.530,SPEAKER_00,你明天上才行啊有时候查查那圣经啥就那一本书查查那圣呃
test,0088,zh,14.070,14.430,SPEAKER_00,圣经
test,0088,zh,15.450,15.510,SPEAKER_00,等
test,0088,zh,16.170,17.670,SPEAKER_00,神说的话什么怎么去
test,0088,zh,18.270,19.170,SPEAKER_00,解开点经的
test,0088,zh,20.670,22.290,SPEAKER_00,不远但我跟前不是
test,0088,zh,22.950,24.150,SPEAKER_00,干好事就就有
test,0088,zh,25.290,29.190,SPEAKER_00,差开一阵地窖我要是就是晚上的时候哈我就
test,0088,zh,29.730,30.270,SPEAKER_00,那个什么
test,0088,zh,31.110,37.890,SPEAKER_00,我白天没去上了晚上我我就上那去走着去就我现在是记性不好我还是
test,0088,zh,38.430,40.110,SPEAKER_00,老头不是腿也不能走吗
test,0088,zh,40.650,42.030,SPEAKER_00,我就还得买点
test,0088,zh,43.410,45.330,SPEAKER_00,多的我也拿菜的我也拿不动了
test,0088,zh,45.990,52.650,SPEAKER_00,我就买点那个什么缺点什么呢什么有油人酱醋的吧缺点什么吧给买点小吃点什么吗
test,0088,zh,53.550,57.690,SPEAKER_00,做饭我我做的现在也是动作怎么那么慢呢嗯
test,0088,zh,58.230,59.790,SPEAKER_00,我就是老头反正做
test,0089,zh,0.700,1.300,SPEAKER_00,鸡鸭
test,0089,zh,2.200,2.260,SPEAKER_00,狗
test,0089,zh,2.860,2.920,SPEAKER_00,毛
test,0089,zh,3.820,3.880,,呃
test,0089,zh,5.080,5.680,SPEAKER_00,猪羊
test,0089,zh,6.700,6.760,SPEAKER_00,牛
test,0089,zh,7.960,8.380,SPEAKER_00,呃驴
test,0089,zh,9.040,9.100,SPEAKER_00,呃
test,0089,zh,10.420,10.720,SPEAKER_00,骆驼
test,0089,zh,11.860,13.720,SPEAKER_00,小鸟呃那个什么
test,0089,zh,14.500,15.400,SPEAKER_00,怎么说呢鹤
test,0089,zh,16.360,16.600,SPEAKER_00,这个
test,0089,zh,18.160,18.220,,呃
test,0089,zh,19.060,19.300,SPEAKER_00,大雁
test,0089,zh,20.080,20.140,,嗯
test,0089,zh,21.640,23.080,SPEAKER_00,这个怎么这个怎么
test,0089,zh,26.600,26.900,SPEAKER_00,这个
test,0089,zh,31.070,31.310,SPEAKER_00,猴子
test,0089,zh,31.910,31.970,,呃
test,0089,zh,33.770,34.070,SPEAKER_00,猴子
test,0089,zh,35.030,35.270,SPEAKER_00,老虎
test,0089,zh,36.050,36.350,SPEAKER_00,狮子
test,0089,zh,37.010,37.070,,呃
test,0089,zh,38.510,38.570,,呃
test,0089,zh,40.670,40.730,SPEAKER_00,蛇
test,0089,zh,41.750,42.470,SPEAKER_00,这个龙
test,0089,zh,43.610,43.670,SPEAKER_00,马
test,0089,zh,44.750,44.810,,呃
test,0089,zh,45.770,45.830,SPEAKER_00,羊
test,0089,zh,46.970,47.030,,呃
test,0089,zh,49.430,49.730,SPEAKER_00,这个
test,0089,zh,51.530,51.590,,呃
test,0089,zh,52.250,53.630,SPEAKER_00,这个什么什么
test,0089,zh,53.630,53.690,,呃
test,0089,zh,54.590,54.890,SPEAKER_00,燕子
test,0089,zh,55.550,55.610,SPEAKER_00,呃
test,0089,zh,56.930,57.710,,是什么
test,0092,zh,0.090,0.570,SPEAKER_00,鼻子刀
test,0092,zh,1.350,3.270,SPEAKER_00,是吧这样都算嘛嗯工具
test,0092,zh,3.990,4.050,,嗯
test,0092,zh,4.950,5.850,SPEAKER_00,螺螺丝刀
test,0092,zh,6.390,6.810,SPEAKER_00,知了吗
test,0092,zh,7.470,7.950,SPEAKER_00,交通
test,0092,zh,7.950,8.189,,工具
test,0092,zh,9.030,9.090,SPEAKER_00,车
test,0092,zh,10.290,10.650,SPEAKER_00,交通车
test,0092,zh,11.790,12.570,SPEAKER_00,然后还有
test,0092,zh,13.890,15.030,SPEAKER_00,意思但是想不起来
test,0092,zh,16.170,16.410,SPEAKER_00,电笔
test,0092,zh,17.130,17.430,SPEAKER_00,然后
test,0092,zh,19.230,20.070,SPEAKER_00,想不起了
test,0092,zh,20.070,20.610,,西
test,0092,zh,20.610,24.330,SPEAKER_00,再说这锅碗瓢盆锅碗瓢盆那些都算
test,0092,zh,24.330,24.390,,嗯
test,0092,zh,26.190,26.430,SPEAKER_00,筷子
test,0092,zh,27.150,27.870,SPEAKER_00,然后还有
test,0092,zh,28.470,29.910,SPEAKER_00,猫狗狮子大杏
test,0092,zh,30.690,31.350,SPEAKER_00,骆驼嗯
test,0092,zh,32.910,33.210,SPEAKER_00,牛羊
test,0092,zh,36.430,36.670,SPEAKER_00,还有
test,0092,zh,37.570,37.630,SPEAKER_00,鹿
test,0092,zh,38.350,38.410,,嗯
test,0092,zh,39.490,39.850,SPEAKER_00,熊猫
test,0092,zh,42.900,42.960,,嗯
test,0092,zh,43.560,43.800,SPEAKER_00,猴子
test,0092,zh,45.720,45.780,SPEAKER_00,马
test,0092,zh,46.680,46.980,SPEAKER_00,河马
test,0092,zh,48.000,48.240,SPEAKER_00,还有
test,0092,zh,48.780,49.020,SPEAKER_00,老鼠
test,0092,zh,50.880,51.180,SPEAKER_00,孔雀
test,0092,zh,53.100,53.160,SPEAKER_00,鸡
test,0092,zh,54.120,54.600,SPEAKER_00,鸭鹅
test,0092,zh,55.440,55.500,SPEAKER_00,羊
test,0092,zh,56.100,56.400,SPEAKER_00,兔子
test,0092,zh,57.180,57.240,SPEAKER_00,猪
test,0092,zh,58.140,58.560,SPEAKER_00,牛马
test,0092,zh,59.220,59.280,,嗯
test,0093,zh,0.030,5.190,SPEAKER_00,这个妇女在厨房里头发现了这个水龙头一个劲的冒他当时拿着一个
test,0093,zh,5.850,17.850,SPEAKER_00,抹布可能是想堵这个水管的这个水呢冒的很稀所以说淌不下去在水池里头就溅出来躺到地上是这个情况这边呢这一个小孩想够这个
test,0093,zh,18.750,28.230,SPEAKER_00,饼干他吃着凳子吃着凳子以后想去拿饼干也可能是给他的一个姊妹嘛不是妹妹是姐姐是给他拿拿了以后也
test,0093,zh,29.190,29.550,SPEAKER_00,这个手
test,0093,zh,30.090,35.670,SPEAKER_00,拿着东西想递个下边的一个呃就歪了吃着凳子就歪了要水道就是这种
test,0093,zh,36.330,38.970,SPEAKER_00,图案吧工具哎有木工的
test,0093,zh,39.630,40.290,SPEAKER_00,抱子锯
test,0093,zh,41.370,41.610,SPEAKER_00,桌子
test,0093,zh,42.330,42.570,SPEAKER_00,锤子
test,0093,zh,43.710,44.010,SPEAKER_00,站着
test,0093,zh,45.940,45.970,,嗯
test,0093,zh,47.110,47.410,SPEAKER_00,还有
test,0093,zh,48.490,48.550,,嗯
test,0093,zh,49.630,50.230,SPEAKER_00,电焊铅
test,0093,zh,51.490,51.550,SPEAKER_00,嗯
test,0093,zh,52.150,52.750,SPEAKER_00,还有这个
test,0093,zh,54.070,54.129,,嗯
test,0093,zh,54.970,55.330,SPEAKER_00,铁先
test,0093,zh,57.860,58.160,SPEAKER_00,这头
test,0093,zh,59.360,59.660,,呢嗯
test,0094,zh,0.000,0.690,SPEAKER_00,这个女的说是
test,0094,zh,1.410,4.290,SPEAKER_00,是要洗衣服是干什么不知道哎呦下
test,0094,zh,4.890,5.970,SPEAKER_00,这是手里拿的什么
test,0094,zh,7.110,7.590,SPEAKER_00,衣服吧
test,0094,zh,8.310,8.790,SPEAKER_00,拿了衣服
test,0094,zh,9.390,18.990,SPEAKER_00,是先洗衣服吧再洗衣机吧再拿衣服洗衣服吧这是么这也是拉东西嘛可能拿什么吃的小孩这这个人在那取东西这个小孩
test,0094,zh,20.070,25.530,SPEAKER_00,这想要什么是不是拉什么东西给小孩这个人是洗衣服嘛这个
test,0094,zh,26.250,28.230,SPEAKER_00,这也不想洗衣机在洗衣服吧
test,0094,zh,29.010,29.310,SPEAKER_00,这谁
test,0094,zh,30.630,35.730,SPEAKER_00,这水吃还有什么没有什么东西这个东西这个人在那块这个凳子的
test,0094,zh,36.630,36.930,SPEAKER_00,歪了
test,0094,zh,37.710,39.570,SPEAKER_00,但是他坐在这上面也无所谓
test,0094,zh,40.290,43.230,SPEAKER_00,这个这个就是这个嘛这就是这可能拿东西
test,0094,zh,43.890,46.230,SPEAKER_00,这小孩可能是要拿东西吃啊是干什么的
test,0094,zh,48.210,48.690,SPEAKER_00,吃狗
test,0094,zh,50.010,51.270,SPEAKER_00,牛羊嗯还有
test,0094,zh,52.230,52.290,SPEAKER_00,马
test,0094,zh,52.950,55.230,SPEAKER_00,什么骆驼什么还有什么
test,0094,zh,55.230,55.290,,嗯
test,0094,zh,58.890,59.610,SPEAKER_00,机构嗯
test,0095,zh,0.380,0.440,,嗯
test,0095,zh,1.940,2.300,SPEAKER_00,这是
test,0095,zh,3.860,4.160,SPEAKER_00,盘子
test,0095,zh,4.760,5.300,SPEAKER_00,盘帘
test,0095,zh,5.900,7.820,SPEAKER_00,这边一里面一个一个
test,0095,zh,9.020,9.560,SPEAKER_00,这边是
test,0095,zh,11.120,11.540,SPEAKER_00,好像是
test,0095,zh,13.340,13.580,SPEAKER_00,厨房
test,0095,zh,14.120,14.660,SPEAKER_00,对面是
test,0095,zh,15.260,15.740,SPEAKER_00,休息室
test,0095,zh,16.880,17.720,SPEAKER_00,是不是
test,0095,zh,17.720,17.780,,嗯
test,0095,zh,18.380,18.740,SPEAKER_00,没有了
test,0095,zh,19.400,19.640,SPEAKER_00,窗帘
test,0095,zh,20.720,21.140,SPEAKER_00,最还
test,0095,zh,21.680,22.280,SPEAKER_00,最快还
test,0095,zh,23.240,23.900,SPEAKER_00,躺着一个人
test,0095,zh,24.500,24.860,SPEAKER_00,没有了
test,0095,zh,25.460,27.980,SPEAKER_00,没有了不轻松答的不好不难
test,0095,zh,29.540,30.140,SPEAKER_00,记不住了
test,0095,zh,30.920,32.180,SPEAKER_00,就记得了脑子不行
test,0095,zh,32.900,33.320,SPEAKER_00,回去吃
test,0095,zh,34.520,35.960,SPEAKER_00,爱吃不知道随便
test,0095,zh,36.560,38.240,SPEAKER_00,还行不冷躺着坐着
test,0095,zh,39.140,40.460,SPEAKER_00,我就喜欢看新闻
test,0095,zh,41.180,41.420,SPEAKER_00,今天
test,0095,zh,42.080,43.880,SPEAKER_00,看了一点我记不住了
test,0095,zh,44.480,46.100,SPEAKER_00,戴眼镜能看见一般的
test,0095,zh,47.780,48.140,SPEAKER_00,室内
test,0095,zh,49.700,51.740,SPEAKER_00,光线不好看不太清
test,0095,zh,51.740,51.800,,嗯
test,0095,zh,52.460,59.660,SPEAKER_00,戴眼镜能看不记得了不怎么买东西我们很少出去买东西不吃了嗯还行吧
test,0095,zh,59.660,59.720,,啊
test,0096,zh,0.150,3.750,SPEAKER_00,鸡鸭羊牛毛羊牛老鼠兔子老虎
test,0096,zh,4.290,5.070,SPEAKER_00,豹什么猫
test,0096,zh,5.670,6.210,SPEAKER_00,老虎猫
test,0096,zh,6.750,7.770,SPEAKER_00,动物都可以是吧呃
test,0096,zh,8.490,10.110,SPEAKER_00,麻雀什么老鹰
test,0096,zh,10.710,11.010,SPEAKER_00,麻雀
test,0096,zh,11.550,20.190,SPEAKER_00,老鹰还有动物当中就是还有狗还有还有蟑螂这都算吧猪物牛羊马猪油羊马
test,0096,zh,20.730,21.330,SPEAKER_00,还有鱼
test,0096,zh,21.870,24.390,SPEAKER_00,什么这个鱼那个鱼多了鲤鱼黄鱼
test,0096,zh,25.110,25.830,SPEAKER_00,什么草鱼
test,0096,zh,26.370,31.410,SPEAKER_00,什么三文鱼植物那个菜也算吧植物就算这柳树榕树
test,0096,zh,32.009,36.150,SPEAKER_00,香蕉也算吧香蕉不算什么木棉树柳树动物松树
test,0096,zh,36.690,59.670,SPEAKER_00,榆树松树榆树水曲柳什么红松白松红松白松你举个例子开关开水看明开关开开始开心开放开始也说过了开启开头开启这两个字了水灾水饭水龙头水深火叶反过来不行木水那不行水水灾水饭水龙头我只知道今
test,0097,zh,0.090,0.390,SPEAKER_00,生菜
test,0097,zh,1.470,1.710,SPEAKER_00,芹菜
test,0097,zh,3.570,4.170,SPEAKER_00,生菜
test,0097,zh,4.770,4.830,SPEAKER_00,芹
test,0097,zh,6.330,6.570,,芹菜
test,0097,zh,8.430,9.030,SPEAKER_00,家庭菜
test,0097,zh,10.830,11.190,SPEAKER_00,香菜
test,0097,zh,12.750,12.990,SPEAKER_00,记菜
test,0097,zh,14.930,15.830,SPEAKER_00,你就是那样
test,0097,zh,18.410,18.830,SPEAKER_00,铁先
test,0097,zh,22.130,22.370,SPEAKER_00,斧头
test,0097,zh,24.410,24.470,,搞
test,0097,zh,26.980,27.040,SPEAKER_00,梨
test,0097,zh,30.310,30.670,SPEAKER_00,三成
test,0097,zh,32.650,33.550,SPEAKER_00,就是屋里用的
test,0097,zh,34.150,34.630,SPEAKER_00,条帚
test,0097,zh,35.830,36.190,SPEAKER_00,扫帚
test,0097,zh,38.460,38.940,SPEAKER_00,刷手
test,0097,zh,41.410,42.010,SPEAKER_00,锅铲子
test,0097,zh,42.790,43.150,SPEAKER_00,勺子
test,0097,zh,46.450,47.530,SPEAKER_00,这算假究算
test,0097,zh,50.560,50.980,SPEAKER_00,闭子
test,0097,zh,54.160,54.340,SPEAKER_00,笼屉
test,0097,zh,54.940,56.680,SPEAKER_00,啊家就箱子柜子了
test,0097,zh,57.940,59.080,SPEAKER_00,箱子柜
test,0097,zh,59.080,59.140,,子
test,0098,zh,0.270,1.050,SPEAKER_00,我在看书
test,0098,zh,1.650,5.310,SPEAKER_00,就可以了跟他图片匹配嗯是病句匹配嗯
test,0098,zh,5.850,9.930,SPEAKER_00,没什么问题不对有病句他说的不对他骑车这
test,0098,zh,10.470,16.890,SPEAKER_00,匹配话说的不对这个说这个跟图匹配也还可以没病句还可以他匹配有
test,0098,zh,17.490,23.070,SPEAKER_00,有问题他在插桌子嗯还行还可以他在我就觉得他在插桌子
test,0098,zh,23.730,24.030,SPEAKER_00,有病
test,0098,zh,24.630,24.930,SPEAKER_00,匹配
test,0098,zh,25.710,26.070,SPEAKER_00,没问题
test,0098,zh,26.970,27.630,SPEAKER_00,匹配是
test,0098,zh,28.710,31.110,SPEAKER_00,匹配话有毛病但是话有毛病
test,0098,zh,31.890,33.150,SPEAKER_00,他把饭吃光了
test,0098,zh,33.150,33.330,,应
test,0098,zh,33.330,42.810,SPEAKER_00,该匹配匹配他他什么他赶你再说一遍嗯没他喂妈妈是他妈妈喂他这妈妈喂孩子他话说的没有毛病不匹配对呀
test,0098,zh,43.470,45.510,SPEAKER_00,有病句有毛病他一桶
test,0098,zh,46.050,47.550,SPEAKER_00,扛了水他扛水
test,0098,zh,48.210,48.270,,这
test,0098,zh,49.110,49.410,SPEAKER_00,匹配
test,0098,zh,49.950,50.490,SPEAKER_00,图匹配
test,0098,zh,51.030,51.930,SPEAKER_00,话不对
test,0098,zh,51.930,51.990,,嗯
test,0098,zh,52.650,57.510,SPEAKER_00,都看不出这事情啥玩意儿的他俩是一个人吗他也不是一个人这是一家人
test,0098,zh,58.410,59.370,SPEAKER_00,他俩多大人呢
test,0099,zh,2.240,2.540,SPEAKER_00,剪刀
test,0099,zh,3.320,4.040,SPEAKER_00,啊菜刀
test,0099,zh,5.180,5.420,SPEAKER_00,铲子
test,0099,zh,6.860,7.100,SPEAKER_00,叉子
test,0099,zh,8.240,8.660,SPEAKER_00,铁先
test,0099,zh,9.440,9.500,,嗯
test,0099,zh,10.340,10.580,SPEAKER_00,羊镐
test,0099,zh,11.600,12.440,SPEAKER_00,啊抓钩
test,0099,zh,13.520,13.580,,呃
test,0099,zh,15.140,15.440,SPEAKER_00,这个
test,0099,zh,16.040,16.340,SPEAKER_00,钳子
test,0099,zh,18.020,18.260,SPEAKER_00,锯子
test,0099,zh,19.640,19.880,SPEAKER_00,刨子
test,0099,zh,21.080,21.140,,啊
test,0099,zh,21.920,22.220,SPEAKER_00,勺子
test,0099,zh,25.720,26.200,,什么木
test,0099,zh,26.200,26.800,SPEAKER_00,工锯子
test,0099,zh,27.880,28.060,,什么
test,0099,zh,29.920,29.980,SPEAKER_00,针
test,0099,zh,31.180,31.420,SPEAKER_00,剪刀
test,0099,zh,35.600,35.660,SPEAKER_00,猫
test,0099,zh,36.320,36.380,,狗
test,0099,zh,37.460,37.520,SPEAKER_00,虎
test,0099,zh,38.480,38.540,SPEAKER_00,豹
test,0099,zh,39.320,39.680,SPEAKER_00,狮子
test,0099,zh,40.520,40.820,SPEAKER_00,骆驼
test,0099,zh,42.020,42.260,SPEAKER_00,大象
test,0099,zh,44.000,44.420,SPEAKER_00,金丝猴
test,0099,zh,45.620,46.040,SPEAKER_00,大猩猩
test,0099,zh,50.090,50.330,SPEAKER_00,鲸鱼
test,0099,zh,51.170,51.230,,呃
test,0099,zh,52.250,52.550,SPEAKER_00,熊毛
test,0099,zh,56.530,58.090,SPEAKER_00,动物也都都赛是吧
test,0099,zh,58.090,58.150,,嗯
test,0099,zh,59.110,59.770,SPEAKER_00,七星瓢虫
test,0101,zh,0.090,0.150,,嗯
test,0101,zh,0.750,2.550,SPEAKER_00,动物园那些都还有什么呀
test,0101,zh,3.930,4.410,SPEAKER_00,小猪猫
test,0101,zh,5.970,6.630,SPEAKER_00,就是长
test,0101,zh,7.170,10.770,SPEAKER_00,长长皮的就是这些吧这这是饼干
test,0101,zh,11.310,11.610,SPEAKER_00,干嘛
test,0101,zh,12.690,14.550,SPEAKER_00,孩子正瞪着拿饼干吃
test,0101,zh,16.230,16.530,SPEAKER_00,是不
test,0101,zh,17.430,17.490,SPEAKER_00,就
test,0101,zh,18.270,19.770,SPEAKER_00,这个就完了就该说这边
test,0101,zh,20.490,23.310,SPEAKER_00,这个干嘛呢这也是在厨房啊
test,0101,zh,23.910,26.370,SPEAKER_00,我看不出它干嘛他拿着个盘子
test,0101,zh,27.150,29.610,SPEAKER_00,盘子干嘛这这是个小动物
test,0101,zh,30.630,30.870,SPEAKER_00,好像
test,0101,zh,32.610,34.890,SPEAKER_00,这眼睛也不好听光眼白你这
test,0101,zh,35.430,38.070,SPEAKER_00,这这是也是盘子呀说呀哦
test,0101,zh,39.150,40.410,SPEAKER_00,这是水池子
test,0101,zh,41.850,43.350,SPEAKER_00,水池子水流
test,0101,zh,43.890,44.610,SPEAKER_00,流出来了
test,0101,zh,45.390,49.110,SPEAKER_00,这是水水这是水龙头这俩是什么呀
test,0101,zh,50.250,53.250,SPEAKER_00,那是什么我看不这拿着擦布
test,0101,zh,53.250,53.310,,嗯
test,0101,zh,54.630,55.350,SPEAKER_00,哎还说
test,0101,zh,56.130,58.170,SPEAKER_00,那没什么的吧这个就是射
test,0101,zh,59.250,59.670,SPEAKER_00,筐子吗
test,0102,zh,0.270,0.330,SPEAKER_00,鸡
test,0102,zh,1.050,1.110,SPEAKER_00,鸭
test,0102,zh,2.130,2.190,SPEAKER_00,狗
test,0102,zh,3.090,3.150,SPEAKER_00,猫
test,0102,zh,4.290,4.350,,兔
test,0102,zh,6.030,6.090,SPEAKER_00,牛
test,0102,zh,8.730,8.790,SPEAKER_00,羊
test,0102,zh,11.250,12.330,SPEAKER_00,老虎狮子
test,0102,zh,13.530,13.590,SPEAKER_00,豹
test,0102,zh,14.970,15.210,SPEAKER_00,海豹
test,0102,zh,16.650,16.710,SPEAKER_00,鹿
test,0102,zh,18.330,18.570,SPEAKER_00,孔雀
test,0102,zh,20.310,20.550,SPEAKER_00,麋鹿
test,0102,zh,23.320,23.380,,哎
test,0102,zh,24.040,24.100,SPEAKER_00,与
test,0102,zh,26.910,27.150,SPEAKER_00,猴子
test,0102,zh,28.650,28.890,SPEAKER_00,大象
test,0102,zh,31.110,31.350,SPEAKER_00,猎豹
test,0102,zh,33.570,33.810,SPEAKER_00,山羊
test,0102,zh,35.910,36.210,SPEAKER_00,兔子
test,0102,zh,38.870,39.110,SPEAKER_00,锄头
test,0102,zh,40.549,40.610,,犁
test,0102,zh,42.590,42.890,SPEAKER_00,榔头
test,0102,zh,43.970,44.270,SPEAKER_00,钳子
test,0102,zh,45.950,46.430,SPEAKER_00,螺丝刀
test,0102,zh,48.760,48.820,SPEAKER_00,刀
test,0102,zh,50.320,50.380,,斧
test,0102,zh,53.330,54.890,SPEAKER_00,汽车这也算多吧
test,0102,zh,57.780,58.200,SPEAKER_00,自行车
test,0104,zh,0.030,3.810,SPEAKER_00,脸啊什么这就甭用说了这不是窗帘吗窗子
test,0104,zh,5.010,6.630,SPEAKER_00,这是厨房柜子
test,0104,zh,6.630,6.810,,哎有
test,0104,zh,7.950,8.550,SPEAKER_00,我把这个
test,0104,zh,10.110,10.350,SPEAKER_00,捂是
test,0104,zh,10.890,14.490,SPEAKER_00,这这个饼干盒这个是窗外他就甭说了
test,0104,zh,15.510,15.810,SPEAKER_00,是吧
test,0104,zh,17.070,17.790,SPEAKER_00,那这个呢
test,0104,zh,18.510,18.810,SPEAKER_00,盒盖
test,0104,zh,19.650,21.390,SPEAKER_00,他这拿着呢给他
test,0104,zh,22.110,25.050,SPEAKER_00,躺这孩子这还一孩子这孩子接着呢
test,0104,zh,25.590,28.230,SPEAKER_00,孩子这孩子拿着手拿什么的
test,0104,zh,29.250,31.830,SPEAKER_00,看不清这他踩着凳子了
test,0104,zh,32.369,35.070,SPEAKER_00,这饭桶都这样哎呀我也是了
test,0104,zh,39.180,40.680,SPEAKER_00,没有啊就是这个
test,0104,zh,40.680,40.799,,了
test,0104,zh,40.799,43.380,SPEAKER_00,啊那他够不着啊他踩踩灯了
test,0104,zh,43.920,44.220,SPEAKER_00,稀了
test,0104,zh,45.360,47.040,SPEAKER_00,水流地下就是大树
test,0104,zh,48.180,48.480,SPEAKER_00,松树
test,0104,zh,50.700,51.180,SPEAKER_00,松树
test,0104,zh,52.200,53.040,SPEAKER_00,那个枣树
test,0104,zh,54.480,54.540,SPEAKER_00,啊
test,0104,zh,55.080,55.560,SPEAKER_00,核桃树
test,0104,zh,56.640,57.600,SPEAKER_00,水果树我觉得
test,0104,zh,58.380,59.700,SPEAKER_00,这不就好说了吗
test,0105,zh,0.500,1.220,SPEAKER_00,前去
test,0105,zh,1.220,1.280,,呃
test,0105,zh,2.780,3.020,SPEAKER_00,不行
test,0105,zh,3.680,6.320,SPEAKER_00,刚出于这数着嘞是吧
test,0105,zh,7.220,8.600,SPEAKER_00,圆珠笔手表啊
test,0105,zh,19.400,20.540,SPEAKER_00,开门开锁
test,0105,zh,22.400,23.120,SPEAKER_00,开机器
test,0105,zh,23.900,24.560,SPEAKER_00,开抽屉
test,0105,zh,25.280,25.820,SPEAKER_00,开汽车
test,0105,zh,28.770,28.830,SPEAKER_00,开
test,0105,zh,30.150,30.450,SPEAKER_00,开拔
test,0105,zh,31.350,31.650,SPEAKER_00,开把
test,0105,zh,32.730,33.390,SPEAKER_00,不对就行
test,0105,zh,33.930,34.230,SPEAKER_00,开心
test,0105,zh,35.430,36.390,SPEAKER_00,开门开锁
test,0105,zh,37.470,37.950,SPEAKER_00,开空调
test,0105,zh,38.970,39.210,SPEAKER_00,冻死
test,0105,zh,41.130,43.590,SPEAKER_00,喝水哎行啊水水是开头
test,0105,zh,44.730,45.030,SPEAKER_00,水流
test,0105,zh,46.110,46.410,SPEAKER_00,水汽
test,0105,zh,47.610,47.850,SPEAKER_00,水流
test,0105,zh,48.930,50.970,SPEAKER_00,水流水蒸气是一码事啊
test,0105,zh,51.630,52.830,SPEAKER_00,必须水打头
test,0105,zh,53.850,54.150,SPEAKER_00,水塘
test,0105,zh,55.050,55.410,SPEAKER_00,水汽
test,0108,zh,0.490,0.790,SPEAKER_00,开门
test,0108,zh,2.650,3.010,SPEAKER_00,开车
test,0108,zh,5.970,6.210,SPEAKER_00,开发
test,0108,zh,6.990,7.290,SPEAKER_00,开发
test,0108,zh,9.880,10.120,SPEAKER_00,开始
test,0108,zh,12.300,12.900,SPEAKER_00,开动不行
test,0108,zh,13.740,13.800,,开
test,0108,zh,14.400,14.700,SPEAKER_00,开动
test,0108,zh,16.520,16.880,SPEAKER_00,就这样
test,0108,zh,18.660,19.320,SPEAKER_00,想不起来了
test,0108,zh,19.920,21.120,SPEAKER_00,常用的这这两个
test,0108,zh,22.380,23.940,SPEAKER_00,嗯嗯开会
test,0108,zh,28.200,28.440,SPEAKER_00,开始
test,0108,zh,29.580,30.120,SPEAKER_00,开始了
test,0108,zh,30.720,32.580,SPEAKER_00,小狗啊小猫啊呃
test,0108,zh,34.020,34.620,SPEAKER_00,大象啊
test,0108,zh,35.280,35.520,SPEAKER_00,小兔
test,0108,zh,36.420,36.480,,嗯
test,0108,zh,37.380,37.680,SPEAKER_00,小兔
test,0108,zh,38.880,38.940,SPEAKER_00,熊
test,0108,zh,41.100,41.820,SPEAKER_00,猪蛛死
test,0108,zh,44.100,45.180,SPEAKER_00,马呀你回去了
test,0108,zh,48.000,48.720,SPEAKER_00,那个鹿
test,0108,zh,49.920,49.980,SPEAKER_00,鹿
test,0108,zh,51.840,52.020,SPEAKER_00,反正
test,0108,zh,52.740,54.360,SPEAKER_00,这就常见的马说
test,0108,zh,58.170,59.190,SPEAKER_00,那个长颈路
test,0111,zh,0.330,0.570,SPEAKER_00,柜子
test,0111,zh,1.710,1.770,,呃
test,0111,zh,3.030,3.090,SPEAKER_00,手
test,0111,zh,3.630,4.590,SPEAKER_00,这个手橱
test,0111,zh,6.270,6.630,SPEAKER_00,手橱
test,0111,zh,8.730,8.790,,呃
test,0111,zh,9.690,10.230,SPEAKER_00,办公桌
test,0111,zh,12.870,13.350,SPEAKER_00,办公桌
test,0111,zh,14.550,14.610,,嗯
test,0111,zh,16.350,17.550,SPEAKER_00,盛衣服的木箱
test,0111,zh,18.090,20.790,SPEAKER_00,木箱我现在木箱的人为什没是不用
test,0111,zh,21.870,21.930,,嗯
test,0111,zh,24.630,24.930,SPEAKER_00,板凳
test,0111,zh,26.550,26.610,,嗯
test,0111,zh,27.510,27.810,SPEAKER_00,板凳
test,0111,zh,28.590,28.650,SPEAKER_00,床
test,0111,zh,30.510,30.570,,嗯
test,0111,zh,32.970,33.030,,床
test,0111,zh,34.470,34.710,SPEAKER_00,方凳
test,0111,zh,36.630,36.690,,嗯
test,0111,zh,41.830,42.550,SPEAKER_00,想回来多少
test,0111,zh,44.470,44.770,SPEAKER_00,红灯
test,0111,zh,48.510,49.470,SPEAKER_00,哎算了还
test,0111,zh,50.730,51.690,SPEAKER_00,剪刀菜刀
test,0111,zh,52.710,53.010,SPEAKER_00,这个
test,0111,zh,54.810,55.650,SPEAKER_00,剪刀小刀
test,0111,zh,56.670,56.730,,呃
test,0111,zh,58.170,58.530,SPEAKER_00,自行车
test,0115,zh,1.350,1.770,SPEAKER_00,猎狗
test,0115,zh,3.510,3.930,SPEAKER_00,熊猫
test,0115,zh,7.000,7.060,,嗯
test,0115,zh,9.100,9.940,SPEAKER_00,我想起来了
test,0115,zh,10.960,11.920,SPEAKER_00,想起来了嗯
test,0115,zh,14.700,15.120,SPEAKER_00,猴子
test,0115,zh,17.160,17.460,SPEAKER_00,驼鸟
test,0115,zh,19.560,20.040,SPEAKER_00,长颈鹿
test,0115,zh,21.540,21.780,SPEAKER_00,犀牛
test,0115,zh,23.340,23.580,SPEAKER_00,斑马
test,0115,zh,28.290,29.070,SPEAKER_00,天鹅蓝
test,0115,zh,33.420,34.260,SPEAKER_00,我想不起来了
test,0115,zh,35.880,36.540,SPEAKER_00,去家可索
test,0115,zh,38.820,39.780,SPEAKER_00,第一个字就是水
test,0115,zh,40.980,41.880,SPEAKER_00,用水浇花
test,0115,zh,42.660,42.720,,嗯
test,0115,zh,44.820,45.780,SPEAKER_00,第一个字是水
test,0115,zh,47.220,50.160,SPEAKER_00,想不起来了不会说了说出来了
test,0115,zh,51.120,51.600,SPEAKER_00,随呗
test,0115,zh,52.560,52.620,SPEAKER_00,这
test,0115,zh,53.220,54.360,SPEAKER_00,想不起来水呗
test,0115,zh,55.260,55.740,SPEAKER_00,乒乓球
test,0117,zh,0.620,3.140,SPEAKER_00,盘子好像是啊这个上这个
test,0117,zh,4.220,5.360,SPEAKER_00,刚才那说那个
test,0117,zh,5.900,7.040,SPEAKER_00,差点摔着他是
test,0117,zh,7.700,9.260,SPEAKER_00,好像是拿饼干去了吧
test,0117,zh,9.860,10.160,SPEAKER_00,这是
test,0117,zh,11.420,12.080,SPEAKER_00,洗东西
test,0117,zh,12.740,13.520,SPEAKER_00,水都流了
test,0117,zh,14.120,17.240,SPEAKER_00,留的外头都是这个女士的话呢拿一盘子
test,0117,zh,18.440,19.040,SPEAKER_00,拿着这个
test,0117,zh,20.900,21.140,SPEAKER_00,毛巾
test,0117,zh,21.980,23.840,SPEAKER_00,擦盘子他的窗户外头
test,0117,zh,24.560,24.920,SPEAKER_00,都有
test,0117,zh,25.940,26.600,SPEAKER_00,种的这个
test,0117,zh,27.800,29.060,SPEAKER_00,种的草啊什么
test,0117,zh,29.600,31.160,SPEAKER_00,这些东西弄的都
test,0117,zh,32.060,32.360,SPEAKER_00,都挺
test,0117,zh,33.260,34.520,SPEAKER_00,都挺好的组词
test,0118,zh,0.090,0.630,SPEAKER_00,这是一个
test,0118,zh,2.190,3.210,SPEAKER_00,这是个男孩吧
test,0118,zh,4.050,11.370,SPEAKER_00,他踩着凳子到底柜子是哪饼干这凳子呢歪倒了钥匙要钥匙很危险
test,0118,zh,12.450,17.010,SPEAKER_00,这女孩是咱妹妹吧告诉他要小心呢妈妈呢是在这边
test,0118,zh,19.220,19.820,SPEAKER_00,洗盘子
test,0118,zh,20.660,21.440,SPEAKER_00,精力不大多
test,0118,zh,22.520,24.740,SPEAKER_00,居中好像眼睛往外看什么事情
test,0118,zh,25.400,28.760,SPEAKER_00,结果这水池子的水都流满了一道滴下来
test,0118,zh,30.670,31.750,SPEAKER_00,桌面上放的有
test,0118,zh,32.890,36.910,SPEAKER_00,这两瓶也算是洗涤用品吧这是一个盘子这是
test,0118,zh,37.870,39.490,SPEAKER_00,这是开关的龙头
test,0118,zh,40.090,42.670,SPEAKER_00,这两是开关的柜子嘛一共是有
test,0118,zh,43.270,44.050,SPEAKER_00,一个两个
test,0118,zh,45.250,45.970,SPEAKER_00,三个四
test,0118,zh,46.570,51.850,SPEAKER_00,按门算吧一个门两个门三个四五个六七个八个门的柜子是下边的
test,0118,zh,52.630,56.230,SPEAKER_00,上边的柜子是有三个门这里放的是饼干啊
test,0118,zh,56.890,57.730,SPEAKER_00,小女孩呢
test,0118,zh,58.450,59.110,SPEAKER_00,这个手在
test,0118,zh,59.710,59.770,SPEAKER_00,中
test,0119,zh,0.330,0.570,SPEAKER_00,说是
test,0119,zh,1.830,2.130,SPEAKER_00,老虎
test,0119,zh,2.910,3.270,SPEAKER_00,狮子
test,0119,zh,4.110,4.170,SPEAKER_00,豹
test,0119,zh,5.070,5.130,,嗯
test,0119,zh,6.150,6.390,SPEAKER_00,大雁
test,0119,zh,7.410,7.470,,嗯
test,0119,zh,11.860,12.100,SPEAKER_00,这个
test,0119,zh,12.940,13.360,SPEAKER_00,兔子
test,0119,zh,14.320,14.380,,嗯
test,0119,zh,17.740,18.160,SPEAKER_00,乌龟
test,0119,zh,18.880,18.940,,呃
test,0119,zh,19.960,20.260,SPEAKER_00,这个
test,0119,zh,21.700,21.940,SPEAKER_00,蟒蛇
test,0119,zh,23.140,24.100,SPEAKER_00,这个什么
test,0119,zh,24.820,24.880,,嗯
test,0119,zh,26.260,26.320,SPEAKER_00,鱼
test,0119,zh,27.700,28.300,SPEAKER_00,大鲸鱼
test,0119,zh,29.020,29.560,SPEAKER_00,大鲨鱼
test,0119,zh,30.880,31.120,SPEAKER_00,这个
test,0119,zh,32.440,34.180,SPEAKER_00,大雁大雁说过了吧
test,0119,zh,34.840,36.100,SPEAKER_00,那个什么叫什么
test,0119,zh,37.300,37.480,SPEAKER_00,不会
test,0119,zh,38.380,38.440,,嗯
test,0119,zh,40.600,40.660,,呃
test,0119,zh,41.200,41.500,SPEAKER_00,兔子
test,0119,zh,42.340,42.400,SPEAKER_00,羊
test,0119,zh,43.420,43.480,,呃
test,0119,zh,45.400,45.460,SPEAKER_00,牛
test,0119,zh,47.200,47.260,,呃
test,0119,zh,48.880,48.940,SPEAKER_00,猪
test,0119,zh,50.500,50.560,,呃
test,0119,zh,52.960,54.640,SPEAKER_00,还有什么那个带鱼
test,0119,zh,55.240,55.960,SPEAKER_00,什么呃
test,0119,zh,58.600,58.660,SPEAKER_00,海
test,0119,zh,59.620,59.800,SPEAKER_00,不会
test,AD_F_030807_001,zh,0.000,0.030,,嗯
test,AD_F_030807_001,zh,1.530,1.590,SPEAKER_00,我
test,AD_F_030807_001,zh,2.130,2.310,SPEAKER_00,然后
test,AD_F_030807_001,zh,2.850,3.870,SPEAKER_00,这里来来这里
test,AD_F_030807_001,zh,4.890,4.950,SPEAKER_00,吸
test,AD_F_030807_001,zh,5.730,13.350,SPEAKER_00,吸水我这个主要给你讲是吧嗯然后自来水开着那里自来水满全的满全的了就
test,AD_F_030807_001,zh,14.310,17.430,SPEAKER_00,然后两个小小孩爬上去拿饼干吃
test,AD_F_030807_001,zh,18.630,21.510,SPEAKER_00,那任子又饭去了不是是这样子讲吗嗯
test,AD_F_030807_001,zh,22.110,22.170,SPEAKER_00,嗯
test,AD_F_030807_001,zh,23.250,24.330,SPEAKER_00,那饼饼干就
test,AD_F_030807_001,zh,26.950,28.090,SPEAKER_00,人自己有烦躁了
test,AD_F_030807_001,zh,28.749,28.930,SPEAKER_00,难免
test,AD_F_040006_001,zh,0.640,0.700,,嗯
test,AD_F_040006_001,zh,1.720,4.360,SPEAKER_00,老老老老胡呃那个牛
test,AD_F_040006_001,zh,4.960,5.140,SPEAKER_00,那个
test,AD_F_040006_001,zh,5.680,6.280,SPEAKER_00,牛呃
test,AD_F_040006_001,zh,8.080,8.140,SPEAKER_00,大
test,AD_F_040006_001,zh,9.520,10.000,SPEAKER_00,大什么
test,AD_F_040006_001,zh,10.960,11.800,SPEAKER_00,还有是什么的
test,AD_F_040006_001,zh,17.560,18.400,SPEAKER_00,还有好多东西呢
test,AD_F_040006_001,zh,19.000,20.080,SPEAKER_00,大大牛小牛
test,AD_F_040006_001,zh,21.460,22.060,SPEAKER_00,还有那个
test,AD_F_040006_001,zh,24.540,25.260,SPEAKER_00,还有什么呀
test,AD_F_040006_001,zh,25.920,26.460,SPEAKER_00,都等于
test,AD_F_040006_001,zh,29.420,30.200,SPEAKER_00,老虎呃
test,AD_F_040006_001,zh,30.800,31.340,SPEAKER_00,还有那个
test,AD_F_040006_001,zh,36.710,37.250,SPEAKER_00,还有什么
test,AD_F_040006_001,zh,38.509,39.410,SPEAKER_00,鸡鸭嗯
test,AD_F_040006_001,zh,40.130,40.730,SPEAKER_00,还有那个
test,AD_F_040006_001,zh,45.450,47.490,SPEAKER_00,吃的那个吃的那些东西呢还有
test,AD_F_040006_001,zh,50.020,51.160,SPEAKER_00,就是好多吃着呢
test,AD_F_040006_001,zh,51.700,55.120,SPEAKER_00,没没有没记住就是两个消小黄消息
test,AD_F_040006_001,zh,55.840,56.500,SPEAKER_00,这个大人
test,AD_F_040006_001,zh,57.460,58.660,SPEAKER_00,这个是那个老师
test,AD_F_040006_002,zh,0.400,0.460,SPEAKER_00,在
test,AD_F_040006_002,zh,1.480,2.800,SPEAKER_00,手里头带拿着一个
test,AD_F_040006_002,zh,3.760,5.500,SPEAKER_00,哎这一个好像给别的那个
test,AD_F_040006_002,zh,7.240,7.300,SPEAKER_00,东
test,AD_F_040006_002,zh,9.160,10.540,SPEAKER_00,然后哎呀呀错了
test,AD_F_040006_002,zh,11.080,15.580,SPEAKER_00,然后这两个两个呢两个是一个一个一个女孩一个男孩
test,AD_F_040006_002,zh,17.200,17.860,SPEAKER_00,那个女女
test,AD_F_040006_002,zh,18.460,19.000,SPEAKER_00,女孩的
test,AD_F_040006_002,zh,19.600,19.780,SPEAKER_00,男孩
test,AD_F_040006_002,zh,20.380,22.600,SPEAKER_00,爬到上面去把他那个东西拿下来了
test,AD_F_040006_002,zh,23.380,26.620,SPEAKER_00,这个是那个老师去弄他的东西嗯就这个
test,AD_F_040006_002,zh,27.280,28.000,SPEAKER_00,这个是老师
test,AD_F_040006_002,zh,28.600,31.720,SPEAKER_00,老师那个就是他就是拿拿这个东西嘛
test,AD_F_040006_002,zh,32.320,32.860,SPEAKER_00,然后那个
test,AD_F_040006_002,zh,33.520,38.380,SPEAKER_00,我再拿下来的他帽子好像是然后这个这个小小小小小女孩
test,AD_F_040006_002,zh,38.980,48.700,SPEAKER_00,也是把什么东西弄到上面去了然后他这个男的就跑到上面去把他给拿下来了是不是然后他那那个也是掉弄到上面他就他就给拿下了
test,AD_F_040108_001,zh,0.000,0.030,,呃
test,AD_F_040108_001,zh,0.930,0.990,,呃
test,AD_F_040108_001,zh,1.530,2.910,SPEAKER_00,一个妹妹大我
test,AD_F_040108_001,zh,4.710,5.730,SPEAKER_00,他他就是
test,AD_F_040108_001,zh,6.870,8.430,SPEAKER_00,得的什么病忘了
test,AD_F_040108_001,zh,9.810,10.410,SPEAKER_00,反正不是
test,AD_F_040108_001,zh,11.310,12.390,SPEAKER_00,不是痴呆病
test,AD_F_040108_001,zh,12.990,13.050,,哎
test,AD_F_040108_001,zh,14.070,14.130,,啊
test,AD_F_040108_001,zh,14.790,14.850,SPEAKER_00,啊
test,AD_F_040108_001,zh,15.450,15.510,SPEAKER_00,呃
test,AD_F_040108_001,zh,16.770,20.010,SPEAKER_00,三个儿子两个女儿那身体还都变康
test,AD_F_040108_001,zh,20.670,20.730,SPEAKER_00,嗯
test,AD_F_040108_001,zh,21.570,23.070,SPEAKER_00,生活呀就是跟
test,AD_F_040108_001,zh,23.610,25.110,SPEAKER_00,吃十年一样年
test,AD_F_040108_001,zh,26.370,27.810,SPEAKER_00,退休费什么的什么
test,AD_F_040108_001,zh,28.470,28.890,SPEAKER_00,退休费
test,AD_F_040108_001,zh,29.790,30.330,SPEAKER_00,花不了的
test,AD_F_040108_001,zh,32.070,33.150,SPEAKER_00,我没听清啊啊
test,AD_F_040108_001,zh,34.350,35.190,SPEAKER_00,干活还一样
test,AD_F_040108_001,zh,35.730,36.750,SPEAKER_00,干什么一样啊
test,AD_F_040108_001,zh,37.470,38.610,SPEAKER_00,什么做饭哎
test,AD_F_040108_001,zh,39.450,40.290,SPEAKER_00,今年是哪
test,AD_F_040108_001,zh,40.890,41.550,SPEAKER_00,什么年呢
test,AD_F_040108_001,zh,42.510,43.170,SPEAKER_00,今年是
test,AD_F_040108_001,zh,44.250,45.390,SPEAKER_00,什么年呢今年
test,AD_F_040108_001,zh,46.230,46.770,SPEAKER_00,今年是
test,AD_F_040108_001,zh,47.610,47.970,SPEAKER_00,鸡年
test,AD_F_040108_001,zh,48.930,50.670,SPEAKER_00,是几年今年啊啊
test,AD_F_040108_001,zh,51.750,52.710,SPEAKER_00,二零零七年
test,AD_F_040108_001,zh,54.030,55.170,SPEAKER_00,二零零七年
test,AD_F_040108_001,zh,56.550,57.090,SPEAKER_00,现在呀
test,AD_F_040108_001,zh,57.750,57.810,SPEAKER_00,呃
test,AD_F_040108_001,zh,58.770,59.070,SPEAKER_00,春天
test,AD_F_040108_002,zh,0.090,0.690,SPEAKER_00,今天是
test,AD_F_040108_002,zh,2.070,2.130,SPEAKER_00,十
test,AD_F_040108_002,zh,3.150,3.690,SPEAKER_00,十六号
test,AD_F_040108_002,zh,4.290,5.310,SPEAKER_00,三月十六号
test,AD_F_040108_002,zh,6.210,7.650,SPEAKER_00,今天是星期
test,AD_F_040108_002,zh,8.970,9.750,SPEAKER_00,星期三吧
test,AD_F_040108_002,zh,10.590,11.490,SPEAKER_00,是不是不是
test,AD_F_040108_002,zh,12.330,13.470,SPEAKER_00,现在怎么着您说
test,AD_F_040108_002,zh,14.190,18.390,SPEAKER_00,在哪儿现在在哪儿啊在哪住就是这事吗
test,AD_F_040108_002,zh,18.930,19.170,SPEAKER_00,双井
test,AD_F_040108_002,zh,21.390,21.810,SPEAKER_00,朝阳区
test,AD_F_040108_002,zh,22.650,22.950,SPEAKER_00,双井
test,AD_F_040108_002,zh,24.270,24.450,SPEAKER_00,朝阳
test,AD_F_040108_002,zh,25.230,25.650,SPEAKER_00,朝阳区
test,AD_F_040108_002,zh,26.310,26.850,SPEAKER_00,城市啊
test,AD_F_040108_002,zh,27.510,28.230,SPEAKER_00,北京
test,AD_F_040108_002,zh,28.230,28.290,,呃
test,AD_F_040108_002,zh,29.850,30.090,SPEAKER_00,北京
test,AD_F_040108_002,zh,30.810,31.410,SPEAKER_00,朝阳区
test,AD_F_040108_002,zh,32.070,33.270,SPEAKER_00,双井桥啊
test,AD_F_040108_002,zh,33.870,33.930,,呃
test,AD_F_040108_002,zh,34.890,35.370,SPEAKER_00,那什么
test,AD_F_040108_002,zh,35.910,36.750,SPEAKER_00,百环家园
test,AD_F_040108_002,zh,37.530,38.070,SPEAKER_00,十四楼
test,AD_F_040108_002,zh,39.690,39.990,SPEAKER_00,那个
test,AD_F_040108_002,zh,40.530,44.010,SPEAKER_00,十四楼就是有电梯上的下去的楼下
test,AD_F_040108_002,zh,44.670,45.150,SPEAKER_00,这儿啊
test,AD_F_040108_002,zh,45.870,46.350,SPEAKER_00,这是
test,AD_F_040108_002,zh,47.850,48.690,SPEAKER_00,东城区的
test,AD_F_040108_002,zh,49.350,50.370,SPEAKER_00,协和医院啊
test,AD_F_040108_002,zh,51.570,51.630,SPEAKER_00,一
test,AD_F_040108_002,zh,52.410,53.910,SPEAKER_00,一九国际树木
test,AD_F_040108_002,zh,54.810,55.050,SPEAKER_00,一九
test,AD_F_040108_002,zh,55.950,57.330,SPEAKER_00,国际树木哎
test,AD_F_040108_002,zh,58.170,59.130,SPEAKER_00,一百减七
test,AD_F_040108_003,zh,0.030,0.810,SPEAKER_00,还有九十三
test,AD_F_040108_003,zh,1.530,2.970,SPEAKER_00,什么您刚才说这个
test,AD_F_040108_003,zh,3.630,4.170,SPEAKER_00,一百减
test,AD_F_040108_003,zh,4.710,5.070,SPEAKER_00,减七
test,AD_F_040108_003,zh,6.270,7.470,SPEAKER_00,还在减几啊
test,AD_F_040108_003,zh,8.130,10.050,SPEAKER_00,一百减七还有九十三
test,AD_F_040108_003,zh,11.070,12.330,SPEAKER_00,九十三再减七
test,AD_F_040108_003,zh,13.050,14.070,SPEAKER_00,还有八十六
test,AD_F_040108_003,zh,14.970,16.290,SPEAKER_00,八十六再减七
test,AD_F_040108_003,zh,17.370,17.610,SPEAKER_00,还有
test,AD_F_040108_003,zh,19.350,19.830,SPEAKER_00,七十九
test,AD_F_040108_003,zh,21.090,22.110,SPEAKER_00,七十九的减七
test,AD_F_040108_003,zh,22.650,22.710,,呃
test,AD_F_040108_003,zh,24.570,25.410,SPEAKER_00,还有六十
test,AD_F_040108_003,zh,26.430,26.490,SPEAKER_00,三
test,AD_F_040108_003,zh,27.930,29.250,SPEAKER_00,六十三再减七
test,AD_F_040108_003,zh,30.390,31.290,SPEAKER_00,还有五十
test,AD_F_040108_003,zh,32.369,33.990,SPEAKER_00,有减七六十三减七
test,AD_F_040108_003,zh,35.130,35.370,SPEAKER_00,还有
test,AD_F_040108_003,zh,36.510,36.870,SPEAKER_00,五十
test,AD_F_040108_003,zh,38.130,38.190,,六
test,AD_F_040108_003,zh,39.210,40.110,SPEAKER_00,五十六再呃
test,AD_F_040108_003,zh,40.710,41.430,SPEAKER_00,三个什么
test,AD_F_040108_003,zh,42.270,45.510,SPEAKER_00,三个东西没想起来什么三个东西
test,AD_F_040108_003,zh,46.350,47.190,SPEAKER_00,想不起来了
test,AD_F_040108_003,zh,48.150,49.050,SPEAKER_00,表这是
test,AD_F_040108_003,zh,50.250,50.790,SPEAKER_00,圆子笔
test,AD_F_040108_003,zh,51.390,51.450,SPEAKER_00,哎
test,AD_F_040108_003,zh,52.410,55.590,SPEAKER_00,吃葡萄不吃不吐葡萄皮啊
test,AD_F_040108_003,zh,56.790,57.750,SPEAKER_00,请闭上眼
test,AD_F_040108_003,zh,58.290,59.190,SPEAKER_00,您的眼睛
test,AD_F_040108_004,zh,0.030,0.090,,啊
test,AD_F_040108_004,zh,1.470,3.510,SPEAKER_00,右手啊拿这张纸
test,AD_F_040108_004,zh,4.710,5.610,SPEAKER_00,放在大门上
test,AD_F_040108_004,zh,6.450,7.530,SPEAKER_00,搭铁上
test,AD_F_040108_004,zh,7.530,7.590,,啊
test,AD_F_040108_004,zh,8.790,9.570,SPEAKER_00,双手这个
test,AD_F_040108_004,zh,10.230,11.010,SPEAKER_00,放到大腿上
test,AD_F_040108_004,zh,11.550,11.970,SPEAKER_00,这写
test,AD_F_040108_004,zh,12.630,13.230,SPEAKER_00,写什么
test,AD_F_040108_004,zh,14.370,14.670,SPEAKER_00,句子
test,AD_F_040108_004,zh,15.330,15.630,SPEAKER_00,不合
test,AD_F_040108_004,zh,16.770,17.010,SPEAKER_00,标准
test,AD_F_040108_004,zh,17.730,17.790,,嗯
test,AD_F_040108_004,zh,18.810,21.330,SPEAKER_00,哟我这我真想不起来写什么
test,AD_F_040108_004,zh,21.930,25.290,SPEAKER_00,写这么一这俩一图跟这一样一坨哎
test,AD_F_040108_004,zh,26.910,26.970,,啊
test,AD_F_040108_004,zh,28.170,28.230,SPEAKER_00,二
test,AD_F_040108_004,zh,29.130,30.630,SPEAKER_00,这是二这是
test,AD_F_040108_004,zh,32.189,32.610,SPEAKER_00,七吧
test,AD_F_040108_004,zh,33.150,33.210,,啊
test,AD_F_040108_004,zh,33.870,33.930,SPEAKER_00,啊
test,AD_F_040108_004,zh,34.710,35.910,SPEAKER_00,你认识哎
test,AD_F_040108_004,zh,37.110,38.130,SPEAKER_00,写的字啊
test,AD_F_040108_004,zh,38.670,38.730,,啊
test,AD_F_040108_004,zh,39.990,40.050,SPEAKER_00,一
test,AD_F_040108_004,zh,40.650,40.710,SPEAKER_00,二
test,AD_F_040108_004,zh,42.870,42.930,SPEAKER_00,三
test,AD_F_040108_004,zh,44.850,44.910,SPEAKER_00,四
test,AD_F_040108_004,zh,47.250,47.310,SPEAKER_00,五
test,AD_F_040108_004,zh,48.030,48.090,,啊
test,AD_F_040108_004,zh,48.690,50.370,SPEAKER_00,好啊画出这个了
test,AD_F_040108_004,zh,50.910,50.970,SPEAKER_00,啊
test,AD_F_040108_004,zh,52.050,54.450,SPEAKER_00,这个真不好画这个嗯
test,AD_F_040108_004,zh,55.890,56.910,SPEAKER_00,真画不出来啊
test,AD_F_040108_004,zh,57.990,59.310,SPEAKER_00,十一点十分
test,AD_F_040108_005,zh,0.560,2.060,SPEAKER_00,不好画的表的
test,AD_F_040108_005,zh,2.660,2.720,,呃
test,AD_F_040108_005,zh,3.500,4.160,SPEAKER_00,画一表盘
test,AD_F_040108_005,zh,5.540,6.320,SPEAKER_00,十一点
test,AD_F_040108_005,zh,6.860,6.920,SPEAKER_00,十
test,AD_F_040108_005,zh,7.640,8.060,SPEAKER_00,十分
test,AD_F_040108_005,zh,9.140,9.740,SPEAKER_00,不对吧
test,AD_F_040108_005,zh,10.280,10.340,SPEAKER_00,不
test,AD_F_040108_005,zh,10.940,11.180,SPEAKER_00,这是
test,AD_F_040108_005,zh,13.160,13.220,SPEAKER_00,牛
test,AD_F_040108_005,zh,14.360,16.100,SPEAKER_00,骆驼这是水牛
test,AD_F_040108_005,zh,16.700,16.760,,啊
test,AD_F_040108_005,zh,17.360,17.420,SPEAKER_00,哎
test,AD_F_040108_005,zh,18.140,18.320,SPEAKER_00,哎呦
test,AD_F_040108_005,zh,18.980,20.060,SPEAKER_00,说不清了嗯
test,AD_F_040108_005,zh,20.960,21.920,SPEAKER_00,您说那个
test,AD_F_040108_005,zh,22.880,24.020,SPEAKER_00,我这耳朵啊
test,AD_F_040108_005,zh,24.560,24.920,SPEAKER_00,备点
test,AD_F_040108_005,zh,25.580,25.640,SPEAKER_00,哎
test,AD_F_040108_005,zh,26.360,26.420,,啊
test,AD_F_040108_005,zh,27.860,28.160,SPEAKER_00,红色
test,AD_F_040108_005,zh,28.880,28.940,SPEAKER_00,啊
test,AD_F_040108_005,zh,30.380,30.440,,哎
test,AD_F_040108_005,zh,31.640,31.700,,哎
test,AD_F_040108_005,zh,32.480,33.500,SPEAKER_00,什么那尿糖
test,AD_F_040108_005,zh,34.400,34.880,SPEAKER_00,是什么
test,AD_F_040108_005,zh,35.660,35.900,SPEAKER_00,哎呦
test,AD_F_040108_005,zh,36.560,36.800,SPEAKER_00,药糖
test,AD_F_040108_005,zh,37.880,38.120,SPEAKER_00,教糖
test,AD_F_040108_005,zh,39.260,39.620,SPEAKER_00,红色
test,AD_F_040108_005,zh,40.460,40.520,SPEAKER_00,呃
test,AD_F_040108_005,zh,41.060,41.120,SPEAKER_00,这
test,AD_F_040108_005,zh,41.900,42.140,SPEAKER_00,教糖
test,AD_F_040108_005,zh,42.680,42.740,SPEAKER_00,啊
test,AD_F_040108_005,zh,43.880,45.080,SPEAKER_00,还还什么什么
test,AD_F_040108_005,zh,45.620,46.700,SPEAKER_00,什么泥哎
test,AD_F_040108_005,zh,47.660,47.720,,这
test,AD_F_040108_005,zh,48.380,48.440,SPEAKER_00,哎
test,AD_F_040108_005,zh,49.220,49.580,SPEAKER_00,阿姨
test,AD_F_040108_005,zh,50.240,51.140,SPEAKER_00,巴股刺
test,AD_F_040108_005,zh,51.740,51.800,SPEAKER_00,啊
test,AD_F_040108_005,zh,53.180,53.240,SPEAKER_00,一
test,AD_F_040108_005,zh,54.500,54.920,SPEAKER_00,二四
test,AD_F_040108_005,zh,55.700,55.760,SPEAKER_00,一
test,AD_F_040108_005,zh,56.420,56.660,SPEAKER_00,明白
test,AD_F_040108_005,zh,57.440,57.500,SPEAKER_00,八
test,AD_F_040108_005,zh,58.040,58.520,SPEAKER_00,哎
test,AD_F_040108_005,zh,58.520,58.580,,啊
test,AD_F_040108_005,zh,59.720,59.780,SPEAKER_00,八
test,AD_F_040108_006,zh,0.030,1.650,SPEAKER_00,发什么呀哎呦啊
test,AD_F_040108_006,zh,2.190,2.250,,啊
test,AD_F_040108_006,zh,3.030,5.130,SPEAKER_00,好说发财嗯嗯
test,AD_F_040108_006,zh,6.390,6.690,SPEAKER_00,发展
test,AD_F_040108_006,zh,7.350,7.410,,嗯
test,AD_F_040108_006,zh,8.370,8.430,,哎
test,AD_F_040108_006,zh,9.270,9.510,SPEAKER_00,还有
test,AD_F_040108_006,zh,11.070,12.690,SPEAKER_00,还发什么不知道了
test,AD_F_040108_006,zh,13.230,14.070,SPEAKER_00,想不起来了
test,AD_F_040108_006,zh,15.450,16.590,SPEAKER_00,想不起来了
test,AD_F_040108_006,zh,16.590,16.650,,哎
test,AD_F_040108_006,zh,17.970,18.270,SPEAKER_00,发展
test,AD_F_040108_006,zh,19.290,19.650,SPEAKER_00,发财
test,AD_F_040108_006,zh,20.250,20.310,,哎
test,AD_F_040108_006,zh,21.750,22.470,SPEAKER_00,想不起来了
test,AD_F_040108_006,zh,23.490,24.030,SPEAKER_00,五个词
test,AD_F_040108_006,zh,24.810,24.870,SPEAKER_00,又
test,AD_F_040108_006,zh,26.670,27.030,SPEAKER_00,忘了
test,AD_F_040108_006,zh,27.870,28.530,SPEAKER_00,什么呢说
test,AD_F_040108_006,zh,29.130,30.030,SPEAKER_00,想不起来了啊
test,AD_F_040108_006,zh,30.810,31.350,SPEAKER_00,医乐吧
test,AD_F_040108_006,zh,32.070,32.850,SPEAKER_00,不对啊
test,AD_F_040108_006,zh,34.410,35.670,SPEAKER_00,玫瑰吧嗯
test,AD_F_040108_006,zh,36.810,36.870,,嗯
test,AD_F_040108_006,zh,38.070,38.490,SPEAKER_00,百合
test,AD_F_040108_006,zh,39.030,39.090,,呃
test,AD_F_040108_006,zh,40.230,40.950,SPEAKER_00,粉的啊
test,AD_F_040108_006,zh,41.730,42.210,SPEAKER_00,没听清
test,AD_F_040108_006,zh,42.750,44.130,SPEAKER_00,啊香蕉跟橘子
test,AD_F_040108_006,zh,44.910,47.010,SPEAKER_00,不是蔬菜水果啊哦
test,AD_F_040108_006,zh,47.730,48.210,SPEAKER_00,自行车
test,AD_F_040108_006,zh,48.990,49.050,,呃
test,AD_F_040108_006,zh,51.210,51.570,SPEAKER_00,火车
test,AD_F_040108_006,zh,52.890,54.270,SPEAKER_00,是拉客人的
test,AD_F_040108_006,zh,54.810,54.870,,呃
test,AD_F_040108_006,zh,55.470,57.270,SPEAKER_00,前面说出出出门的
test,AD_F_040108_006,zh,57.990,59.310,SPEAKER_00,出差吧坐火车
test,AD_F_040108_007,zh,0.090,0.330,SPEAKER_00,手脚
test,AD_F_040108_007,zh,1.050,1.110,SPEAKER_00,啊
test,AD_F_040108_007,zh,1.950,2.190,SPEAKER_00,什么
test,AD_F_040108_007,zh,2.970,4.710,SPEAKER_00,这是碗儿这是
test,AD_F_040108_007,zh,5.550,7.230,SPEAKER_00,这是这个塑料碗
test,AD_F_040108_007,zh,8.070,9.150,SPEAKER_00,这是个瓶
test,AD_F_040108_007,zh,9.930,10.530,SPEAKER_00,这是个
test,AD_F_040108_007,zh,11.250,11.310,,啊
test,AD_F_040108_007,zh,12.270,12.450,SPEAKER_00,搁是
test,AD_F_040108_007,zh,13.590,14.370,SPEAKER_00,搁不进去这
test,AD_F_040108_007,zh,14.910,15.750,SPEAKER_00,猫乒乓球
test,AD_F_040108_007,zh,16.410,16.470,SPEAKER_00,勺
test,AD_F_040108_007,zh,17.190,17.610,SPEAKER_00,这个
test,AD_F_040108_007,zh,19.110,22.830,SPEAKER_00,是撬东西的那个掉瓶子那个扳子
test,AD_F_040108_007,zh,25.110,26.070,SPEAKER_00,这是钥匙
test,AD_F_040108_007,zh,26.730,27.390,SPEAKER_00,这是个
test,AD_F_040108_007,zh,28.590,28.650,SPEAKER_00,小
test,AD_F_040108_007,zh,30.270,31.230,SPEAKER_00,盛么东西小瓶
test,AD_F_040108_007,zh,31.950,32.729,SPEAKER_00,带盖的
test,AD_F_040108_007,zh,33.270,34.470,SPEAKER_00,这一个戒指
test,AD_F_040108_007,zh,35.310,37.830,SPEAKER_00,这是个螺丝钉这是一个
test,AD_F_040108_007,zh,38.550,38.610,,呃
test,AD_F_040108_007,zh,39.330,41.370,SPEAKER_00,塑料片啊啊牌呀
test,AD_F_040108_007,zh,42.150,43.410,SPEAKER_00,这是个什么呀
test,AD_F_040108_007,zh,44.070,44.970,SPEAKER_00,就说这这
test,AD_F_040108_007,zh,45.510,45.570,SPEAKER_00,这
test,AD_F_040108_007,zh,46.290,46.770,SPEAKER_00,刚才看
test,AD_F_040108_007,zh,47.610,48.270,SPEAKER_00,就是刚才
test,AD_F_040108_007,zh,48.930,49.830,SPEAKER_00,就刚才那个
test,AD_F_040108_007,zh,50.490,54.030,SPEAKER_00,看过这个都都开什么我不知道
test,AD_F_040108_007,zh,55.710,58.230,SPEAKER_00,这着东西都是啊这东西
test,AD_F_040108_007,zh,58.830,59.730,SPEAKER_00,这这里头摸
test,AD_F_040108_008,zh,0.870,0.930,SPEAKER_00,一
test,AD_F_040108_008,zh,2.070,3.870,SPEAKER_00,一个钥匙一个戒指
test,AD_F_040108_008,zh,4.770,4.830,,啊
test,AD_F_040108_008,zh,5.610,5.670,SPEAKER_00,啊
test,AD_F_040108_008,zh,7.230,8.430,SPEAKER_00,一个钥匙一戒指
test,AD_F_040108_008,zh,9.150,9.990,SPEAKER_00,一个乒乓球
test,AD_F_040108_008,zh,10.890,10.950,,啊
test,AD_F_040108_008,zh,12.210,12.270,,呃
test,AD_F_040108_008,zh,13.170,13.410,SPEAKER_00,一个
test,AD_F_040108_008,zh,15.150,15.570,SPEAKER_00,小碗
test,AD_F_040108_008,zh,16.170,16.230,SPEAKER_00,嗯
test,AD_F_040108_008,zh,17.370,18.270,SPEAKER_00,还有一个
test,AD_F_040108_008,zh,19.050,19.590,SPEAKER_00,还有一小
test,AD_F_040108_008,zh,20.850,21.510,SPEAKER_00,小塑料
test,AD_F_040108_008,zh,22.650,22.710,,瓶
test,AD_F_040108_008,zh,23.370,23.430,SPEAKER_00,水
test,AD_F_040108_008,zh,24.150,24.810,SPEAKER_00,水开口
test,AD_F_040108_008,zh,25.410,25.470,,啊
test,AD_F_040108_008,zh,26.490,26.850,SPEAKER_00,喝水
test,AD_F_040108_008,zh,29.550,30.090,SPEAKER_00,想不起来
test,AD_F_040108_008,zh,31.050,32.130,SPEAKER_00,想不起来了
test,AD_F_040108_008,zh,32.130,32.189,,啊
test,AD_F_040108_008,zh,33.270,33.570,SPEAKER_00,喝水
test,AD_F_040108_008,zh,34.290,34.350,,啊
test,AD_F_040108_008,zh,34.890,36.030,SPEAKER_00,都是什么一个
test,AD_F_040108_008,zh,37.350,38.370,SPEAKER_00,银戒指啊
test,AD_F_040108_008,zh,39.090,39.150,,呃
test,AD_F_040108_008,zh,40.890,41.190,SPEAKER_00,一个
test,AD_F_040108_008,zh,43.050,43.350,SPEAKER_00,扣子
test,AD_F_040108_008,zh,43.890,43.950,SPEAKER_00,嗯
test,AD_F_040108_008,zh,45.450,46.290,SPEAKER_00,一个钥匙
test,AD_F_040108_008,zh,46.950,47.190,SPEAKER_00,还有
test,AD_F_040108_008,zh,48.030,49.830,SPEAKER_00,还有一个塑料盒
test,AD_F_040108_008,zh,50.790,50.850,,嗯
test,AD_F_040108_008,zh,52.410,53.250,SPEAKER_00,什么东西都
test,AD_F_040108_008,zh,54.630,55.530,SPEAKER_00,塑料瓶就
test,AD_F_040108_008,zh,56.070,57.030,SPEAKER_00,想不起来了啊
test,AD_F_040108_008,zh,57.570,57.630,SPEAKER_00,啊
test,AD_F_040108_008,zh,58.650,59.430,SPEAKER_00,还有一个勺
test,AD_F_040108_009,zh,0.630,2.250,SPEAKER_00,豆腐的名称
test,AD_F_040108_009,zh,2.250,2.310,,啊
test,AD_F_040108_009,zh,2.910,4.290,SPEAKER_00,动物刚才看那个
test,AD_F_040108_009,zh,5.070,6.750,SPEAKER_00,动物不是知道吗
test,AD_F_040108_009,zh,7.290,8.430,SPEAKER_00,鸡算不算啊
test,AD_F_040108_009,zh,9.210,9.270,SPEAKER_00,鸡
test,AD_F_040108_009,zh,9.930,9.990,SPEAKER_00,猫
test,AD_F_040108_009,zh,10.770,10.830,SPEAKER_00,狗
test,AD_F_040108_009,zh,11.790,11.850,,哎
test,AD_F_040108_009,zh,14.790,15.210,SPEAKER_00,骆驼
test,AD_F_040108_009,zh,15.990,16.050,,呃
test,AD_F_040108_009,zh,18.810,18.870,SPEAKER_00,牛
test,AD_F_040108_009,zh,20.490,20.550,SPEAKER_00,羊
test,AD_F_040108_009,zh,23.430,23.850,SPEAKER_00,牛洋
test,AD_F_040108_009,zh,25.290,25.350,,嗯
test,AD_F_040108_009,zh,26.610,26.670,SPEAKER_00,猪
test,AD_F_040108_009,zh,28.530,28.590,,嗯
test,AD_F_040108_009,zh,29.850,31.170,SPEAKER_00,大有想不起来了
test,AD_F_040108_009,zh,31.830,32.730,SPEAKER_00,袋子里的这
test,AD_F_040108_009,zh,34.350,35.670,SPEAKER_00,刚来的摸的是
test,AD_F_040108_009,zh,36.570,38.670,SPEAKER_00,钥钥匙有一个扣子嗯
test,AD_F_040108_009,zh,39.270,39.330,,嗯
test,AD_F_040108_009,zh,41.070,42.630,SPEAKER_00,有一个塑料瓶
test,AD_F_040108_009,zh,43.290,43.350,SPEAKER_00,嗯
test,AD_F_040108_009,zh,44.490,45.390,SPEAKER_00,还有一个
test,AD_F_040108_009,zh,46.530,46.770,SPEAKER_00,什么
test,AD_F_040108_009,zh,49.070,49.370,SPEAKER_00,戒指
test,AD_F_040108_009,zh,49.970,52.370,SPEAKER_00,但想不起来了呀啊什么
test,AD_F_040108_009,zh,52.970,55.070,SPEAKER_00,没听见现在把它
test,AD_F_040108_009,zh,55.730,56.150,SPEAKER_00,画在
test,AD_F_040108_009,zh,56.810,57.290,SPEAKER_00,这儿
test,AD_F_040108_009,zh,57.950,58.910,SPEAKER_00,在卡片
test,AD_F_040108_010,zh,0.090,0.930,SPEAKER_00,之前啊
test,AD_F_040108_010,zh,1.890,2.490,SPEAKER_00,这个是
test,AD_F_040108_010,zh,3.330,4.410,SPEAKER_00,俩旗子笔
test,AD_F_040108_010,zh,4.950,5.610,SPEAKER_00,啊这也
test,AD_F_040108_010,zh,6.150,7.290,SPEAKER_00,画这四个啊
test,AD_F_040108_010,zh,8.070,12.390,SPEAKER_00,搁这哦这这个哦嗯嗯中这啊
test,AD_F_040108_010,zh,13.290,14.970,SPEAKER_00,又看完了就忘了
test,AD_F_040108_010,zh,15.990,17.190,SPEAKER_00,不知道怎么画了
test,AD_F_040108_010,zh,17.730,17.790,,啊
test,AD_F_040108_010,zh,19.290,19.830,SPEAKER_00,玉兰花
test,AD_F_040108_010,zh,20.490,20.550,,啊
test,AD_F_040108_010,zh,21.810,21.870,,啊
test,AD_F_040108_010,zh,22.530,22.950,SPEAKER_00,土豆
test,AD_F_040108_010,zh,24.450,24.930,SPEAKER_00,水仙
test,AD_F_040108_010,zh,25.830,25.890,,啊
test,AD_F_040108_010,zh,27.810,28.530,SPEAKER_00,还有什么
test,AD_F_040108_010,zh,30.830,31.970,SPEAKER_00,记不住了啊
test,AD_F_040108_010,zh,34.670,35.210,SPEAKER_00,水仙
test,AD_F_040108_010,zh,36.650,37.130,SPEAKER_00,玉兰花
test,AD_F_040108_010,zh,37.910,37.970,,啊
test,AD_F_040108_010,zh,38.690,39.110,SPEAKER_00,土豆
test,AD_F_040108_010,zh,39.950,40.010,,啊
test,AD_F_040108_010,zh,41.750,42.110,SPEAKER_00,土豆
test,AD_F_040108_010,zh,43.010,43.550,SPEAKER_00,还有什么
test,AD_F_040108_010,zh,44.330,45.710,SPEAKER_00,想不起来了哎呦
test,AD_F_040108_010,zh,46.310,46.370,,啊
test,AD_F_040108_010,zh,48.230,48.650,SPEAKER_00,茄子
test,AD_F_040108_010,zh,49.250,49.670,SPEAKER_00,水仙
test,AD_F_040108_010,zh,51.290,51.770,SPEAKER_00,玉兰花
test,AD_F_040108_010,zh,52.490,52.550,,啊
test,AD_F_040108_010,zh,53.570,53.630,,啊
test,AD_F_040108_010,zh,54.950,55.850,SPEAKER_00,土土豆
test,AD_F_040108_010,zh,56.810,56.870,,呃
test,AD_F_040108_010,zh,58.130,59.330,SPEAKER_00,还有一个什么
test,AD_F_040108_011,zh,0.090,0.450,SPEAKER_00,想起
test,AD_F_040108_011,zh,1.830,3.210,SPEAKER_00,想想不起来了
test,AD_F_040108_011,zh,3.210,3.270,,啊
test,AD_F_040108_011,zh,3.810,3.870,,啊
test,AD_F_040108_011,zh,4.710,4.770,SPEAKER_00,还
test,AD_F_040108_011,zh,5.370,7.050,SPEAKER_00,发财嗯还有嗯
test,AD_F_040108_011,zh,8.130,8.430,SPEAKER_00,发展
test,AD_F_040108_011,zh,9.090,9.150,,嗯
test,AD_F_040108_011,zh,10.050,10.110,,哎
test,AD_F_040108_011,zh,10.890,11.130,SPEAKER_00,还有
test,AD_F_040108_011,zh,12.930,16.050,SPEAKER_00,还发什么不知道了想不起来了啊
test,AD_F_040108_011,zh,18.030,19.170,SPEAKER_00,想不起来了
test,AD_F_040108_011,zh,19.170,19.230,,哎
test,AD_F_040108_011,zh,20.310,20.610,SPEAKER_00,发展
test,AD_F_040108_011,zh,21.570,21.870,SPEAKER_00,发财
test,AD_F_040108_011,zh,22.470,22.530,,哎
test,AD_F_040108_011,zh,23.910,25.230,SPEAKER_00,想不起来了啊
test,AD_F_040108_011,zh,26.130,26.790,SPEAKER_00,记不住了
test,AD_F_040108_011,zh,28.050,31.590,SPEAKER_00,这都过去了都哎呀说完了都忘了
test,AD_F_040108_011,zh,32.910,33.210,SPEAKER_00,蔬菜
test,AD_F_040108_011,zh,34.050,34.110,,哎
test,AD_F_040108_011,zh,34.710,35.070,SPEAKER_00,蔬菜
test,AD_F_040108_011,zh,36.630,38.490,SPEAKER_00,有点印象过去了
test,AD_F_040108_011,zh,39.210,40.470,SPEAKER_00,一说过都忘了
test,AD_F_040108_011,zh,41.010,42.690,SPEAKER_00,记不住了啊啊
test,AD_F_040108_011,zh,43.230,45.090,SPEAKER_00,那那个听见了没有
test,AD_F_040108_011,zh,45.870,48.630,SPEAKER_00,耳朵都啊都一样哎有没有
test,AD_F_040108_011,zh,49.230,50.190,SPEAKER_00,洋葱说过
test,AD_F_040108_011,zh,51.030,52.050,SPEAKER_00,萝卜说过
test,AD_F_040108_011,zh,52.650,53.190,SPEAKER_00,什么一
test,AD_F_040108_011,zh,53.850,55.290,SPEAKER_00,格子啊说过啊
test,AD_F_040108_011,zh,55.830,56.610,SPEAKER_00,电视柜啊
test,AD_F_040108_011,zh,57.270,57.750,SPEAKER_00,没有啊
test,AD_F_040108_011,zh,58.290,59.250,SPEAKER_00,那也没说过
test,AD_F_040108_012,zh,0.000,1.770,SPEAKER_00,嗯没有没有没有
test,AD_F_040108_012,zh,2.430,3.210,SPEAKER_00,没说过嗯
test,AD_F_040108_012,zh,3.870,6.390,SPEAKER_00,啊韭子说过手豆说过啊
test,AD_F_040108_012,zh,6.930,7.110,SPEAKER_00,没有
test,AD_F_040108_012,zh,7.650,8.790,SPEAKER_00,大象啊说过
test,AD_F_040108_012,zh,9.570,10.230,SPEAKER_00,水杯呀
test,AD_F_040108_012,zh,10.830,11.430,SPEAKER_00,抽柜呀
test,AD_F_040108_012,zh,12.030,12.750,SPEAKER_00,面包说过
test,AD_F_040108_012,zh,13.590,13.890,SPEAKER_00,葫芦
test,AD_F_040108_012,zh,14.970,15.810,SPEAKER_00,没有凳子
test,AD_F_040108_012,zh,16.350,16.530,SPEAKER_00,没有
test,AD_F_040108_012,zh,17.250,17.550,SPEAKER_00,河马
test,AD_F_040108_012,zh,18.330,18.510,SPEAKER_00,没有
test,AD_F_040108_012,zh,19.650,21.030,SPEAKER_00,没有床说过
test,AD_F_040108_012,zh,21.750,21.990,SPEAKER_00,被子
test,AD_F_040108_012,zh,22.710,23.610,SPEAKER_00,杯子说过
test,AD_F_040108_012,zh,24.150,24.450,SPEAKER_00,百合
test,AD_F_040108_012,zh,25.170,25.230,SPEAKER_00,啊
test,AD_F_040108_012,zh,26.190,27.330,SPEAKER_00,啊百合说过
test,AD_F_040108_012,zh,27.930,28.110,SPEAKER_00,没有
test,AD_F_040108_012,zh,28.830,30.390,SPEAKER_00,没有连视说过
test,AD_F_040108_012,zh,31.050,32.549,SPEAKER_00,茄子啊说过啊
test,AD_F_040108_012,zh,33.090,33.390,SPEAKER_00,菊花
test,AD_F_040108_012,zh,33.990,34.170,SPEAKER_00,没有
test,AD_F_040108_012,zh,34.830,36.030,SPEAKER_00,皮粉呢啊说
test,AD_F_040108_012,zh,36.870,37.410,SPEAKER_00,啊说过
test,AD_F_040108_012,zh,38.310,38.970,SPEAKER_00,蜂蜜啊
test,AD_F_040108_012,zh,40.410,44.370,SPEAKER_00,没有裙子啊没有小豆说过铲子没有
test,AD_F_040108_012,zh,45.270,48.390,SPEAKER_00,消毒费没说过胡萝卜说过嗯
test,AD_F_040108_012,zh,49.110,49.770,SPEAKER_00,没有啊
test,AD_F_040108_012,zh,50.850,51.030,SPEAKER_00,没有
test,AD_F_040108_012,zh,51.570,51.810,SPEAKER_00,没有
test,AD_F_040108_012,zh,52.590,53.550,SPEAKER_00,牛仔裤啊
test,AD_F_040108_012,zh,54.930,55.410,SPEAKER_00,没说过
test,AD_F_040108_012,zh,56.070,57.570,SPEAKER_00,玉兰花没有啊
test,AD_F_040108_012,zh,58.590,59.610,SPEAKER_00,读完了那小
test,AD_F_040108_013,zh,0.090,0.870,SPEAKER_00,故事啊
test,AD_F_040108_013,zh,1.650,1.950,SPEAKER_00,哎呦
test,AD_F_040108_013,zh,3.330,3.390,,啊
test,AD_F_040108_013,zh,4.410,5.370,SPEAKER_00,忽然下雨
test,AD_F_040108_013,zh,6.090,7.350,SPEAKER_00,有冰雹
test,AD_F_040108_013,zh,7.350,7.410,,啊
test,AD_F_040108_013,zh,8.370,8.430,,啊
test,AD_F_040108_013,zh,9.570,11.250,SPEAKER_00,就就记得这几个
test,AD_F_040108_013,zh,12.390,12.450,,啊
test,AD_F_040108_013,zh,14.070,14.310,SPEAKER_00,金属
test,AD_F_040108_013,zh,15.450,15.810,SPEAKER_00,水果
test,AD_F_040108_013,zh,16.590,16.890,SPEAKER_00,橘子
test,AD_F_040108_013,zh,17.610,18.450,SPEAKER_00,买不知道
test,AD_F_040108_013,zh,19.110,19.170,,啊
test,AD_F_040108_013,zh,19.950,20.430,SPEAKER_00,不知道
test,AD_F_040108_013,zh,21.330,21.630,SPEAKER_00,婴儿
test,AD_F_040108_013,zh,22.170,22.950,SPEAKER_00,啊婴儿
test,AD_F_040108_013,zh,23.490,24.930,SPEAKER_00,婴儿炒菜使的
test,AD_F_040108_013,zh,25.710,26.370,SPEAKER_00,婴儿啊啊
test,AD_F_040108_013,zh,27.150,27.450,SPEAKER_00,小孩
test,AD_F_040108_013,zh,28.170,29.010,SPEAKER_00,学校啊
test,AD_F_040108_013,zh,30.090,30.630,SPEAKER_00,学校是
test,AD_F_040108_013,zh,32.070,33.870,SPEAKER_00,上学念书的孩子啊
test,AD_F_040108_013,zh,34.890,35.250,SPEAKER_00,压岁
test,AD_F_040108_013,zh,36.090,37.050,SPEAKER_00,压岁钱呢
test,AD_F_040108_013,zh,37.710,38.130,SPEAKER_00,买菜
test,AD_F_040108_013,zh,38.850,40.770,SPEAKER_00,那大白菜白菜啊啊
test,AD_F_040108_013,zh,41.610,41.970,SPEAKER_00,记不住
test,AD_F_040108_013,zh,42.570,43.230,SPEAKER_00,哎呀啊
test,AD_F_040108_013,zh,44.430,44.670,SPEAKER_00,小孩
test,AD_F_040108_013,zh,45.870,46.470,SPEAKER_00,是吧啊
test,AD_F_040108_013,zh,47.490,47.790,SPEAKER_00,金属
test,AD_F_040108_013,zh,49.110,50.850,SPEAKER_00,学校学生上学的
test,AD_F_040108_013,zh,51.870,52.230,SPEAKER_00,上学
test,AD_F_040108_013,zh,52.950,54.930,SPEAKER_00,玫瑰听得见就学能
test,AD_F_040108_013,zh,55.470,55.890,SPEAKER_00,能学
test,AD_F_040108_013,zh,56.550,58.530,SPEAKER_00,听不见的就学不对了
test,AD_F_040108_013,zh,59.190,59.670,SPEAKER_00,洗衣机
test,AD_F_040108_014,zh,0.870,0.930,SPEAKER_00,g
test,AD_F_040108_014,zh,1.470,2.250,SPEAKER_00,七六班
test,AD_F_040108_014,zh,3.270,4.110,SPEAKER_00,香蕉问题
test,AD_F_040108_014,zh,4.650,5.010,SPEAKER_00,水果
test,AD_F_040108_014,zh,5.910,7.290,SPEAKER_00,路超和地呃
test,AD_F_040108_014,zh,8.430,8.490,SPEAKER_00,锯
test,AD_F_040108_014,zh,9.450,12.510,SPEAKER_00,木头的锯铁的属于个聚啊
test,AD_F_040108_014,zh,13.770,16.950,SPEAKER_00,是狮子狗是家养的是重物
test,AD_F_040108_014,zh,17.610,18.990,SPEAKER_00,北方和西藏啊
test,AD_F_040108_014,zh,19.710,20.010,SPEAKER_00,北风
test,AD_F_040108_014,zh,20.610,21.330,SPEAKER_00,西方
test,AD_F_040108_014,zh,21.330,21.390,,是
test,AD_F_040108_014,zh,22.290,23.130,SPEAKER_00,北和西
test,AD_F_040108_014,zh,23.670,25.110,SPEAKER_00,眼家是看是看
test,AD_F_040108_014,zh,25.890,27.030,SPEAKER_00,看各种东西
test,AD_F_040108_014,zh,27.810,28.290,SPEAKER_00,上头话
test,AD_F_040108_014,zh,29.070,29.310,SPEAKER_00,不画
test,AD_F_040108_014,zh,30.510,31.590,SPEAKER_00,记不住了啊
test,AD_F_040108_014,zh,32.549,36.990,SPEAKER_00,广西广州我不知道什么事是吧啊没印象
test,AD_F_040108_014,zh,37.590,38.130,SPEAKER_00,记不住了
test,AD_F_040108_014,zh,39.570,39.630,,啊
test,AD_F_040108_014,zh,40.230,44.970,SPEAKER_00,在家做饭呢人我跟老头两人再下去爱好
test,AD_F_040108_014,zh,45.690,51.630,SPEAKER_00,没有什么爱好就是出去活动活动回家累了躺一方还行啊
test,AD_F_040108_014,zh,52.590,55.110,SPEAKER_00,老老老大呢哪税务局
test,AD_F_040108_014,zh,55.830,56.070,SPEAKER_00,这是
test,AD_F_040108_014,zh,56.730,56.790,,呃
test,AD_F_040108_014,zh,57.330,58.230,SPEAKER_00,老二是女孩
test,AD_F_040108_014,zh,59.130,59.670,SPEAKER_00,退休了
test,AD_F_040108_015,zh,0.090,0.150,,哎
test,AD_F_040108_015,zh,1.290,1.950,SPEAKER_00,这老三
test,AD_F_040108_015,zh,2.610,3.750,SPEAKER_00,老三他那个什么
test,AD_F_040108_015,zh,5.490,7.770,SPEAKER_00,啊做电子的老四呢
test,AD_F_040108_015,zh,7.770,7.830,,呃
test,AD_F_040108_015,zh,9.150,10.050,SPEAKER_00,也退休了
test,AD_F_040108_015,zh,10.890,11.130,SPEAKER_00,消仿
test,AD_F_040108_015,zh,12.150,14.310,SPEAKER_00,消仿局的现在五十几的
test,AD_F_040108_015,zh,14.850,15.210,SPEAKER_00,六六
test,AD_F_040108_015,zh,15.750,16.770,SPEAKER_00,啊六十桌了嗯
test,AD_F_040108_015,zh,17.430,18.990,SPEAKER_00,还有最小的一个
test,AD_F_040108_015,zh,19.530,19.770,SPEAKER_00,那个
test,AD_F_040108_015,zh,20.550,21.210,SPEAKER_00,现在在
test,AD_F_040108_015,zh,22.350,23.010,SPEAKER_00,什么那个
test,AD_F_040108_015,zh,23.970,26.310,SPEAKER_00,说想不起来了现在在
test,AD_F_040108_015,zh,27.210,27.270,SPEAKER_00,市
test,AD_F_040108_015,zh,27.810,29.310,SPEAKER_00,公安局现在也算
test,AD_F_040108_015,zh,30.150,30.690,SPEAKER_00,退了吧
test,AD_F_040108_015,zh,31.290,32.189,SPEAKER_00,发改委啊
test,AD_F_040108_015,zh,32.850,33.210,SPEAKER_00,我呀
test,AD_F_040108_015,zh,33.870,37.230,SPEAKER_00,我就这有糖尿病啊糖尿病也不算高
test,AD_F_040108_015,zh,37.950,42.450,SPEAKER_00,每天打胰岛素打六个啊点高别的也没有嗯
test,AD_F_040108_015,zh,43.050,43.290,SPEAKER_00,我就
test,AD_F_040108_015,zh,43.830,52.950,SPEAKER_00,想不起来了啊啊呃记忆力现在就现差不起来了不是我不知道说什么我呃就我
test,AD_F_040108_015,zh,54.030,54.630,SPEAKER_00,买什么
test,AD_F_040108_015,zh,55.170,55.530,SPEAKER_00,萝卜
test,AD_F_040108_015,zh,56.070,56.250,SPEAKER_00,什么
test,AD_F_040108_015,zh,56.910,57.330,SPEAKER_00,西红柿
test,AD_F_040108_015,zh,58.230,59.490,SPEAKER_00,现在什么的哎
test,AD_F_040108_016,zh,0.340,1.300,SPEAKER_00,都认识到这
test,AD_F_040108_016,zh,2.500,5.080,SPEAKER_00,菜哎就每天做饭哎嗯
test,AD_F_040108_016,zh,6.100,6.160,SPEAKER_00,没
test,AD_F_040108_016,zh,6.700,6.880,SPEAKER_00,每天
test,AD_F_040108_016,zh,7.480,8.500,SPEAKER_00,出去遛弯去
test,AD_F_040108_016,zh,9.820,10.300,SPEAKER_00,啊哎
test,AD_F_040108_016,zh,11.560,15.100,SPEAKER_00,没什么事了困了就躺会去大白菜小白菜
test,AD_F_040108_016,zh,15.760,16.780,SPEAKER_00,西红柿哎
test,AD_F_040108_016,zh,17.620,18.460,SPEAKER_00,萝卜哎
test,AD_F_040108_016,zh,19.000,20.620,SPEAKER_00,这个都每天都要买
test,AD_F_040108_016,zh,21.460,21.520,SPEAKER_00,是
test,AD_F_040108_016,zh,22.120,22.420,SPEAKER_00,就是
test,AD_F_040108_016,zh,23.620,23.680,,就
test,AD_F_040108_016,zh,25.060,25.120,,哎
test,AD_F_040108_016,zh,25.720,26.500,SPEAKER_00,没有买点
test,AD_F_040108_016,zh,27.520,30.820,SPEAKER_00,早餐得有什么哪个不是听不见就是
test,AD_F_040108_016,zh,31.480,35.680,SPEAKER_00,耳都响耳明耳明老呜呜呜想哎
test,AD_F_040108_016,zh,36.760,38.440,SPEAKER_00,刚说这些菜都啊
test,AD_F_040108_016,zh,39.220,39.580,SPEAKER_00,都买
test,AD_F_040108_016,zh,40.420,42.340,SPEAKER_00,出去遛弯去哎哎
test,AD_F_040108_016,zh,45.820,45.880,SPEAKER_00,开
test,AD_F_040108_016,zh,48.100,48.400,SPEAKER_00,开水
test,AD_F_040108_016,zh,49.060,49.120,SPEAKER_00,哎
test,AD_F_040108_016,zh,50.620,50.920,SPEAKER_00,新啥
test,AD_F_040108_016,zh,51.520,51.820,SPEAKER_00,什么
test,AD_F_040108_016,zh,53.020,54.340,SPEAKER_00,别的想不起来了
test,AD_F_040108_016,zh,56.320,56.680,SPEAKER_00,开水
test,AD_F_040108_016,zh,57.640,57.700,,哎
test,AD_F_040108_016,zh,59.260,59.800,SPEAKER_00,想不起来
test,AD_F_040108_017,zh,0.150,0.210,SPEAKER_00,了
test,AD_F_040108_017,zh,1.110,2.009,SPEAKER_00,看不起来了
test,AD_F_040108_017,zh,2.730,2.790,SPEAKER_00,啊
test,AD_F_040108_017,zh,3.390,4.170,SPEAKER_00,明白了啊
test,AD_F_040108_017,zh,5.310,8.970,SPEAKER_00,说的越多越好开头是不是想不起来呃
test,AD_F_040108_017,zh,10.290,11.430,SPEAKER_00,开水沏茶是
test,AD_F_040108_017,zh,13.410,14.070,SPEAKER_00,想不起来
test,AD_F_040108_017,zh,15.390,17.310,SPEAKER_00,我想不起来就了啊
test,AD_F_040108_017,zh,19.290,19.890,SPEAKER_00,今天得
test,AD_F_040108_017,zh,20.490,20.550,SPEAKER_00,呃
test,AD_F_040108_017,zh,21.450,22.050,SPEAKER_00,只给
test,AD_F_040108_017,zh,22.590,23.910,SPEAKER_00,帮过忙的人嗯
test,AD_F_040108_017,zh,24.750,27.330,SPEAKER_00,什么帮的什么在沙发下
test,AD_F_040108_017,zh,28.350,29.310,SPEAKER_00,这还是厅里
test,AD_F_040108_017,zh,30.630,32.189,SPEAKER_00,听不清楚有点这
test,AD_F_040108_017,zh,32.970,33.270,SPEAKER_00,饼干
test,AD_F_040108_017,zh,34.710,36.090,SPEAKER_00,晾饼干呢是吧
test,AD_F_040108_017,zh,37.050,37.110,,嗯
test,AD_F_040108_017,zh,38.070,39.750,SPEAKER_00,这上凳子上的都
test,AD_F_040108_017,zh,41.250,41.490,SPEAKER_00,饼干
test,AD_F_040108_017,zh,42.150,44.250,SPEAKER_00,拿饼干去了这个呢
test,AD_F_040108_017,zh,45.330,46.050,SPEAKER_00,是什么
test,AD_F_040108_017,zh,47.430,49.290,SPEAKER_00,晾衣什么是什么嗯
test,AD_F_040108_017,zh,50.130,50.550,SPEAKER_00,这也
test,AD_F_040108_017,zh,51.270,51.330,SPEAKER_00,有
test,AD_F_040108_017,zh,52.290,52.350,SPEAKER_00,有
test,AD_F_040108_017,zh,52.890,54.210,SPEAKER_00,两个碗儿啊
test,AD_F_040108_017,zh,55.230,57.390,SPEAKER_00,这拿的一个什么东西
test,AD_F_040108_017,zh,58.050,58.110,SPEAKER_00,嗯
test,AD_F_040108_017,zh,59.310,59.790,SPEAKER_00,晾衣裳
test,AD_F_040108_018,zh,1.240,2.860,SPEAKER_00,这凳子要摔要倒
test,AD_F_040108_018,zh,3.400,3.460,SPEAKER_00,嗯
test,AD_F_040108_018,zh,4.360,4.780,SPEAKER_00,凳子
test,AD_F_040108_018,zh,5.500,8.620,SPEAKER_00,这桌上有两个碗儿啊
test,AD_F_040108_018,zh,9.640,10.000,SPEAKER_00,开着
test,AD_F_040108_018,zh,10.780,11.500,SPEAKER_00,窗户嗯
test,AD_F_040108_018,zh,12.100,12.520,SPEAKER_00,看看
test,AD_F_040108_018,zh,13.540,14.020,SPEAKER_00,这是
test,AD_F_040108_018,zh,14.980,16.480,SPEAKER_00,什么是水洒了
test,AD_F_040108_018,zh,17.380,18.280,SPEAKER_00,洒在地下了
test,AD_F_040108_018,zh,18.880,19.900,SPEAKER_00,溅出来了啊
test,AD_F_040108_018,zh,20.980,23.620,SPEAKER_00,这个好像是一个人躺着似的
test,AD_F_040108_018,zh,24.340,24.400,,嗯
test,AD_F_040108_018,zh,25.360,27.640,SPEAKER_00,这个人呢蹬着凳子上高
test,AD_F_040108_018,zh,28.480,29.080,SPEAKER_00,拿东西
test,AD_F_040108_018,zh,29.980,32.440,SPEAKER_00,给这小底下这小女孩
test,AD_F_040108_018,zh,33.400,33.940,SPEAKER_00,拿东西
test,AD_F_040108_018,zh,34.960,36.820,SPEAKER_00,开着窗开着柜门啊
test,AD_F_040108_018,zh,37.420,37.480,SPEAKER_00,嗯
test,AD_F_040108_018,zh,38.260,42.700,SPEAKER_00,这个好像一个人躺着似的就露着头嗯
test,AD_F_040108_018,zh,43.540,45.460,SPEAKER_00,这是自来水的水
test,AD_F_040108_018,zh,46.480,48.340,SPEAKER_00,水管子流下水来了
test,AD_F_040108_018,zh,48.940,50.020,SPEAKER_00,溅一地嗯
test,AD_F_040108_018,zh,51.340,54.460,SPEAKER_00,这屋躺的人呢这帘子两边往往
test,AD_F_040108_018,zh,55.120,55.480,SPEAKER_00,打开
test,AD_F_040108_018,zh,56.140,56.800,SPEAKER_00,系上嗯
test,AD_F_040108_018,zh,57.940,59.320,SPEAKER_00,没有了吧嗯啊
test,AD_F_040108_019,zh,0.030,3.750,SPEAKER_00,啊八十八周岁了过生日了嗯
test,AD_F_040108_019,zh,3.750,3.810,,呃
test,AD_F_040108_019,zh,4.530,5.910,SPEAKER_00,三零年生的人
test,AD_F_040108_019,zh,5.910,5.970,,嗯
test,AD_F_040108_019,zh,6.930,7.170,SPEAKER_00,汉族
test,AD_F_040108_019,zh,7.770,9.810,SPEAKER_00,什么您说选的职业
test,AD_F_040108_019,zh,10.650,10.710,,啊
test,AD_F_040108_019,zh,11.250,12.570,SPEAKER_00,退了啊小服装
test,AD_F_040108_019,zh,14.790,15.390,SPEAKER_00,上小学
test,AD_F_040108_019,zh,16.110,16.770,SPEAKER_00,上小学
test,AD_F_040108_019,zh,17.910,19.470,SPEAKER_00,是在哪儿是在
test,AD_F_040108_019,zh,20.670,25.590,SPEAKER_00,在什么地方是吧我父亲去世了原来在这在部队里头
test,AD_F_040108_019,zh,26.130,26.970,SPEAKER_00,我母亲呢
test,AD_F_040108_019,zh,27.570,29.010,SPEAKER_00,我母亲呢那时候
test,AD_F_040108_019,zh,29.730,30.330,SPEAKER_00,我们那
test,AD_F_040108_019,zh,31.470,32.310,SPEAKER_00,子女啊
test,AD_F_040108_019,zh,33.390,34.710,SPEAKER_00,我们兄弟姐妹多
test,AD_F_040108_019,zh,35.430,35.490,,在
test,AD_F_040108_019,zh,36.030,37.470,SPEAKER_00,五个孩子他就
test,AD_F_040108_019,zh,38.910,41.490,SPEAKER_00,不干了也是搞服装的啊
test,AD_F_040108_019,zh,42.150,42.870,SPEAKER_00,教育水平
test,AD_F_040108_019,zh,43.590,45.630,SPEAKER_00,我啊上了五年级啊
test,AD_F_040108_019,zh,46.470,47.250,SPEAKER_00,什么婚的
test,AD_F_040108_019,zh,48.030,50.070,SPEAKER_00,出生的出生东城区
test,AD_F_040108_019,zh,50.730,50.790,SPEAKER_00,啊
test,AD_F_040108_019,zh,52.110,53.010,SPEAKER_00,出生是在
test,AD_F_040108_019,zh,54.270,54.510,SPEAKER_00,东北
test,AD_F_040108_019,zh,55.110,55.170,SPEAKER_00,呃
test,AD_F_040108_019,zh,55.770,56.430,SPEAKER_00,黑龙江省
test,AD_F_040108_019,zh,57.090,57.150,SPEAKER_00,呃
test,AD_F_040108_019,zh,58.110,59.490,SPEAKER_00,我父亲那时候也在
test,AD_F_040108_020,zh,0.270,0.630,SPEAKER_00,在北京
test,AD_F_040108_020,zh,1.350,2.070,SPEAKER_00,在北京我
test,AD_F_040108_020,zh,3.090,3.450,SPEAKER_00,六岁
test,AD_F_040108_020,zh,4.050,5.910,SPEAKER_00,北京的现在家里头
test,AD_F_040108_020,zh,6.750,7.290,SPEAKER_00,家里头
test,AD_F_040108_020,zh,8.130,9.570,SPEAKER_00,我有五个孩子
test,AD_F_040108_020,zh,10.170,14.130,SPEAKER_00,都结婚有孩子了现在我就跟老头嗯啊
test,AD_F_040108_020,zh,14.970,17.190,SPEAKER_00,这是退休工资啊没有啊
test,AD_F_040108_020,zh,18.870,19.170,SPEAKER_00,姐妹
test,AD_F_040108_020,zh,20.670,21.030,SPEAKER_00,大哥
test,AD_F_040108_020,zh,22.590,24.210,SPEAKER_00,二个我三了
test,AD_F_040108_020,zh,24.990,27.090,SPEAKER_00,四个一个个一弟弟
test,AD_F_040108_020,zh,27.630,29.310,SPEAKER_00,什么动物我也不知道
test,AD_F_040108_020,zh,29.850,29.910,SPEAKER_00,两
test,AD_F_040108_020,zh,30.810,32.369,SPEAKER_00,还说呀想起来
test,AD_F_040108_020,zh,33.030,35.490,SPEAKER_00,不是我不知道说什么我啊
test,AD_F_040108_020,zh,36.510,37.710,SPEAKER_00,还还什么什么
test,AD_F_040108_020,zh,38.250,39.750,SPEAKER_00,什么你哎我
test,AD_F_040108_020,zh,40.290,41.070,SPEAKER_00,这是哎
test,AD_F_040108_020,zh,41.910,42.270,SPEAKER_00,阿姨
test,AD_F_040108_020,zh,42.930,43.890,SPEAKER_00,巴股刺
test,AD_F_040108_020,zh,44.430,44.490,SPEAKER_00,啊
test,AD_F_040108_020,zh,45.450,45.510,SPEAKER_00,一
test,AD_F_040108_020,zh,46.830,47.250,SPEAKER_00,二四
test,AD_F_040108_020,zh,47.970,48.030,SPEAKER_00,一
test,AD_F_040108_020,zh,48.690,48.930,SPEAKER_00,明白
test,AD_F_040108_020,zh,49.590,49.650,SPEAKER_00,八
test,AD_F_040108_020,zh,50.190,50.670,SPEAKER_00,哎
test,AD_F_040108_020,zh,50.670,50.730,,啊
test,AD_F_040108_020,zh,51.990,54.330,SPEAKER_00,发什么呀还有啊
test,AD_F_040108_020,zh,54.330,54.390,,啊
test,AD_F_040108_020,zh,55.170,56.370,SPEAKER_00,好我说发财
test,AD_F_040108_020,zh,57.210,57.270,SPEAKER_00,嗯
test,AD_F_040108_020,zh,58.590,58.890,SPEAKER_00,发展
test,AD_F_040108_020,zh,59.550,59.610,,嗯
test,AD_F_040108_021,zh,0.690,0.750,SPEAKER_00,哎
test,AD_F_040108_021,zh,1.470,1.710,SPEAKER_00,还有
test,AD_F_040108_021,zh,3.210,6.270,SPEAKER_00,还发什么不知道了想不起来了
test,AD_F_040108_021,zh,7.650,8.789,SPEAKER_00,想不起来了
test,AD_F_040108_021,zh,8.789,8.850,,哎
test,AD_F_040108_021,zh,10.170,10.530,SPEAKER_00,发展
test,AD_F_040108_021,zh,11.490,11.850,SPEAKER_00,发财
test,AD_F_040108_021,zh,12.510,12.570,,呃
test,AD_F_040108_021,zh,13.950,14.670,SPEAKER_00,想不起来了
test,AD_F_040108_021,zh,15.630,16.170,SPEAKER_00,五个词
test,AD_F_040108_021,zh,17.010,17.070,SPEAKER_00,又
test,AD_F_040108_021,zh,18.810,19.170,SPEAKER_00,忘了
test,AD_F_040108_021,zh,19.890,21.810,SPEAKER_00,什么呢说想不起来了嗯
test,AD_F_040108_021,zh,22.590,23.070,SPEAKER_00,医院吧
test,AD_F_040108_021,zh,23.850,24.690,SPEAKER_00,不对啊
test,AD_F_040108_021,zh,25.770,27.030,SPEAKER_00,玫瑰吧啊
test,AD_F_040108_021,zh,28.170,28.230,SPEAKER_00,嗯
test,AD_F_040108_021,zh,29.370,29.790,SPEAKER_00,买和
test,AD_F_040108_021,zh,30.330,30.390,,呃
test,AD_F_040108_021,zh,31.530,32.250,SPEAKER_00,粉的啊
test,AD_F_040108_021,zh,33.090,33.570,SPEAKER_00,没听清
test,AD_F_040108_021,zh,34.110,35.430,SPEAKER_00,啊香蕉跟橘子
test,AD_F_040108_021,zh,36.030,38.190,SPEAKER_00,不是蔬菜水果啊哦
test,AD_F_040108_021,zh,38.850,39.390,SPEAKER_00,自行车
test,AD_F_040108_021,zh,40.110,40.170,,呃
test,AD_F_040108_021,zh,42.390,42.690,SPEAKER_00,火车
test,AD_F_040108_021,zh,44.070,45.390,SPEAKER_00,是拉客人的
test,AD_F_040108_021,zh,45.990,46.050,,呃
test,AD_F_040108_021,zh,46.650,48.510,SPEAKER_00,前面说出出出门吧
test,AD_F_040108_021,zh,49.230,50.490,SPEAKER_00,出差吧坐火车
test,AD_F_040108_021,zh,51.210,51.510,SPEAKER_00,手脚
test,AD_F_040108_021,zh,52.290,52.350,,啊
test,AD_F_040108_021,zh,53.190,53.430,SPEAKER_00,什么
test,AD_F_040108_021,zh,54.210,54.930,SPEAKER_00,这是我
test,AD_F_040108_021,zh,55.590,55.950,SPEAKER_00,这是
test,AD_F_040108_021,zh,56.790,58.410,SPEAKER_00,这是这个不了碗
test,AD_F_040108_021,zh,59.310,59.670,SPEAKER_00,这是
test,AD_F_040108_022,zh,0.330,0.390,SPEAKER_00,瓶
test,AD_F_040108_022,zh,1.170,1.710,SPEAKER_00,这是个
test,AD_F_040108_022,zh,2.550,2.610,,啊
test,AD_F_040108_022,zh,3.510,3.690,SPEAKER_00,搁是
test,AD_F_040108_022,zh,4.830,5.610,SPEAKER_00,搁不进去这
test,AD_F_040108_022,zh,6.210,7.050,SPEAKER_00,摸乒乓球
test,AD_F_040108_022,zh,7.590,7.650,SPEAKER_00,勺
test,AD_F_040108_022,zh,8.370,8.850,SPEAKER_00,这个
test,AD_F_040108_022,zh,10.290,14.130,SPEAKER_00,是撬东西的那个撬瓶子那个扳子
test,AD_F_040108_022,zh,16.170,17.070,SPEAKER_00,这是钥匙
test,AD_F_040108_022,zh,17.730,18.450,SPEAKER_00,这是个
test,AD_F_040108_022,zh,19.650,19.710,SPEAKER_00,小
test,AD_F_040108_022,zh,21.270,22.290,SPEAKER_00,什么东西小瓶
test,AD_F_040108_022,zh,23.070,23.730,SPEAKER_00,带盖的
test,AD_F_040108_022,zh,24.270,25.470,SPEAKER_00,这一个戒指
test,AD_F_040108_022,zh,26.250,28.770,SPEAKER_00,这是个螺丝钉这是一个
test,AD_F_040108_022,zh,29.490,29.550,,呃
test,AD_F_040108_022,zh,30.270,32.310,SPEAKER_00,塑料片啊啊牌呀
test,AD_F_040108_022,zh,33.090,34.350,SPEAKER_00,这是个什么呀
test,AD_F_040108_022,zh,35.010,36.450,SPEAKER_00,就说这这这
test,AD_F_040108_022,zh,37.230,37.710,SPEAKER_00,刚才看
test,AD_F_040108_022,zh,38.550,39.210,SPEAKER_00,就是刚才
test,AD_F_040108_022,zh,39.870,40.770,SPEAKER_00,这刚才那个
test,AD_F_040108_022,zh,41.430,45.030,SPEAKER_00,看过这个都都开什么我不知道
test,AD_F_040108_022,zh,46.710,49.170,SPEAKER_00,这着东西都啊这东西
test,AD_F_040108_022,zh,49.890,51.030,SPEAKER_00,这这里头摸过
test,AD_F_040108_022,zh,51.870,51.930,SPEAKER_00,一
test,AD_F_040108_022,zh,53.130,54.870,SPEAKER_00,一个钥匙一个戒指
test,AD_F_040108_022,zh,56.430,58.170,SPEAKER_00,这一个钥匙一戒指
test,AD_F_040108_022,zh,58.890,59.670,SPEAKER_00,一个乒乓球
test,AD_F_040108_023,zh,0.690,0.750,,嗯
test,AD_F_040108_023,zh,1.890,1.950,,呃
test,AD_F_040108_023,zh,2.790,3.150,SPEAKER_00,鸡个
test,AD_F_040108_023,zh,4.890,5.310,SPEAKER_00,小碗
test,AD_F_040108_023,zh,5.910,5.970,SPEAKER_00,嗯
test,AD_F_040108_023,zh,7.050,7.950,SPEAKER_00,还有一个
test,AD_F_040108_023,zh,8.730,9.330,SPEAKER_00,还有一小
test,AD_F_040108_023,zh,10.530,11.250,SPEAKER_00,小塑料
test,AD_F_040108_023,zh,12.270,12.330,,瓶
test,AD_F_040108_023,zh,13.050,13.110,SPEAKER_00,水
test,AD_F_040108_023,zh,13.890,14.490,SPEAKER_00,水开头
test,AD_F_040108_023,zh,15.090,15.150,,啊
test,AD_F_040108_023,zh,16.230,16.530,SPEAKER_00,喝水
test,AD_F_040108_023,zh,17.790,17.850,,啊
test,AD_F_040108_023,zh,19.170,19.770,SPEAKER_00,想不起来
test,AD_F_040108_023,zh,20.670,21.750,SPEAKER_00,养不起来了
test,AD_F_040108_023,zh,21.750,21.810,,啊
test,AD_F_040108_023,zh,22.890,23.250,SPEAKER_00,喝水
test,AD_F_040108_023,zh,23.910,23.970,,啊
test,AD_F_040108_023,zh,24.570,26.130,SPEAKER_00,袋子里都是什么一个
test,AD_F_040108_023,zh,27.450,28.530,SPEAKER_00,银戒指啊
test,AD_F_040108_023,zh,29.250,29.310,,嗯
test,AD_F_040108_023,zh,30.990,31.290,SPEAKER_00,一个
test,AD_F_040108_023,zh,33.150,34.050,SPEAKER_00,扣子嗯
test,AD_F_040108_023,zh,35.490,36.390,SPEAKER_00,一个钥匙
test,AD_F_040108_023,zh,37.050,37.290,SPEAKER_00,还有
test,AD_F_040108_023,zh,38.130,39.990,SPEAKER_00,还有一个塑料盒
test,AD_F_040108_023,zh,40.950,41.010,,嗯
test,AD_F_040108_023,zh,42.510,43.350,SPEAKER_00,什么东西都
test,AD_F_040108_023,zh,44.730,45.630,SPEAKER_00,塑料瓶就
test,AD_F_040108_023,zh,46.230,47.190,SPEAKER_00,想不起来了啊
test,AD_F_040108_023,zh,47.730,47.790,,啊
test,AD_F_040108_023,zh,48.810,49.530,SPEAKER_00,还有一个勺
test,AD_F_040108_023,zh,50.610,52.170,SPEAKER_00,豆腐的名称
test,AD_F_040108_023,zh,52.170,52.230,,啊
test,AD_F_040108_023,zh,52.830,54.270,SPEAKER_00,动物刚才看那个
test,AD_F_040108_023,zh,54.990,56.670,SPEAKER_00,动不是知道吗
test,AD_F_040108_023,zh,57.210,58.290,SPEAKER_00,鸡算不算啊
test,AD_F_040108_023,zh,59.010,59.070,SPEAKER_00,鸡
test,AD_F_040108_023,zh,59.730,59.790,SPEAKER_00,猫
test,AD_F_040108_024,zh,0.570,0.630,SPEAKER_00,狗
test,AD_F_040108_024,zh,1.890,1.950,SPEAKER_00,哎
test,AD_F_040108_024,zh,4.590,5.070,SPEAKER_00,乐ta
test,AD_F_040108_024,zh,5.910,5.970,,呃
test,AD_F_040108_024,zh,8.730,8.790,SPEAKER_00,牛
test,AD_F_040108_024,zh,10.290,10.350,,羊
test,AD_F_040108_024,zh,13.330,13.750,SPEAKER_00,刘洋
test,AD_F_040108_024,zh,15.130,15.190,,嗯
test,AD_F_040108_024,zh,16.510,16.570,SPEAKER_00,猪
test,AD_F_040108_024,zh,18.370,18.430,,嗯
test,AD_F_040108_024,zh,19.750,21.070,SPEAKER_00,大有想不起来了
test,AD_F_040108_024,zh,21.730,22.750,SPEAKER_00,袋子里的这个
test,AD_F_040108_024,zh,23.950,25.270,SPEAKER_00,刚才的摸的是
test,AD_F_040108_024,zh,26.050,28.150,SPEAKER_00,钥钥匙有一个扣子啊
test,AD_F_040108_024,zh,28.810,28.870,SPEAKER_00,呃
test,AD_F_040108_024,zh,30.550,32.170,SPEAKER_00,有一个塑料瓶
test,AD_F_040108_024,zh,32.770,32.830,SPEAKER_00,嗯
test,AD_F_040108_024,zh,34.030,34.870,SPEAKER_00,还有一个
test,AD_F_040108_024,zh,36.010,36.250,SPEAKER_00,什么
test,AD_F_040108_024,zh,38.570,38.870,SPEAKER_00,戒指
test,AD_F_040108_024,zh,39.470,41.870,SPEAKER_00,但想不起来了呀啊什么
test,AD_F_040108_024,zh,42.470,44.570,SPEAKER_00,没听见现在把它
test,AD_F_040108_024,zh,45.230,45.650,SPEAKER_00,画在
test,AD_F_040108_024,zh,46.310,46.730,SPEAKER_00,这儿
test,AD_F_040108_024,zh,47.390,48.350,SPEAKER_00,在卡片
test,AD_F_040108_024,zh,49.190,50.330,SPEAKER_00,闭之前啊
test,AD_F_040108_024,zh,51.410,52.010,SPEAKER_00,这个是
test,AD_F_040108_024,zh,52.850,53.870,SPEAKER_00,俩旗子底
test,AD_F_040108_024,zh,54.470,55.130,SPEAKER_00,啊这也
test,AD_F_040108_024,zh,55.670,56.810,SPEAKER_00,画这四个啊
test,AD_F_040108_024,zh,57.590,59.750,SPEAKER_00,搁这画嗯哦这这
test,AD_F_040108_025,zh,0.390,0.810,SPEAKER_00,哦嗯
test,AD_F_040108_025,zh,1.410,2.490,SPEAKER_00,你就这样啊
test,AD_F_040108_025,zh,3.450,5.190,SPEAKER_00,哟看完了就忘了
test,AD_F_040108_025,zh,6.090,7.350,SPEAKER_00,不知道怎么画了
test,AD_F_040108_025,zh,7.890,7.950,,啊
test,AD_F_040108_025,zh,9.450,9.990,SPEAKER_00,玉兰花
test,AD_F_040108_025,zh,10.650,10.710,,啊
test,AD_F_040108_025,zh,11.970,12.030,,呃
test,AD_F_040108_025,zh,12.750,13.110,SPEAKER_00,土豆
test,AD_F_040108_025,zh,14.670,15.090,SPEAKER_00,水仙
test,AD_F_040108_025,zh,15.990,16.050,,嗯
test,AD_F_040108_025,zh,17.970,18.690,SPEAKER_00,还有什么
test,AD_F_040108_025,zh,21.010,22.150,SPEAKER_00,记不住了啊
test,AD_F_040108_025,zh,24.850,25.390,SPEAKER_00,水仙
test,AD_F_040108_025,zh,26.830,27.250,SPEAKER_00,玉兰花
test,AD_F_040108_025,zh,28.090,28.150,,啊
test,AD_F_040108_025,zh,28.870,29.290,SPEAKER_00,土豆
test,AD_F_040108_025,zh,30.190,30.250,,啊
test,AD_F_040108_025,zh,31.930,32.230,SPEAKER_00,土豆
test,AD_F_040108_025,zh,33.130,33.730,SPEAKER_00,还有什么
test,AD_F_040108_025,zh,34.450,35.770,SPEAKER_00,想不起来了还有
test,AD_F_040108_025,zh,36.430,36.490,,啊
test,AD_F_040108_025,zh,38.350,38.770,SPEAKER_00,茄子
test,AD_F_040108_025,zh,39.370,39.790,SPEAKER_00,水仙
test,AD_F_040108_025,zh,41.350,41.890,SPEAKER_00,玉兰花
test,AD_F_040108_025,zh,42.550,42.610,,啊
test,AD_F_040108_025,zh,43.690,43.750,,啊
test,AD_F_040108_025,zh,45.010,45.970,SPEAKER_00,土土豆
test,AD_F_040108_025,zh,46.930,46.990,,呃
test,AD_F_040108_025,zh,48.190,49.390,SPEAKER_00,还有一个什么
test,AD_F_040108_025,zh,50.050,50.410,SPEAKER_00,想起
test,AD_F_040108_025,zh,51.850,53.470,SPEAKER_00,想想不起来了啊
test,AD_F_040108_025,zh,56.830,57.250,SPEAKER_00,土豆
test,AD_F_040108_025,zh,58.330,58.750,SPEAKER_00,水仙
test,AD_F_040108_026,zh,0.030,0.090,SPEAKER_00,呃
test,AD_F_040108_026,zh,1.470,1.530,SPEAKER_00,一
test,AD_F_040108_026,zh,2.070,3.330,SPEAKER_00,一什么玉兰花
test,AD_F_040108_026,zh,4.650,5.130,SPEAKER_00,茄子
test,AD_F_040108_026,zh,5.970,6.030,,嗯
test,AD_F_040108_026,zh,7.410,8.970,SPEAKER_00,还有一个什么来着
test,AD_F_040108_026,zh,11.450,12.230,SPEAKER_00,想不起来了
test,AD_F_040108_026,zh,12.950,13.010,SPEAKER_00,啊
test,AD_F_040108_026,zh,15.110,15.530,SPEAKER_00,茄子
test,AD_F_040108_026,zh,16.190,16.670,SPEAKER_00,水仙
test,AD_F_040108_026,zh,17.390,17.450,,嗯
test,AD_F_040108_026,zh,19.190,19.730,SPEAKER_00,玉兰花
test,AD_F_040108_026,zh,20.450,20.510,,嗯
test,AD_F_040108_026,zh,21.830,21.890,,嗯
test,AD_F_040108_026,zh,24.110,24.170,SPEAKER_00,啥
test,AD_F_040108_026,zh,25.190,26.450,SPEAKER_00,想不起来了啊啊
test,AD_F_040108_026,zh,27.830,28.250,SPEAKER_00,茄子
test,AD_F_040108_026,zh,30.410,30.770,SPEAKER_00,萝卜
test,AD_F_040108_026,zh,31.850,32.390,SPEAKER_00,胡萝卜
test,AD_F_040108_026,zh,33.050,33.110,,嗯
test,AD_F_040108_026,zh,33.830,34.130,SPEAKER_00,手套
test,AD_F_040108_026,zh,35.150,35.210,,嗯
test,AD_F_040108_026,zh,37.940,38.180,SPEAKER_00,还有
test,AD_F_040108_026,zh,38.840,38.900,,呃
test,AD_F_040108_026,zh,39.620,39.980,SPEAKER_00,什么
test,AD_F_040108_026,zh,42.520,43.060,SPEAKER_00,想不起来
test,AD_F_040108_026,zh,43.840,44.680,SPEAKER_00,啊五天
test,AD_F_040108_026,zh,46.900,47.140,SPEAKER_00,哎呦
test,AD_F_040108_026,zh,48.520,49.780,SPEAKER_00,记不住了嗯
test,AD_F_040108_026,zh,50.920,51.340,SPEAKER_00,家具
test,AD_F_040108_026,zh,52.540,53.200,SPEAKER_00,愁柜子
test,AD_F_040108_026,zh,54.280,54.340,,还
test,AD_F_040108_026,zh,54.880,55.180,SPEAKER_00,家具
test,AD_F_040108_026,zh,57.880,59.140,SPEAKER_00,哎呦想不起来了
test,AD_F_040108_027,zh,0.090,0.390,SPEAKER_00,蔬菜
test,AD_F_040108_027,zh,1.110,1.170,,嗯
test,AD_F_040108_027,zh,2.430,2.910,SPEAKER_00,茄子
test,AD_F_040108_027,zh,4.230,4.590,SPEAKER_00,土豆
test,AD_F_040108_027,zh,5.310,5.370,,嗯
test,AD_F_040108_027,zh,7.170,7.770,SPEAKER_00,胡萝卜
test,AD_F_040108_027,zh,9.510,9.570,,哎
test,AD_F_040108_027,zh,11.070,11.310,SPEAKER_00,还有
test,AD_F_040108_027,zh,12.570,13.950,SPEAKER_00,想不起来了哎呀
test,AD_F_040108_027,zh,14.550,18.150,SPEAKER_00,鲜花啊想不起来按这个写出来呀
test,AD_F_040108_027,zh,19.470,19.530,SPEAKER_00,一
test,AD_F_040108_027,zh,20.130,20.190,SPEAKER_00,二
test,AD_F_040108_027,zh,21.330,21.870,SPEAKER_00,一二
test,AD_F_040108_027,zh,22.770,23.370,SPEAKER_00,四五
test,AD_F_040108_027,zh,24.930,25.230,SPEAKER_00,一二
test,AD_F_040108_027,zh,25.830,25.890,SPEAKER_00,三
test,AD_F_040108_027,zh,26.490,26.550,SPEAKER_00,四
test,AD_F_040108_027,zh,27.270,27.330,SPEAKER_00,五
test,AD_F_040108_027,zh,27.990,28.050,SPEAKER_00,六
test,AD_F_040108_027,zh,28.950,29.430,SPEAKER_00,七八
test,AD_F_040108_027,zh,30.390,31.230,SPEAKER_00,哦哦哦
test,AD_F_040108_027,zh,32.130,32.189,SPEAKER_00,一
test,AD_F_040108_027,zh,33.030,33.090,SPEAKER_00,三
test,AD_F_040108_027,zh,33.930,33.990,SPEAKER_00,四
test,AD_F_040108_027,zh,35.130,35.190,SPEAKER_00,五
test,AD_F_040108_027,zh,36.390,36.450,SPEAKER_00,六
test,AD_F_040108_027,zh,37.590,37.650,SPEAKER_00,七
test,AD_F_040108_027,zh,38.190,38.250,SPEAKER_00,八
test,AD_F_040108_027,zh,39.450,41.370,SPEAKER_00,这这吗也这么连上
test,AD_F_040108_027,zh,42.090,42.150,SPEAKER_00,一
test,AD_F_040108_027,zh,42.750,42.810,SPEAKER_00,二
test,AD_F_040108_027,zh,43.950,44.010,SPEAKER_00,三
test,AD_F_040108_027,zh,45.510,45.750,SPEAKER_00,一二
test,AD_F_040108_027,zh,47.790,48.330,SPEAKER_00,一二
test,AD_F_040108_027,zh,49.470,49.530,SPEAKER_00,三
test,AD_F_040108_027,zh,50.790,50.850,SPEAKER_00,四
test,AD_F_040108_027,zh,51.450,51.510,SPEAKER_00,四
test,AD_F_040108_027,zh,53.010,54.510,SPEAKER_00,样本三啊这个
test,AD_F_040108_027,zh,55.110,57.330,SPEAKER_00,怎么样这个跟这个这个
test,AD_F_040108_027,zh,57.930,59.070,SPEAKER_00,哎下是吧嗯
test,AD_F_040108_028,zh,0.750,1.170,SPEAKER_00,一开始
test,AD_F_040108_028,zh,1.710,1.770,SPEAKER_00,一
test,AD_F_040108_028,zh,2.610,2.670,SPEAKER_00,二
test,AD_F_040108_028,zh,3.390,3.450,SPEAKER_00,三
test,AD_F_040108_028,zh,4.110,5.610,SPEAKER_00,这一二三
test,AD_F_040108_028,zh,6.330,9.450,SPEAKER_00,啊这个一跟啊明白了划错了
test,AD_F_040108_028,zh,10.110,10.170,,啊
test,AD_F_040108_028,zh,11.130,11.190,,啊
test,AD_F_040108_028,zh,12.630,13.050,SPEAKER_00,这个
test,AD_F_040108_028,zh,14.550,15.510,SPEAKER_00,这这样了吧
test,AD_F_040108_028,zh,16.230,17.130,SPEAKER_00,这是花
test,AD_F_040108_028,zh,17.850,17.910,SPEAKER_00,树
test,AD_F_040108_028,zh,18.990,19.290,SPEAKER_00,房子
test,AD_F_040108_028,zh,20.070,20.610,SPEAKER_00,这床
test,AD_F_040108_028,zh,21.810,22.110,SPEAKER_00,椅子
test,AD_F_040108_028,zh,22.950,23.310,SPEAKER_00,汽车
test,AD_F_040108_028,zh,24.450,26.490,SPEAKER_00,啊飞机这个乐驼
test,AD_F_040108_028,zh,27.330,29.070,SPEAKER_00,什么看不清这个
test,AD_F_040108_028,zh,29.670,29.730,,啊
test,AD_F_040108_028,zh,30.450,30.990,SPEAKER_00,这是
test,AD_F_040108_028,zh,31.950,32.310,SPEAKER_00,是狗
test,AD_F_040108_028,zh,32.970,33.029,SPEAKER_00,笔
test,AD_F_040108_028,zh,33.630,36.630,SPEAKER_00,是什么是床吧这是轮椅
test,AD_F_040108_028,zh,37.230,37.530,SPEAKER_00,蘑菇
test,AD_F_040108_028,zh,38.370,38.670,SPEAKER_00,剪子
test,AD_F_040108_028,zh,39.330,39.690,SPEAKER_00,算盘
test,AD_F_040108_028,zh,40.350,40.770,SPEAKER_00,这是
test,AD_F_040108_028,zh,41.610,42.450,SPEAKER_00,小人脑袋
test,AD_F_040108_028,zh,43.110,43.950,SPEAKER_00,这是个
test,AD_F_040108_028,zh,45.030,45.630,SPEAKER_00,杯子吧
test,AD_F_040108_028,zh,46.230,47.310,SPEAKER_00,这是什么呀
test,AD_F_040108_028,zh,47.970,49.050,SPEAKER_00,这不知道牙刷
test,AD_F_040108_028,zh,50.010,50.370,SPEAKER_00,这是
test,AD_F_040108_028,zh,51.990,52.050,SPEAKER_00,哨
test,AD_F_040108_028,zh,52.590,52.830,SPEAKER_00,笼子
test,AD_F_040108_028,zh,53.370,53.790,SPEAKER_00,为什么
test,AD_F_040108_028,zh,54.330,54.690,SPEAKER_00,这是
test,AD_F_040108_028,zh,56.010,56.250,SPEAKER_00,围脖
test,AD_F_040108_028,zh,57.150,57.210,SPEAKER_00,这
test,AD_F_040108_028,zh,57.750,59.730,SPEAKER_00,海洋什么动物这不
test,AD_F_040108_029,zh,0.030,0.630,SPEAKER_00,知道什么
test,AD_F_040108_029,zh,1.590,1.950,SPEAKER_00,假的
test,AD_F_040108_029,zh,2.910,3.570,SPEAKER_00,这个是
test,AD_F_040108_029,zh,4.950,5.610,SPEAKER_00,耳机子
test,AD_F_040108_029,zh,6.510,6.870,SPEAKER_00,黑的
test,AD_F_040108_029,zh,7.470,7.530,SPEAKER_00,哎
test,AD_F_040108_029,zh,8.130,9.270,SPEAKER_00,这黄的红的
test,AD_F_040108_029,zh,9.870,10.170,SPEAKER_00,蓝的
test,AD_F_040108_029,zh,11.430,12.330,SPEAKER_00,绿的红
test,AD_F_040108_029,zh,13.050,13.410,SPEAKER_00,绿的
test,AD_F_040108_029,zh,14.310,14.610,SPEAKER_00,蓝的
test,AD_F_040108_029,zh,15.330,15.570,SPEAKER_00,黄的
test,AD_F_040108_029,zh,16.170,16.470,SPEAKER_00,红的
test,AD_F_040108_029,zh,17.190,17.430,SPEAKER_00,黄的
test,AD_F_040108_029,zh,18.030,18.270,SPEAKER_00,红的
test,AD_F_040108_029,zh,19.710,20.850,SPEAKER_00,绿的蓝的
test,AD_F_040108_029,zh,21.930,22.230,SPEAKER_00,红的
test,AD_F_040108_029,zh,22.830,23.070,SPEAKER_00,黄的
test,AD_F_040108_029,zh,23.850,23.910,SPEAKER_00,哎
test,AD_F_040108_029,zh,24.930,25.170,SPEAKER_00,黄的
test,AD_F_040108_029,zh,25.830,25.890,SPEAKER_00,呃
test,AD_F_040108_029,zh,27.510,27.810,SPEAKER_00,蓝的
test,AD_F_040108_029,zh,28.650,28.950,SPEAKER_00,黄的
test,AD_F_040108_029,zh,29.490,29.730,SPEAKER_00,蓝的
test,AD_F_040108_029,zh,30.330,30.570,SPEAKER_00,黄的
test,AD_F_040108_029,zh,31.170,31.410,SPEAKER_00,红的
test,AD_F_040108_029,zh,31.950,32.009,SPEAKER_00,绿
test,AD_F_040108_029,zh,32.729,33.630,SPEAKER_00,的绿的
test,AD_F_040108_029,zh,34.590,34.890,SPEAKER_00,蓝的
test,AD_F_040108_029,zh,35.550,36.930,SPEAKER_00,黄的的绿的
test,AD_F_040108_029,zh,37.650,37.950,SPEAKER_00,蓝的
test,AD_F_040108_029,zh,38.490,41.910,SPEAKER_00,红的这也这么横着时候这是
test,AD_F_040108_029,zh,43.350,43.410,SPEAKER_00,绿
test,AD_F_040108_029,zh,44.490,44.850,SPEAKER_00,黄的
test,AD_F_040108_029,zh,46.230,46.530,SPEAKER_00,红的
test,AD_F_040108_029,zh,47.550,47.910,SPEAKER_00,黄的
test,AD_F_040108_029,zh,48.630,48.930,SPEAKER_00,红的
test,AD_F_040108_029,zh,50.370,50.790,SPEAKER_00,绿的
test,AD_F_040108_029,zh,52.650,52.950,SPEAKER_00,蓝的
test,AD_F_040108_029,zh,53.730,54.030,SPEAKER_00,蓝的
test,AD_F_040108_029,zh,55.170,55.470,SPEAKER_00,绿的
test,AD_F_040108_029,zh,56.670,56.970,SPEAKER_00,黄的
test,AD_F_040108_029,zh,57.990,58.350,SPEAKER_00,红的
test,AD_F_040108_029,zh,59.670,59.730,SPEAKER_00,蓝
test,AD_F_040108_030,zh,0.030,0.270,SPEAKER_00,蓝的
test,AD_F_040108_030,zh,1.650,1.950,SPEAKER_00,黄的
test,AD_F_040108_030,zh,4.300,4.600,SPEAKER_00,红的
test,AD_F_040108_030,zh,5.920,6.340,SPEAKER_00,绿的
test,AD_F_040108_030,zh,7.120,7.360,SPEAKER_00,红的
test,AD_F_040108_030,zh,8.200,8.260,,啊
test,AD_F_040108_030,zh,8.800,9.160,SPEAKER_00,绿的
test,AD_F_040108_030,zh,10.480,10.780,SPEAKER_00,蓝的
test,AD_F_040108_030,zh,12.040,12.340,SPEAKER_00,黄的
test,AD_F_040108_030,zh,15.020,15.320,SPEAKER_00,黄的
test,AD_F_040108_030,zh,16.760,17.060,SPEAKER_00,绿的
test,AD_F_040108_030,zh,18.080,18.320,SPEAKER_00,蓝的
test,AD_F_040108_030,zh,18.980,19.880,SPEAKER_00,红的蓝色
test,AD_F_040108_030,zh,20.780,20.840,,呃
test,AD_F_040108_030,zh,21.560,21.860,SPEAKER_00,蓝色
test,AD_F_040108_030,zh,22.940,23.180,SPEAKER_00,黄色
test,AD_F_040108_030,zh,24.500,24.800,SPEAKER_00,红色
test,AD_F_040108_030,zh,26.660,26.900,SPEAKER_00,黄色
test,AD_F_040108_030,zh,28.040,28.340,SPEAKER_00,红色
test,AD_F_040108_030,zh,29.600,29.900,SPEAKER_00,绿色
test,AD_F_040108_030,zh,31.340,31.580,SPEAKER_00,蓝色
test,AD_F_040108_030,zh,33.500,33.560,SPEAKER_00,绿
test,AD_F_040108_030,zh,34.700,34.940,SPEAKER_00,蓝色
test,AD_F_040108_030,zh,35.900,36.200,SPEAKER_00,绿色
test,AD_F_040108_030,zh,38.120,38.360,SPEAKER_00,黄色
test,AD_F_040108_030,zh,39.200,39.500,SPEAKER_00,红色
test,AD_F_040108_030,zh,40.880,40.940,,呃
test,AD_F_040108_030,zh,42.920,43.160,SPEAKER_00,蓝色
test,AD_F_040108_030,zh,44.240,44.540,SPEAKER_00,黄色
test,AD_F_040108_030,zh,46.519,46.760,SPEAKER_00,红色
test,AD_F_040108_030,zh,47.660,47.960,SPEAKER_00,绿色
test,AD_F_040108_030,zh,49.640,49.700,SPEAKER_00,黄
test,AD_F_040108_030,zh,50.720,51.020,SPEAKER_00,红色
test,AD_F_040108_030,zh,52.160,52.460,SPEAKER_00,绿色
test,AD_F_040108_030,zh,53.840,54.080,SPEAKER_00,蓝色
test,AD_F_040108_030,zh,56.000,56.300,SPEAKER_00,黄色
test,AD_F_040108_030,zh,57.440,57.680,SPEAKER_00,黄色
test,AD_F_040108_030,zh,58.340,58.640,SPEAKER_00,绿色
test,AD_F_040108_031,zh,0.370,0.430,,呃
test,AD_F_040108_031,zh,2.110,2.350,SPEAKER_00,蓝色
test,AD_F_040108_031,zh,4.630,4.930,SPEAKER_00,黄色
test,AD_F_040108_031,zh,5.830,6.550,SPEAKER_00,绿色啊
test,AD_F_040108_031,zh,7.270,9.790,SPEAKER_00,这是红色给对上是啊
test,AD_F_040108_031,zh,10.990,11.050,,哎
test,AD_F_040108_031,zh,13.270,15.430,SPEAKER_00,没什么事了困着就糖罐的
test,AD_F_040108_031,zh,15.970,17.110,SPEAKER_00,大白菜小白菜
test,AD_F_040108_031,zh,17.830,18.790,SPEAKER_00,西红柿哎
test,AD_F_040108_031,zh,19.630,20.470,SPEAKER_00,萝卜哎
test,AD_F_040108_031,zh,21.010,23.530,SPEAKER_00,这个都每天都要买哎是
test,AD_F_040108_031,zh,24.130,24.430,SPEAKER_00,就是
test,AD_F_040108_031,zh,25.690,25.750,SPEAKER_00,就
test,AD_F_040108_031,zh,27.070,27.130,,哎
test,AD_F_040108_031,zh,27.790,28.510,SPEAKER_00,没有买点
test,AD_F_040108_031,zh,29.530,30.250,SPEAKER_00,早餐的油
test,AD_F_040108_031,zh,30.790,30.850,SPEAKER_00,啊
test,AD_F_040108_031,zh,34.150,34.570,SPEAKER_00,土豆
test,AD_F_040108_031,zh,35.590,36.070,SPEAKER_00,水仙
test,AD_F_040108_031,zh,36.910,36.970,,哎
test,AD_F_040108_031,zh,38.830,38.890,SPEAKER_00,一
test,AD_F_040108_031,zh,39.610,40.690,SPEAKER_00,写么玉兰花
test,AD_F_040108_031,zh,42.010,42.490,SPEAKER_00,茄子
test,AD_F_040108_031,zh,43.330,43.390,,嗯
test,AD_F_040108_031,zh,44.770,46.270,SPEAKER_00,还有一个什么来着
test,AD_F_040108_031,zh,48.740,49.460,SPEAKER_00,想不起来了
test,AD_F_040108_031,zh,50.180,50.240,SPEAKER_00,啊
test,AD_F_040108_031,zh,52.340,52.820,SPEAKER_00,茄子
test,AD_F_040108_031,zh,53.420,53.960,SPEAKER_00,水仙
test,AD_F_040108_031,zh,54.620,54.680,,嗯
test,AD_F_040108_031,zh,56.300,56.840,SPEAKER_00,玉兰花
test,AD_F_040108_031,zh,57.500,57.560,,嗯
test,AD_F_040108_031,zh,58.820,58.880,,嗯
test,AD_F_040108_032,zh,0.630,1.170,SPEAKER_00,是啥
test,AD_F_040108_032,zh,2.010,3.330,SPEAKER_00,想不起来了啊啊
test,AD_F_040108_032,zh,4.530,5.010,SPEAKER_00,茄子
test,AD_F_040108_032,zh,7.110,7.470,SPEAKER_00,萝卜
test,AD_F_040108_032,zh,8.550,9.090,SPEAKER_00,胡萝卜
test,AD_F_040108_032,zh,9.750,9.810,,呃
test,AD_F_040108_032,zh,10.530,10.890,SPEAKER_00,手套
test,AD_F_040108_032,zh,11.730,11.790,,嗯
test,AD_F_040108_032,zh,14.680,14.920,SPEAKER_00,还有
test,AD_F_040108_032,zh,15.580,15.640,,呃
test,AD_F_040108_032,zh,16.360,16.660,SPEAKER_00,什么
test,AD_F_040108_032,zh,19.250,19.790,SPEAKER_00,想不起来
test,AD_F_040108_032,zh,20.390,21.170,SPEAKER_00,啊五天
test,AD_F_040108_032,zh,23.270,23.810,SPEAKER_00,哎呦啊
test,AD_F_040108_032,zh,24.950,26.150,SPEAKER_00,记不住了嗯
test,AD_F_040108_032,zh,26.930,27.350,SPEAKER_00,家具
test,AD_F_040108_032,zh,28.430,29.090,SPEAKER_00,橱柜子
test,AD_F_040108_032,zh,29.990,30.050,,还
test,AD_F_040108_032,zh,30.650,30.950,SPEAKER_00,家具
test,AD_F_040108_032,zh,32.090,32.150,,哎
test,AD_F_040108_032,zh,33.470,34.730,SPEAKER_00,哎呦想不起来了
test,AD_F_040108_032,zh,35.450,35.750,SPEAKER_00,蔬菜
test,AD_F_040108_032,zh,36.530,36.590,,嗯
test,AD_F_040108_032,zh,37.790,38.210,SPEAKER_00,茄子
test,AD_F_040108_032,zh,39.530,39.890,SPEAKER_00,土豆
test,AD_F_040108_032,zh,40.670,40.730,,嗯
test,AD_F_040108_032,zh,42.470,43.070,SPEAKER_00,胡萝卜
test,AD_F_040108_032,zh,44.750,44.810,,哎
test,AD_F_040108_032,zh,46.310,46.610,SPEAKER_00,还有
test,AD_F_040108_032,zh,47.510,48.890,SPEAKER_00,想不起来了哎呀
test,AD_F_040108_032,zh,49.490,52.970,SPEAKER_00,鲜花啊想不起来按这个写出来呀
test,AD_F_040108_032,zh,54.350,54.410,SPEAKER_00,一
test,AD_F_040108_032,zh,55.010,55.070,SPEAKER_00,二
test,AD_F_040108_032,zh,56.030,56.090,SPEAKER_00,一
test,AD_F_040108_032,zh,57.530,58.070,SPEAKER_00,四五
test,AD_F_040108_032,zh,59.510,59.750,SPEAKER_00,一呀
test,AD_F_040108_033,zh,0.150,0.630,SPEAKER_00,二三
test,AD_F_040108_033,zh,1.170,1.230,SPEAKER_00,四
test,AD_F_040108_033,zh,2.009,2.070,SPEAKER_00,五
test,AD_F_040108_033,zh,2.670,2.730,SPEAKER_00,六
test,AD_F_040108_033,zh,3.570,4.110,SPEAKER_00,七八
test,AD_F_040108_033,zh,4.890,4.950,SPEAKER_00,哦
test,AD_F_040108_033,zh,5.670,5.730,SPEAKER_00,哦
test,AD_F_040108_033,zh,6.450,6.510,SPEAKER_00,一
test,AD_F_040108_033,zh,7.290,7.350,SPEAKER_00,三
test,AD_F_040108_033,zh,8.189,8.250,SPEAKER_00,四
test,AD_F_040108_033,zh,9.270,9.330,SPEAKER_00,五
test,AD_F_040108_033,zh,10.470,10.530,SPEAKER_00,六
test,AD_F_040108_033,zh,16.530,16.590,SPEAKER_00,二
test,AD_F_040108_033,zh,17.670,17.730,SPEAKER_00,三
test,AD_F_040108_033,zh,26.550,26.610,SPEAKER_00,样
test,AD_F_040108_033,zh,54.690,54.990,SPEAKER_00,椅子
test,AD_F_040108_033,zh,55.770,56.070,SPEAKER_00,汽车
test,AD_F_040108_033,zh,57.210,58.710,SPEAKER_00,啊飞机这个
test,AD_F_040108_034,zh,0.030,1.650,SPEAKER_00,什么看不清这个
test,AD_F_040108_034,zh,2.190,2.250,,啊
test,AD_F_040108_034,zh,2.850,3.390,SPEAKER_00,这是
test,AD_F_040108_034,zh,4.170,4.590,SPEAKER_00,是狗
test,AD_F_040108_034,zh,5.190,5.250,SPEAKER_00,鼻
test,AD_F_040108_034,zh,5.970,8.670,SPEAKER_00,什么是床吧这个轮椅
test,AD_F_040108_034,zh,9.210,9.510,SPEAKER_00,蘑菇
test,AD_F_040108_034,zh,10.230,10.530,SPEAKER_00,剪子
test,AD_F_040108_034,zh,11.130,11.550,SPEAKER_00,算盘
test,AD_F_040108_034,zh,12.150,12.570,SPEAKER_00,这是
test,AD_F_040108_034,zh,13.350,14.190,SPEAKER_00,小人脑袋
test,AD_F_040108_034,zh,14.850,15.690,SPEAKER_00,这是个
test,AD_F_040108_034,zh,16.830,18.990,SPEAKER_00,杯子吧这是什么呀
test,AD_F_040108_034,zh,19.590,20.610,SPEAKER_00,这不知道牙刷
test,AD_F_040108_034,zh,21.450,21.870,SPEAKER_00,这是
test,AD_F_040108_034,zh,23.430,23.490,SPEAKER_00,哨
test,AD_F_040108_034,zh,24.030,24.270,SPEAKER_00,笼子
test,AD_F_040108_034,zh,24.810,26.070,SPEAKER_00,为什么这是
test,AD_F_040108_034,zh,27.390,27.630,SPEAKER_00,围脖
test,AD_F_040108_034,zh,28.530,28.590,,这
test,AD_F_040108_034,zh,29.130,32.070,SPEAKER_00,海洋什么动物这不知道什么
test,AD_F_040108_034,zh,32.970,33.330,SPEAKER_00,夹的
test,AD_F_040108_034,zh,34.230,34.890,SPEAKER_00,这个是
test,AD_F_040108_034,zh,36.270,36.930,SPEAKER_00,耳机子
test,AD_F_040108_034,zh,37.770,38.130,SPEAKER_00,黑的
test,AD_F_040108_034,zh,38.670,38.730,SPEAKER_00,哎
test,AD_F_040108_034,zh,39.330,40.470,SPEAKER_00,这黄的红的
test,AD_F_040108_034,zh,41.010,41.310,SPEAKER_00,蓝的
test,AD_F_040108_034,zh,42.570,43.410,SPEAKER_00,绿的红
test,AD_F_040108_034,zh,44.130,44.490,SPEAKER_00,绿的
test,AD_F_040108_034,zh,45.390,45.690,SPEAKER_00,蓝的
test,AD_F_040108_034,zh,46.410,46.710,SPEAKER_00,黄的
test,AD_F_040108_034,zh,47.310,47.550,SPEAKER_00,红的
test,AD_F_040108_034,zh,48.270,48.570,SPEAKER_00,黄的
test,AD_F_040108_034,zh,49.110,49.410,SPEAKER_00,红的
test,AD_F_040108_034,zh,50.790,51.930,SPEAKER_00,绿的蓝的
test,AD_F_040108_034,zh,52.890,53.190,SPEAKER_00,红的
test,AD_F_040108_034,zh,53.790,54.090,SPEAKER_00,黄的
test,AD_F_040108_034,zh,54.870,54.930,SPEAKER_00,哎
test,AD_F_040108_034,zh,55.770,56.070,SPEAKER_00,黄的
test,AD_F_040108_034,zh,56.670,56.730,SPEAKER_00,呃
test,AD_F_040108_034,zh,58.350,58.650,SPEAKER_00,蓝的
test,AD_F_040108_034,zh,59.430,59.730,SPEAKER_00,黄的
test,AD_F_040108_035,zh,0.210,0.450,SPEAKER_01,蓝的
test,AD_F_040108_035,zh,0.990,1.290,SPEAKER_00,黄的
test,AD_F_040108_035,zh,1.830,2.670,SPEAKER_00,红的绿
test,AD_F_040108_035,zh,3.390,4.230,SPEAKER_00,的绿的
test,AD_F_040108_035,zh,5.250,5.550,SPEAKER_00,蓝的
test,AD_F_040108_035,zh,6.150,7.590,SPEAKER_00,黄的呀绿的
test,AD_F_040108_035,zh,8.250,8.550,SPEAKER_00,蓝的
test,AD_F_040108_035,zh,9.090,12.390,SPEAKER_00,红的这也这么横着时候这是
test,AD_F_040108_035,zh,13.830,13.890,SPEAKER_00,绿
test,AD_F_040108_035,zh,14.910,15.270,SPEAKER_00,黄的
test,AD_F_040108_035,zh,16.530,16.830,SPEAKER_00,红的
test,AD_F_040108_035,zh,17.790,18.090,SPEAKER_00,黄的
test,AD_F_040108_035,zh,18.750,19.050,SPEAKER_00,红的
test,AD_F_040108_035,zh,20.490,20.910,SPEAKER_00,绿的
test,AD_F_040108_035,zh,22.770,23.070,SPEAKER_00,蓝的
test,AD_F_040108_035,zh,23.730,24.030,SPEAKER_00,蓝的
test,AD_F_040108_035,zh,25.170,25.470,SPEAKER_00,绿的
test,AD_F_040108_035,zh,26.730,27.030,SPEAKER_00,黄的
test,AD_F_040108_035,zh,28.110,28.350,SPEAKER_00,红的
test,AD_F_040108_035,zh,29.850,30.210,SPEAKER_00,蓝的
test,AD_F_040108_035,zh,31.650,31.950,SPEAKER_00,黄的
test,AD_F_040108_035,zh,34.330,34.630,SPEAKER_00,红的
test,AD_F_040108_035,zh,35.950,36.310,SPEAKER_00,绿的
test,AD_F_040108_035,zh,36.970,37.210,SPEAKER_00,红的
test,AD_F_040108_035,zh,38.050,38.110,,啊
test,AD_F_040108_035,zh,38.650,39.010,SPEAKER_00,绿的
test,AD_F_040108_035,zh,40.270,40.570,SPEAKER_00,蓝的
test,AD_F_040108_035,zh,41.890,42.190,SPEAKER_00,黄的
test,AD_F_040108_035,zh,44.870,45.170,SPEAKER_00,黄的
test,AD_F_040108_035,zh,46.550,46.910,SPEAKER_00,绿的
test,AD_F_040108_035,zh,47.870,48.170,SPEAKER_00,蓝的
test,AD_F_040108_035,zh,48.830,49.730,SPEAKER_00,红的蓝色
test,AD_F_040108_035,zh,50.510,50.570,,呃
test,AD_F_040108_035,zh,51.290,51.530,SPEAKER_00,蓝色
test,AD_F_040108_035,zh,52.549,52.790,SPEAKER_00,黄色
test,AD_F_040108_035,zh,54.110,54.410,SPEAKER_00,红色
test,AD_F_040108_035,zh,56.270,56.510,SPEAKER_00,黄色
test,AD_F_040108_035,zh,57.650,57.950,SPEAKER_00,红色
test,AD_F_040108_035,zh,58.970,59.270,SPEAKER_00,绿色
test,AD_F_040108_036,zh,0.690,0.930,SPEAKER_00,蓝色
test,AD_F_040108_036,zh,2.850,2.910,SPEAKER_00,绿
test,AD_F_040108_036,zh,4.050,4.290,SPEAKER_00,蓝色
test,AD_F_040108_036,zh,5.190,5.490,SPEAKER_00,绿色
test,AD_F_040108_036,zh,7.350,7.650,SPEAKER_00,黄色
test,AD_F_040108_036,zh,8.430,8.730,SPEAKER_00,红色
test,AD_F_040108_036,zh,10.050,10.110,,呃
test,AD_F_040108_036,zh,12.030,12.330,SPEAKER_00,蓝色
test,AD_F_040108_036,zh,13.350,13.650,SPEAKER_00,黄色
test,AD_F_040108_036,zh,15.630,15.930,SPEAKER_00,红色
test,AD_F_040108_036,zh,16.830,17.070,SPEAKER_00,绿色
test,AD_F_040108_036,zh,18.810,18.870,SPEAKER_00,黄
test,AD_F_040108_036,zh,19.830,20.130,SPEAKER_00,红色
test,AD_F_040108_036,zh,21.270,21.570,SPEAKER_00,绿色
test,AD_F_040108_036,zh,23.010,23.250,SPEAKER_00,蓝色
test,AD_F_040108_036,zh,25.170,25.410,SPEAKER_00,黄色
test,AD_F_040108_036,zh,26.430,26.670,SPEAKER_00,黄色
test,AD_F_040108_036,zh,27.270,27.570,SPEAKER_00,绿色
test,AD_F_040108_036,zh,29.190,29.250,,呃
test,AD_F_040108_036,zh,31.110,31.350,SPEAKER_00,蓝色
test,AD_F_040108_036,zh,33.630,33.870,SPEAKER_00,黄色
test,AD_F_040108_036,zh,34.770,35.490,SPEAKER_00,绿色啊
test,AD_F_040108_036,zh,36.150,36.870,SPEAKER_00,这是红
test,AD_F_040108_036,zh,36.870,38.070,SPEAKER_01,色给对上是
test,AD_F_040108_036,zh,39.210,39.510,SPEAKER_01,饼干
test,AD_F_040108_036,zh,40.710,42.090,SPEAKER_01,晾饼干的是吧
test,AD_F_040108_036,zh,42.990,43.050,,嗯
test,AD_F_040108_036,zh,44.490,46.050,SPEAKER_01,这上凳子上的
test,AD_F_040108_036,zh,47.730,47.970,SPEAKER_01,饼干
test,AD_F_040108_036,zh,48.630,50.730,SPEAKER_01,拿饼干去了这个呢
test,AD_F_040108_036,zh,51.810,52.530,SPEAKER_01,是什么
test,AD_F_040108_036,zh,53.190,55.050,SPEAKER_01,晾衣什么是什么嗯
test,AD_F_040108_036,zh,55.830,56.310,SPEAKER_01,这也
test,AD_F_040108_036,zh,57.030,57.090,SPEAKER_01,有
test,AD_F_040108_036,zh,58.050,59.430,SPEAKER_01,有两个碗儿
test,AD_F_040108_037,zh,0.000,0.030,,啊
test,AD_F_040108_037,zh,0.750,2.970,SPEAKER_00,这拿着一个什么东西
test,AD_F_040108_037,zh,3.510,3.570,,嗯
test,AD_F_040108_037,zh,4.590,7.950,SPEAKER_00,还晾衣裳嗯这凳子要摔要倒
test,AD_F_040108_037,zh,8.490,8.550,SPEAKER_00,嗯
test,AD_F_040108_037,zh,9.270,10.650,SPEAKER_00,凳子这桌上
test,AD_F_040108_037,zh,11.190,12.330,SPEAKER_00,有两个碗
test,AD_F_040108_037,zh,12.990,13.050,SPEAKER_00,嗯
test,AD_F_040108_037,zh,14.310,14.610,SPEAKER_00,开着
test,AD_F_040108_037,zh,15.690,16.350,SPEAKER_00,窗户嗯
test,AD_F_040108_037,zh,17.370,17.790,SPEAKER_00,看看
test,AD_F_040108_037,zh,18.750,19.230,SPEAKER_00,这是
test,AD_F_040108_037,zh,20.250,21.750,SPEAKER_00,什么是水洒了
test,AD_F_040108_037,zh,22.590,23.490,SPEAKER_00,洒在地下了
test,AD_F_040108_037,zh,24.150,25.110,SPEAKER_00,溅出来了啊
test,AD_F_040108_037,zh,25.710,28.710,SPEAKER_00,这个好像是一个人躺着似的
test,AD_F_040108_037,zh,28.710,28.770,,嗯
test,AD_F_040108_037,zh,29.610,31.890,SPEAKER_00,这个人呢蹬着凳子上高
test,AD_F_040108_037,zh,32.790,33.330,SPEAKER_00,拿东西
test,AD_F_040108_037,zh,34.230,36.690,SPEAKER_00,给这小底下这小女孩
test,AD_F_040108_037,zh,37.650,38.190,SPEAKER_00,拿凳剪
test,AD_F_040108_037,zh,39.030,40.890,SPEAKER_00,开着窗开着柜门啊
test,AD_F_040108_037,zh,41.790,41.850,,嗯
test,AD_F_040108_037,zh,42.510,45.150,SPEAKER_00,这个好像一个人躺着似的
test,AD_F_040108_037,zh,46.170,47.490,SPEAKER_00,就露着头嗯
test,AD_F_040108_037,zh,48.030,49.890,SPEAKER_00,这是自来水的水
test,AD_F_040108_037,zh,50.970,52.770,SPEAKER_00,水管子流下水来了
test,AD_F_040108_037,zh,53.370,57.990,SPEAKER_00,溅一地嗯这屋躺的人呢这帘子两边往往
test,AD_F_040108_037,zh,58.710,59.010,SPEAKER_00,打开
test,AD_F_040108_037,zh,59.610,59.670,SPEAKER_00,记
test,AD_F_040108_038,zh,0.330,0.390,SPEAKER_00,嗯
test,AD_F_040108_038,zh,0.930,1.830,SPEAKER_00,没有了吧嗯
test,AD_F_040108_038,zh,2.430,4.050,SPEAKER_00,啊在家做饭呢
test,AD_F_040108_038,zh,4.710,8.130,SPEAKER_00,人我跟老头俩人带下去爱好
test,AD_F_040108_038,zh,8.850,15.150,SPEAKER_00,没有什么爱好就是出去活动活动哎回家累了躺一倒还行啊
test,AD_F_040108_038,zh,15.990,18.690,SPEAKER_00,老老老大呢男孩税务局
test,AD_F_040108_038,zh,19.590,19.890,SPEAKER_00,这是
test,AD_F_040108_038,zh,20.550,20.610,,呃
test,AD_F_040108_038,zh,21.150,22.050,SPEAKER_00,老二是女孩
test,AD_F_040108_038,zh,22.890,23.730,SPEAKER_00,退休了
test,AD_F_040108_038,zh,23.730,23.790,,哎
test,AD_F_040108_038,zh,25.050,27.330,SPEAKER_00,这老三老三他那个什么
test,AD_F_040108_038,zh,29.130,30.870,SPEAKER_00,啊做电子的老四呢
test,AD_F_040108_038,zh,31.410,31.470,,呃
test,AD_F_040108_038,zh,32.729,33.690,SPEAKER_00,也退休了
test,AD_F_040108_038,zh,34.590,34.890,SPEAKER_00,消防
test,AD_F_040108_038,zh,35.850,38.130,SPEAKER_00,消防局的今年五十几的
test,AD_F_040108_038,zh,38.850,40.770,SPEAKER_00,六六啊六十桌了哎
test,AD_F_040108_038,zh,41.430,42.990,SPEAKER_00,还有最小的一个
test,AD_F_040108_038,zh,43.530,43.770,SPEAKER_00,那个
test,AD_F_040108_038,zh,44.550,45.210,SPEAKER_00,现在在
test,AD_F_040108_038,zh,46.410,47.010,SPEAKER_00,什么那个
test,AD_F_040108_038,zh,48.090,50.250,SPEAKER_00,数想不起来了现在在
test,AD_F_040108_038,zh,51.210,52.170,SPEAKER_00,市公安局
test,AD_F_040108_038,zh,52.710,53.250,SPEAKER_00,现在也算
test,AD_F_040108_038,zh,54.150,54.630,SPEAKER_00,退了吧
test,AD_F_040108_038,zh,55.230,56.250,SPEAKER_00,发改委啊
test,AD_F_040108_038,zh,57.030,57.390,SPEAKER_00,我呀
test,AD_F_040108_038,zh,58.050,59.430,SPEAKER_00,我就是有糖尿病
test,AD_F_040108_039,zh,0.270,1.470,SPEAKER_00,糖尿病也不算高
test,AD_F_040108_039,zh,2.130,7.050,SPEAKER_00,每天打胰岛素打六个啊有一点高别领没有嗯
test,AD_F_040108_039,zh,7.590,9.870,SPEAKER_00,我就想不起来了啊啊
test,AD_F_040108_039,zh,10.770,13.530,SPEAKER_00,记忆力现在就下差想不起来了
test,AD_F_040108_039,zh,14.190,16.350,SPEAKER_00,不是我不知道说什么我
test,AD_F_040108_039,zh,17.070,17.130,SPEAKER_00,就
test,AD_F_040108_039,zh,17.730,17.790,SPEAKER_00,我
test,AD_F_040108_039,zh,18.870,19.410,SPEAKER_00,买什么
test,AD_F_040108_039,zh,20.130,20.430,SPEAKER_00,萝卜
test,AD_F_040108_039,zh,20.970,21.210,SPEAKER_00,什么
test,AD_F_040108_039,zh,21.810,22.230,SPEAKER_00,西红柿
test,AD_F_040108_039,zh,23.070,24.270,SPEAKER_00,些菜什么的哎
test,AD_F_040108_039,zh,25.290,26.310,SPEAKER_00,都认识高什
test,AD_F_040108_039,zh,27.930,29.670,SPEAKER_00,哎就每天做饭哎
test,AD_F_040108_039,zh,31.110,31.170,SPEAKER_00,没
test,AD_F_040108_039,zh,31.770,31.950,SPEAKER_00,每天
test,AD_F_040108_039,zh,32.549,33.570,SPEAKER_00,出去遛窝去
test,AD_F_040108_039,zh,34.830,35.310,SPEAKER_00,啊哎
test,AD_F_040108_039,zh,36.570,40.050,SPEAKER_00,没什么事了困着就躺会了大白菜小白菜
test,AD_F_040108_039,zh,40.770,41.730,SPEAKER_00,西红柿哎
test,AD_F_040108_039,zh,42.630,43.410,SPEAKER_00,萝卜哎
test,AD_F_040108_039,zh,44.010,45.630,SPEAKER_00,这个都每天都要买
test,AD_F_040108_039,zh,46.590,46.650,SPEAKER_00,是
test,AD_F_040108_039,zh,47.250,47.550,SPEAKER_00,就是
test,AD_F_040108_039,zh,48.810,48.870,SPEAKER_00,就
test,AD_F_040108_039,zh,50.910,51.630,SPEAKER_00,没有买点
test,AD_F_040108_039,zh,52.650,53.790,SPEAKER_00,早餐得油什么
test,AD_F_040108_039,zh,54.330,56.010,SPEAKER_00,奶儿不是听不见就是
test,AD_F_040108_039,zh,56.670,59.790,SPEAKER_00,耳都响耳明耳明老呜呜
test,AD_F_040108_040,zh,0.390,0.450,SPEAKER_00,点
test,AD_F_040108_040,zh,0.990,1.050,SPEAKER_00,哎
test,AD_F_040108_040,zh,1.950,3.750,SPEAKER_00,刚说这些菜都啊
test,AD_F_040108_040,zh,4.470,4.830,SPEAKER_00,都买
test,AD_F_040108_040,zh,5.610,7.650,SPEAKER_00,出去遛弯去哎哎
test,AD_F_040108_040,zh,9.990,10.050,,啊
test,AD_F_040108_040,zh,11.370,11.430,SPEAKER_00,开
test,AD_F_040108_040,zh,13.650,13.950,SPEAKER_00,开水
test,AD_F_040108_040,zh,14.610,14.670,SPEAKER_00,呃
test,AD_F_040108_040,zh,16.230,16.530,SPEAKER_00,心啥
test,AD_F_040108_040,zh,17.070,17.430,SPEAKER_00,什么
test,AD_F_040108_040,zh,18.570,19.950,SPEAKER_00,别的想不起来了
test,AD_F_040108_040,zh,20.670,20.730,SPEAKER_00,啊
test,AD_F_040108_040,zh,22.110,22.530,SPEAKER_00,开水
test,AD_F_040108_040,zh,23.430,23.490,,呃
test,AD_F_040108_040,zh,25.110,26.190,SPEAKER_00,想不起来了哎
test,AD_F_040108_040,zh,26.910,27.810,SPEAKER_00,开不起来了
test,AD_F_040108_040,zh,28.470,28.530,SPEAKER_00,啊
test,AD_F_040108_040,zh,29.190,29.910,SPEAKER_00,明白了嗯
test,AD_F_040108_040,zh,30.510,30.570,,呃
test,AD_F_040108_040,zh,31.110,34.350,SPEAKER_00,说的越多越好开头想不起来呃
test,AD_F_040108_040,zh,35.670,36.450,SPEAKER_00,开水沏茶
test,AD_F_040108_040,zh,36.990,37.050,SPEAKER_00,啊
test,AD_F_040108_040,zh,38.910,39.930,SPEAKER_00,想不起来了
test,AD_F_040108_040,zh,41.610,43.650,SPEAKER_00,我想不起来就啊
test,AD_F_040108_040,zh,45.630,46.230,SPEAKER_00,今天得
test,AD_F_040108_040,zh,46.830,46.890,,呃
test,AD_F_040108_040,zh,47.790,48.390,SPEAKER_00,只给
test,AD_F_040108_040,zh,48.990,50.250,SPEAKER_00,帮过忙的人啊
test,AD_F_040108_040,zh,51.210,53.730,SPEAKER_00,什么帮的什么在沙发下
test,AD_F_040108_040,zh,54.750,55.710,SPEAKER_00,这还是厅里
test,AD_F_040108_040,zh,57.030,58.590,SPEAKER_00,听不清楚就有点就
test,AD_F_040108_040,zh,59.190,59.490,SPEAKER_00,饼干
test,AD_F_040108_041,zh,0.960,2.339,SPEAKER_00,晾饼干呢是吧
test,AD_F_040108_041,zh,3.300,3.360,,嗯
test,AD_F_040108_041,zh,4.140,5.640,SPEAKER_00,这上凳子上的
test,AD_F_040108_041,zh,7.380,7.620,SPEAKER_00,饼干
test,AD_F_040108_041,zh,8.220,10.320,SPEAKER_00,拿饼干去了这个呢
test,AD_F_040108_041,zh,11.400,12.120,SPEAKER_00,是什么
test,AD_F_040108_041,zh,13.560,15.420,SPEAKER_00,晾衣裳啊是是吗嗯
test,AD_F_040108_041,zh,16.140,16.620,SPEAKER_00,这也
test,AD_F_040108_041,zh,17.340,17.400,SPEAKER_00,有
test,AD_F_040108_041,zh,18.300,18.360,SPEAKER_00,有
test,AD_F_040108_041,zh,18.900,20.220,SPEAKER_00,两个碗儿啊
test,AD_F_040108_041,zh,21.240,23.400,SPEAKER_00,这拿着一个什么东西
test,AD_F_040108_041,zh,24.000,24.060,,嗯
test,AD_F_040108_041,zh,25.380,26.340,SPEAKER_00,晾衣裳嗯
test,AD_F_040108_041,zh,27.180,28.800,SPEAKER_00,这凳子要说要倒
test,AD_F_040108_041,zh,29.340,29.400,SPEAKER_00,嗯
test,AD_F_040108_041,zh,30.360,34.320,SPEAKER_00,凳子这桌上有两个碗儿嗯
test,AD_F_040108_041,zh,35.160,35.460,SPEAKER_00,开着
test,AD_F_040108_041,zh,36.240,36.900,SPEAKER_00,窗户嗯
test,AD_F_040108_041,zh,37.440,37.860,SPEAKER_00,看看
test,AD_F_040108_041,zh,38.880,39.360,SPEAKER_00,这是
test,AD_F_040108_041,zh,40.320,41.880,SPEAKER_00,什么是水洒了
test,AD_F_040108_041,zh,42.720,43.620,SPEAKER_00,洒在地下了
test,AD_F_040108_041,zh,44.220,45.240,SPEAKER_00,溅出来了啊
test,AD_F_040108_041,zh,46.140,48.840,SPEAKER_00,这个好像是一个人躺着似的
test,AD_F_040108_041,zh,49.560,49.620,,嗯
test,AD_F_040108_041,zh,50.400,52.740,SPEAKER_00,这个人呢蹬着凳子上高
test,AD_F_040108_041,zh,53.580,54.180,SPEAKER_00,拿东西
test,AD_F_040108_041,zh,55.080,57.540,SPEAKER_00,给这小地下这小女孩
test,AD_F_040108_041,zh,58.500,59.040,SPEAKER_00,拿凳西
test,AD_F_040108_042,zh,0.090,1.830,SPEAKER_00,开着窗开着柜门啊
test,AD_F_040108_042,zh,2.490,2.550,,嗯
test,AD_F_040108_042,zh,3.150,7.470,SPEAKER_00,这个好像一个人躺着似的就露着头嗯
test,AD_F_040108_042,zh,8.250,10.170,SPEAKER_00,这是自来水的水
test,AD_F_040108_042,zh,11.190,12.990,SPEAKER_00,水管子留下水来了
test,AD_F_040108_042,zh,13.770,14.730,SPEAKER_00,建一地嗯
test,AD_F_040108_042,zh,15.930,18.990,SPEAKER_00,这屋躺的人呢这帘子两边往往
test,AD_F_040108_042,zh,19.710,20.070,SPEAKER_00,打开
test,AD_F_040108_042,zh,20.730,21.390,SPEAKER_00,系上嗯
test,AD_F_040108_042,zh,22.170,23.490,SPEAKER_00,没有了吧嗯啊
test,AD_F_040108_042,zh,24.090,24.150,SPEAKER_00,啊
test,AD_F_040108_042,zh,24.690,27.810,SPEAKER_00,八十八周岁了过生日了嗯
test,AD_F_040108_042,zh,27.810,27.870,,呃
test,AD_F_040108_042,zh,28.590,30.030,SPEAKER_00,三零年生人嗯
test,AD_F_040108_042,zh,30.990,31.230,SPEAKER_00,汉族
test,AD_F_040108_042,zh,31.770,33.810,SPEAKER_00,什么您说选的职业
test,AD_F_040108_042,zh,34.530,34.590,,啊
test,AD_F_040108_042,zh,35.130,36.690,SPEAKER_00,退了啊怎不装着
test,AD_F_040108_042,zh,38.310,38.970,SPEAKER_00,上小学
test,AD_F_040108_042,zh,39.570,40.230,SPEAKER_00,上小学
test,AD_F_040108_042,zh,41.370,42.930,SPEAKER_00,是在哪儿是在
test,AD_F_040108_042,zh,44.130,48.930,SPEAKER_00,在什么地方是吧我父亲去世了原来在这在部队里头
test,AD_F_040108_042,zh,49.470,50.250,SPEAKER_00,我母亲呢
test,AD_F_040108_042,zh,50.850,52.290,SPEAKER_00,我母亲呢那时候
test,AD_F_040108_042,zh,53.070,53.670,SPEAKER_00,我们那
test,AD_F_040108_042,zh,54.810,55.590,SPEAKER_00,子女啊
test,AD_F_040108_042,zh,56.730,58.050,SPEAKER_00,我们兄弟姐妹多
test,AD_F_040108_042,zh,58.770,59.790,SPEAKER_00,在五个孩
test,AD_F_040108_043,zh,0.030,0.810,SPEAKER_00,孩子他就
test,AD_F_040108_043,zh,2.250,4.770,SPEAKER_00,不干了也是搞服装的啊
test,AD_F_040108_043,zh,5.370,6.090,SPEAKER_00,教育水平
test,AD_F_040108_043,zh,6.630,8.670,SPEAKER_00,我呀上了五年级啊
test,AD_F_040108_043,zh,9.450,10.290,SPEAKER_00,什么婚的
test,AD_F_040108_043,zh,10.830,13.410,SPEAKER_00,出生的都生东城区啊
test,AD_F_040108_043,zh,14.730,15.630,SPEAKER_00,出生是在
test,AD_F_040108_043,zh,16.890,17.670,SPEAKER_00,东北呃
test,AD_F_040108_043,zh,18.270,18.930,SPEAKER_00,黑龙江省
test,AD_F_040108_043,zh,19.470,19.530,SPEAKER_00,呃
test,AD_F_040108_043,zh,20.430,22.890,SPEAKER_00,我父亲那时候也在户口在北京
test,AD_F_040108_043,zh,23.610,24.330,SPEAKER_00,在北京我
test,AD_F_040108_043,zh,25.410,25.710,SPEAKER_00,六岁
test,AD_F_040108_043,zh,26.310,28.170,SPEAKER_00,北京了现在家里头
test,AD_F_040108_043,zh,29.010,29.550,SPEAKER_00,家里头
test,AD_F_040108_043,zh,30.450,31.830,SPEAKER_00,我有五个孩子
test,AD_F_040108_043,zh,32.430,36.390,SPEAKER_00,都结婚有孩子了现在我就跟老头嗯呃
test,AD_F_040108_043,zh,37.230,39.330,SPEAKER_00,就是退休工资啊没有啊
test,AD_F_040108_043,zh,40.950,41.190,SPEAKER_00,姐妹
test,AD_F_040108_043,zh,42.750,43.110,SPEAKER_00,大哥
test,AD_F_040108_043,zh,44.670,46.290,SPEAKER_00,二个我穿了
test,AD_F_040108_043,zh,47.010,49.530,SPEAKER_00,四个一哥哥一弟弟呃
test,AD_F_040108_043,zh,50.250,50.310,,呃
test,AD_F_040108_043,zh,50.850,53.310,SPEAKER_00,一个妹妹大我啊啊
test,AD_F_040108_043,zh,53.910,54.930,SPEAKER_00,他他就是
test,AD_F_040108_043,zh,56.070,57.570,SPEAKER_00,得的什么病忘了
test,AD_F_040108_043,zh,58.950,59.490,SPEAKER_00,反正不是
test,AD_F_040108_044,zh,0.420,1.500,SPEAKER_00,不是痴呆病
test,AD_F_040108_044,zh,2.100,2.159,,啊
test,AD_F_040108_044,zh,3.000,3.060,,啊
test,AD_F_040108_044,zh,3.720,3.780,SPEAKER_00,啊
test,AD_F_040108_044,zh,4.320,4.380,,呃
test,AD_F_040108_044,zh,5.580,8.640,SPEAKER_00,三个儿子两个女儿脸还都变啊
test,AD_F_040108_044,zh,9.180,10.980,SPEAKER_00,生活呀就说跟是
test,AD_F_040108_044,zh,12.060,13.800,SPEAKER_00,呃退休费什么的什么
test,AD_F_040108_044,zh,14.340,14.700,SPEAKER_00,退休费
test,AD_F_040108_044,zh,15.660,16.140,SPEAKER_00,花不了的
test,AD_F_040108_044,zh,17.580,19.080,SPEAKER_00,啊我没听清啊啊
test,AD_F_040108_044,zh,19.980,20.820,SPEAKER_00,干活还一样
test,AD_F_040108_044,zh,21.480,21.900,SPEAKER_00,一样啊
test,AD_F_040108_044,zh,22.440,23.580,SPEAKER_00,什么做饭哎
test,AD_F_040108_044,zh,24.300,25.140,SPEAKER_00,今年是哪
test,AD_F_040108_044,zh,25.740,26.400,SPEAKER_00,什么年呢
test,AD_F_040108_044,zh,27.300,27.960,SPEAKER_00,今天是
test,AD_F_040108_044,zh,29.040,30.180,SPEAKER_00,什么年呢今天
test,AD_F_040108_044,zh,31.020,31.560,SPEAKER_00,今年是
test,AD_F_040108_044,zh,32.400,32.760,SPEAKER_00,鸡年
test,AD_F_040108_044,zh,33.540,35.340,SPEAKER_00,是七年今年啊啊
test,AD_F_040108_044,zh,36.360,37.320,SPEAKER_00,二零零七年
test,AD_F_040108_044,zh,38.100,39.240,SPEAKER_00,二零零七年
test,AD_F_040108_044,zh,40.500,41.040,SPEAKER_00,现在呀
test,AD_F_040108_044,zh,41.640,41.700,SPEAKER_00,呃
test,AD_F_040108_044,zh,42.720,43.020,SPEAKER_00,春天
test,AD_F_040108_044,zh,43.860,44.640,SPEAKER_00,今天是
test,AD_F_040108_044,zh,45.840,45.900,SPEAKER_00,十
test,AD_F_040108_044,zh,46.920,47.460,SPEAKER_00,十六号
test,AD_F_040108_044,zh,48.060,49.020,SPEAKER_00,三月十六号
test,AD_F_040108_044,zh,49.860,50.400,SPEAKER_00,今天是
test,AD_F_040108_044,zh,50.940,51.300,SPEAKER_00,星期
test,AD_F_040108_044,zh,52.560,53.280,SPEAKER_00,星期三吧
test,AD_F_040108_044,zh,54.120,56.580,SPEAKER_00,是不是不是现在怎么跟您说
test,AD_F_040108_044,zh,57.300,59.880,SPEAKER_00,在俩儿现在在哪啊在哪
test,AD_F_040108_045,zh,0.210,0.690,SPEAKER_00,树就是
test,AD_F_040108_045,zh,1.290,1.530,SPEAKER_00,双井
test,AD_F_040108_045,zh,3.270,3.750,SPEAKER_00,朝阳区
test,AD_F_040108_045,zh,4.590,4.890,SPEAKER_00,双井
test,AD_F_040108_045,zh,6.030,6.210,SPEAKER_00,朝阳
test,AD_F_040108_045,zh,6.930,7.410,SPEAKER_00,朝阳区
test,AD_F_040108_045,zh,8.010,8.550,SPEAKER_00,城市啊
test,AD_F_040108_045,zh,9.210,9.930,SPEAKER_00,北京
test,AD_F_040108_045,zh,9.930,9.990,,呃
test,AD_F_040108_045,zh,11.490,11.730,SPEAKER_00,北京
test,AD_F_040108_045,zh,12.450,13.050,SPEAKER_00,朝阳区
test,AD_F_040108_045,zh,13.650,14.790,SPEAKER_00,双井桥啊
test,AD_F_040108_045,zh,15.450,15.510,,呃
test,AD_F_040108_045,zh,16.470,16.890,SPEAKER_00,那什么
test,AD_F_040108_045,zh,17.430,18.270,SPEAKER_00,百环家园
test,AD_F_040108_045,zh,18.990,19.530,SPEAKER_00,十四楼
test,AD_F_040108_045,zh,21.030,21.390,SPEAKER_00,那个
test,AD_F_040108_045,zh,21.930,25.410,SPEAKER_00,十四楼就是有电梯上了下去的楼下
test,AD_F_040108_045,zh,26.010,26.490,SPEAKER_00,这儿啊
test,AD_F_040108_045,zh,27.210,27.690,SPEAKER_00,这是
test,AD_F_040108_045,zh,29.190,30.030,SPEAKER_00,东城区的
test,AD_F_040108_045,zh,30.630,31.650,SPEAKER_00,协和医院啊
test,AD_F_040108_045,zh,32.850,32.910,SPEAKER_00,一
test,AD_F_040108_045,zh,33.690,35.190,SPEAKER_00,一九国际树木
test,AD_F_040108_045,zh,36.090,36.330,SPEAKER_00,一九
test,AD_F_040108_045,zh,37.230,38.610,SPEAKER_00,国际树木哎
test,AD_F_040108_045,zh,39.450,40.350,SPEAKER_00,一百减七
test,AD_F_040108_045,zh,41.190,42.030,SPEAKER_00,还有九十三
test,AD_F_040108_045,zh,42.810,44.250,SPEAKER_00,什么您刚才说这个
test,AD_F_040108_045,zh,44.910,45.450,SPEAKER_00,一百减
test,AD_F_040108_045,zh,46.050,46.350,SPEAKER_00,减七
test,AD_F_040108_045,zh,47.550,48.690,SPEAKER_00,还得减几啊
test,AD_F_040108_045,zh,49.350,51.270,SPEAKER_00,一百减七还有九十三
test,AD_F_040108_045,zh,52.350,53.550,SPEAKER_00,九十三再减七
test,AD_F_040108_045,zh,54.270,55.290,SPEAKER_00,还有八十六
test,AD_F_040108_045,zh,56.190,57.570,SPEAKER_00,八十六再减七
test,AD_F_040108_045,zh,58.590,58.830,SPEAKER_00,还有
test,AD_F_040108_046,zh,0.560,1.040,SPEAKER_00,七十九
test,AD_F_040108_046,zh,2.300,3.800,SPEAKER_00,七十九的减七
test,AD_F_040108_046,zh,3.800,3.860,,呃
test,AD_F_040108_046,zh,5.780,6.620,SPEAKER_00,还六十
test,AD_F_040108_046,zh,7.640,7.700,,三
test,AD_F_040108_046,zh,9.140,10.460,SPEAKER_00,六十三再减七
test,AD_F_040108_046,zh,11.600,12.500,SPEAKER_00,还有五十
test,AD_F_040108_046,zh,13.580,15.260,SPEAKER_00,有减七六十三减七
test,AD_F_040108_046,zh,16.340,16.520,SPEAKER_00,还有
test,AD_F_040108_046,zh,17.660,18.080,SPEAKER_00,五十
test,AD_F_040108_046,zh,19.280,19.340,,六
test,AD_F_040108_046,zh,20.360,21.260,SPEAKER_00,五十六的呃
test,AD_F_040108_046,zh,21.860,22.520,SPEAKER_00,三个什么
test,AD_F_040108_046,zh,23.480,26.600,SPEAKER_00,三个东西没想起来什么三个东西
test,AD_F_040108_046,zh,27.500,28.280,SPEAKER_00,想不起来了
test,AD_F_040108_046,zh,29.240,29.300,SPEAKER_00,表
test,AD_F_040108_046,zh,29.840,30.200,SPEAKER_00,这是
test,AD_F_040108_046,zh,31.340,31.880,SPEAKER_00,圆子笔
test,AD_F_040108_046,zh,32.419,32.480,SPEAKER_00,哎
test,AD_F_040108_046,zh,33.440,34.520,SPEAKER_00,吃葡萄不吃
test,AD_F_040108_046,zh,35.060,36.680,SPEAKER_00,不吐葡萄皮啊
test,AD_F_040108_046,zh,37.880,38.840,SPEAKER_00,请闭上眼
test,AD_F_040108_046,zh,39.380,40.220,SPEAKER_00,您的眼睛
test,AD_F_040108_046,zh,40.820,40.880,,啊
test,AD_F_040108_046,zh,42.500,44.480,SPEAKER_00,右手啊拿这张纸
test,AD_F_040108_046,zh,45.740,46.580,SPEAKER_00,放到大门上
test,AD_F_040108_046,zh,47.480,48.500,SPEAKER_00,搭铁上
test,AD_F_040108_046,zh,48.500,48.560,,啊
test,AD_F_040108_046,zh,49.760,50.540,SPEAKER_00,双手闭合
test,AD_F_040108_046,zh,51.260,51.980,SPEAKER_00,放到大腿上
test,AD_F_040108_046,zh,52.520,52.940,SPEAKER_00,这写
test,AD_F_040108_046,zh,53.600,54.200,SPEAKER_00,写什么
test,AD_F_040108_046,zh,55.220,55.640,SPEAKER_00,句子
test,AD_F_040108_046,zh,56.240,56.600,SPEAKER_00,不和
test,AD_F_040108_046,zh,57.680,57.980,SPEAKER_00,标准
test,AD_F_040108_046,zh,58.700,58.760,,嗯
test,AD_F_040108_047,zh,0.270,2.310,SPEAKER_00,这我真想不起来写什么
test,AD_F_040108_047,zh,2.850,6.210,SPEAKER_00,写这么一这俩一图跟这一样一坨哎
test,AD_F_040108_047,zh,7.830,7.890,,啊
test,AD_F_040108_047,zh,9.150,9.210,SPEAKER_00,二
test,AD_F_040108_047,zh,10.050,11.550,SPEAKER_00,这是二这是
test,AD_F_040108_047,zh,12.210,12.270,,七
test,AD_F_040108_047,zh,13.050,13.530,SPEAKER_00,七吧
test,AD_F_040108_047,zh,14.070,14.130,,啊
test,AD_F_040108_047,zh,14.790,14.850,SPEAKER_00,啊
test,AD_F_040108_047,zh,15.630,16.770,SPEAKER_00,你怎认识哎
test,AD_F_040108_047,zh,18.090,18.990,SPEAKER_00,写这字啊
test,AD_F_040108_047,zh,19.590,19.650,,啊
test,AD_F_040108_047,zh,20.910,20.970,SPEAKER_00,一
test,AD_F_040108_047,zh,21.630,21.690,SPEAKER_00,二
test,AD_F_040108_047,zh,23.730,23.790,SPEAKER_00,三
test,AD_F_040108_047,zh,25.770,25.830,SPEAKER_00,四
test,AD_F_040108_047,zh,28.110,28.170,SPEAKER_00,五
test,AD_F_040108_047,zh,28.890,28.950,,啊
test,AD_F_040108_047,zh,29.550,29.610,SPEAKER_00,好
test,AD_F_040108_047,zh,30.330,31.650,SPEAKER_00,画出这个了啊
test,AD_F_040108_047,zh,32.729,35.070,SPEAKER_00,这个真不好画这嗯
test,AD_F_040108_047,zh,36.390,37.410,SPEAKER_00,真画不出来啊
test,AD_F_040108_047,zh,38.490,39.810,SPEAKER_00,十一点十分
test,AD_F_040108_047,zh,41.070,43.230,SPEAKER_00,不好画的表这个
test,AD_F_040108_047,zh,43.230,43.290,,啊
test,AD_F_040108_047,zh,43.950,44.670,SPEAKER_00,画一表盘
test,AD_F_040108_047,zh,46.110,46.830,SPEAKER_00,十一点
test,AD_F_040108_047,zh,48.210,48.570,SPEAKER_00,十分
test,AD_F_040108_047,zh,49.650,51.690,SPEAKER_00,不对吧画不了这是
test,AD_F_040108_047,zh,53.670,53.730,SPEAKER_00,牛
test,AD_F_040108_047,zh,54.810,57.150,SPEAKER_00,骆驼这是水牛啊
test,AD_F_040108_047,zh,57.690,57.750,SPEAKER_00,哎
test,AD_F_040108_047,zh,58.470,58.650,SPEAKER_00,哎呀
test,AD_F_040108_047,zh,59.310,59.790,SPEAKER_00,说不清
test,AD_F_040121_001,zh,0.090,1.110,SPEAKER_00,看到一个
test,AD_F_040121_001,zh,1.110,1.170,,呃
test,AD_F_040121_001,zh,2.130,3.630,SPEAKER_00,小姑娘嗯在
test,AD_F_040121_001,zh,4.230,5.130,SPEAKER_00,树林里头
test,AD_F_040121_001,zh,5.130,5.190,,嗯
test,AD_F_040121_001,zh,6.390,19.410,SPEAKER_00,采蘑菇吧可能是采蘑菇嗯然后呢然后就回家做菜做的绿色的菜还比较然后这个图片里头还有另外一个小姑娘也在也在
test,AD_F_040121_001,zh,20.010,26.850,SPEAKER_00,工也在工作其他的还有她在有一个在在在打扫卫生一个小姑娘
test,AD_F_040121_001,zh,27.630,27.690,SPEAKER_00,在
test,AD_F_040121_001,zh,28.290,28.350,SPEAKER_00,嗯
test,AD_F_040121_001,zh,29.790,30.270,SPEAKER_00,在洗
test,AD_F_040121_001,zh,31.350,33.030,SPEAKER_00,洗菜吧在洗菜
test,AD_F_040121_001,zh,33.690,34.350,SPEAKER_00,然后还有
test,AD_F_040121_001,zh,34.890,34.950,,嗯
test,AD_F_040121_001,zh,35.910,36.330,SPEAKER_00,还有她
test,AD_F_040121_001,zh,37.290,38.430,SPEAKER_00,穿着一双
test,AD_F_040121_001,zh,38.430,38.490,,嗯
test,AD_F_040121_001,zh,39.210,40.530,SPEAKER_00,红色的小皮鞋
test,AD_F_040121_001,zh,41.550,41.610,,嗯
test,AD_F_040121_001,zh,42.210,42.870,SPEAKER_00,然后那个
test,AD_F_040121_001,zh,43.470,43.890,SPEAKER_00,她还
test,AD_F_040121_001,zh,44.490,45.090,SPEAKER_00,嗯在
test,AD_F_040121_001,zh,45.750,46.410,SPEAKER_00,在窗前
test,AD_F_040121_001,zh,47.370,47.910,SPEAKER_00,观望
test,AD_F_040121_001,zh,47.910,47.970,,嗯
test,AD_F_040121_001,zh,48.810,49.050,SPEAKER_00,比较
test,AD_F_040121_001,zh,49.710,49.890,SPEAKER_00,比较
test,AD_F_040121_001,zh,50.850,52.710,SPEAKER_00,觉得这个画面比较
test,AD_F_040121_001,zh,52.710,52.770,,呃
test,AD_F_040121_001,zh,53.370,53.550,SPEAKER_00,比较
test,AD_F_040121_001,zh,54.090,55.110,SPEAKER_00,叫什么呀就是像
test,AD_F_040121_001,zh,55.770,57.690,SPEAKER_00,像那什么一样像那个
test,AD_F_040121_001,zh,57.690,57.750,,嗯
test,AD_F_040121_001,zh,58.890,59.850,SPEAKER_00,少文少儿
test,AD_F_040271_001,zh,0.090,1.350,SPEAKER_00,发发针打头
test,AD_F_040271_001,zh,2.190,3.450,SPEAKER_00,马呀哎呀
test,AD_F_040271_001,zh,4.290,4.890,SPEAKER_00,发财啊
test,AD_F_040271_001,zh,5.550,6.390,SPEAKER_00,发财嗯
test,AD_F_040271_001,zh,7.590,7.890,SPEAKER_00,发酵
test,AD_F_040271_001,zh,9.030,9.090,SPEAKER_00,发
test,AD_F_040271_001,zh,9.690,9.990,SPEAKER_00,发财
test,AD_F_040271_001,zh,10.530,11.190,SPEAKER_00,啊发酵
test,AD_F_040271_001,zh,11.730,11.790,SPEAKER_00,嗯
test,AD_F_040271_001,zh,17.280,17.340,SPEAKER_00,房
test,AD_F_040271_001,zh,18.000,24.000,SPEAKER_00,什么什么什么字放火嗨开门进下开火车开汽车什么
test,AD_F_040271_001,zh,24.660,25.680,SPEAKER_00,开开门这下
test,AD_F_040271_001,zh,28.500,33.300,SPEAKER_00,这个这个女的是在这擦盘子在擦盘子这个
test,AD_F_040271_001,zh,33.960,34.260,SPEAKER_00,男孩
test,AD_F_040271_001,zh,35.520,35.760,SPEAKER_00,尺子
test,AD_F_040271_001,zh,36.480,36.720,SPEAKER_00,凳子
test,AD_F_040271_001,zh,37.440,38.580,SPEAKER_00,这是什么呢嗯
test,AD_F_040271_001,zh,39.420,45.120,SPEAKER_00,这这这块写什么看不太清看看大概这个这个女孩告呢可能是
test,AD_F_040271_001,zh,45.840,48.780,SPEAKER_00,告是是哪呀是怎么怎么放这意思
test,AD_F_040271_001,zh,49.440,54.420,SPEAKER_00,女孩在家上看能看着那啥这个这块的盘子里头东西傻了
test,AD_F_040271_001,zh,55.260,55.680,SPEAKER_00,往下流
test,AD_F_040271_001,zh,56.340,56.700,SPEAKER_00,看着呀
test,AD_F_040271_001,zh,57.840,57.900,,嗯
test,AD_F_040271_001,zh,58.800,59.400,SPEAKER_00,还细节
test,AD_F_040271_002,zh,0.090,1.770,SPEAKER_00,这这也没啥细节了
test,AD_F_040271_002,zh,2.850,5.490,SPEAKER_00,看不出来啥了他这个这个那个
test,AD_F_040271_002,zh,6.030,6.270,SPEAKER_00,窗帘
test,AD_F_040271_002,zh,6.810,8.070,SPEAKER_00,窗窗帘给他
test,AD_F_040271_002,zh,8.670,9.390,SPEAKER_00,给他那个
test,AD_F_040271_002,zh,10.350,12.690,SPEAKER_00,开开了完了吧哈用那个
test,AD_F_040271_002,zh,12.690,12.750,,嗯
test,AD_F_040271_002,zh,13.890,15.990,SPEAKER_00,就是勾啊是什么的给他
test,AD_F_040271_002,zh,15.990,16.050,,啊
test,AD_F_040271_002,zh,16.650,19.590,SPEAKER_00,就这么意思大概意思这个这个
test,AD_F_040271_002,zh,21.030,21.930,SPEAKER_00,男孩上去
test,AD_F_040271_002,zh,22.650,23.430,SPEAKER_00,尺这个
test,AD_F_040271_002,zh,24.150,24.210,SPEAKER_00,是
test,AD_F_040271_002,zh,24.810,25.110,SPEAKER_00,凳子
test,AD_F_040271_002,zh,25.710,27.390,SPEAKER_00,歪了斜了嗯嗯
test,AD_F_040271_002,zh,28.470,30.630,SPEAKER_00,可能是女孩告诉他是什么
test,AD_F_040271_002,zh,31.590,34.530,SPEAKER_00,钩的凳子斜了还是什么这外边还有
test,AD_F_040271_002,zh,35.190,35.430,SPEAKER_00,还有
test,AD_F_040271_002,zh,36.330,37.050,SPEAKER_00,还有植物
test,AD_F_040271_002,zh,37.590,37.650,SPEAKER_00,嗯
test,AD_F_040271_002,zh,38.430,40.590,SPEAKER_00,窗帘那个那个那那那块嗯
test,AD_F_040271_002,zh,41.250,43.290,SPEAKER_00,绿油油嗯全是嗯
test,AD_F_040271_002,zh,44.250,46.350,SPEAKER_00,全是那个小矮树
test,AD_F_040271_002,zh,46.350,46.410,,嗯
test,AD_F_040271_002,zh,46.950,47.010,SPEAKER_00,嗯
test,AD_F_040271_002,zh,47.550,49.770,SPEAKER_00,嗯这这这没有啥吧
test,AD_F_040299_001,zh,0.460,0.880,SPEAKER_00,水果
test,AD_F_040299_001,zh,2.440,2.860,SPEAKER_00,碎球
test,AD_F_040299_001,zh,5.020,5.080,SPEAKER_00,水
test,AD_F_040299_001,zh,5.620,6.760,SPEAKER_00,哦水果写好吧
test,AD_F_040299_001,zh,10.130,10.430,SPEAKER_00,喝水
test,AD_F_040299_001,zh,11.030,11.450,SPEAKER_00,也以
test,AD_F_040299_001,zh,12.050,12.110,SPEAKER_00,睡
test,AD_F_040299_001,zh,13.370,13.670,SPEAKER_00,后着
test,AD_F_040299_001,zh,14.330,15.470,SPEAKER_00,老嗯湿着
test,AD_F_040299_001,zh,18.230,18.530,SPEAKER_00,猴子
test,AD_F_040299_001,zh,21.390,21.930,SPEAKER_00,还有那个
test,AD_F_040299_001,zh,22.710,23.850,SPEAKER_00,兔子香酸动
test,AD_F_040299_001,zh,26.490,26.790,SPEAKER_00,机子
test,AD_F_040299_001,zh,31.080,31.140,SPEAKER_00,毛
test,AD_F_040299_001,zh,32.580,33.360,SPEAKER_00,对羊的写
test,AD_F_040299_001,zh,35.790,35.850,SPEAKER_00,好
test,AD_F_040299_001,zh,38.500,38.800,SPEAKER_00,记续子
test,AD_F_040326_001,zh,0.470,2.450,SPEAKER_00,哎是我说给你听呐还是
test,AD_F_040326_001,zh,3.050,3.110,SPEAKER_00,狗
test,AD_F_040326_001,zh,4.730,4.790,SPEAKER_00,猫
test,AD_F_040326_001,zh,6.110,6.170,SPEAKER_00,猪
test,AD_F_040326_001,zh,7.190,7.250,SPEAKER_00,羊
test,AD_F_040326_001,zh,9.290,9.350,SPEAKER_00,飞
test,AD_F_040326_001,zh,13.550,13.610,SPEAKER_00,吐
test,AD_F_040326_001,zh,17.750,19.910,SPEAKER_00,我我我我没养过这些东西
test,AD_F_040326_001,zh,20.990,23.510,SPEAKER_00,在其他的就没养了就是这几个大的
test,AD_F_040326_001,zh,24.290,24.350,SPEAKER_00,猪
test,AD_F_040326_001,zh,25.010,25.070,SPEAKER_00,狗
test,AD_F_040326_001,zh,25.730,25.790,SPEAKER_00,羊
test,AD_F_040326_001,zh,26.690,26.990,SPEAKER_00,还有
test,AD_F_040326_001,zh,27.530,28.670,SPEAKER_00,还有什么还么马
test,AD_F_040326_001,zh,31.610,32.450,SPEAKER_00,就就是这些
test,AD_F_040326_001,zh,35.610,36.330,SPEAKER_00,还有蚂蚁
test,AD_F_040326_001,zh,39.030,39.090,SPEAKER_00,飞
test,AD_F_040326_001,zh,39.630,39.690,SPEAKER_00,飞
test,AD_F_040326_001,zh,40.290,40.530,SPEAKER_00,飞舞
test,AD_F_040328_001,zh,0.390,0.810,SPEAKER_00,猫狗
test,AD_F_040328_001,zh,1.530,2.370,SPEAKER_00,猪牛羊
test,AD_F_040328_001,zh,3.150,3.450,SPEAKER_00,骆驼
test,AD_F_040328_001,zh,5.310,6.690,SPEAKER_00,水谁你算吧
test,AD_F_040328_001,zh,7.830,8.250,SPEAKER_00,鸭子
test,AD_F_040328_001,zh,8.790,8.850,SPEAKER_00,鸡
test,AD_F_040328_001,zh,10.290,10.350,SPEAKER_00,马
test,AD_F_040328_001,zh,11.670,11.730,SPEAKER_00,蛇
test,AD_F_040328_001,zh,13.470,13.770,SPEAKER_00,青蛙
test,AD_F_040328_001,zh,17.290,17.350,SPEAKER_00,鹅
test,AD_F_040328_001,zh,19.330,19.390,,鸟
test,AD_F_040328_001,zh,22.030,22.270,SPEAKER_00,乌鸦
test,AD_F_040328_001,zh,22.930,23.170,SPEAKER_00,喜鹊
test,AD_F_040328_001,zh,26.340,26.820,SPEAKER_00,猫头鹰
test,AD_F_040328_001,zh,29.670,29.730,SPEAKER_00,鱼
test,AD_F_040328_001,zh,32.240,32.660,SPEAKER_00,鲨鱼
test,AD_F_040328_001,zh,33.500,34.640,SPEAKER_00,黄黄花鱼
test,AD_F_040328_001,zh,35.900,36.260,SPEAKER_00,鳄鱼
test,AD_F_040349_001,zh,0.110,2.930,SPEAKER_00,嗯老虎嗯狮子嗯燕子嗯
test,AD_F_040349_001,zh,3.470,4.070,SPEAKER_00,还有嗯
test,AD_F_040349_001,zh,4.610,7.070,SPEAKER_00,那黄牛嗯还有嗯这个
test,AD_F_040349_001,zh,7.790,7.850,SPEAKER_00,嗯
test,AD_F_040349_001,zh,8.690,8.750,SPEAKER_00,嗯
test,AD_F_040349_001,zh,9.710,11.150,SPEAKER_00,别着急啊黄牛黄牛
test,AD_F_040349_001,zh,11.870,12.110,SPEAKER_00,还有
test,AD_F_040349_001,zh,12.650,13.190,SPEAKER_00,骆驼嗯
test,AD_F_040349_001,zh,13.790,15.290,SPEAKER_00,还有绵羊嗯还有
test,AD_F_040349_001,zh,15.890,15.950,SPEAKER_00,嗯
test,AD_F_040349_001,zh,17.510,17.690,SPEAKER_00,还有
test,AD_F_040349_001,zh,18.290,18.470,SPEAKER_00,还有
test,AD_F_040349_001,zh,20.090,20.390,SPEAKER_00,还有
test,AD_F_040349_001,zh,21.350,22.010,SPEAKER_00,还有猴子
test,AD_F_040349_001,zh,22.850,23.090,SPEAKER_00,猴子
test,AD_F_040349_001,zh,23.810,23.990,SPEAKER_00,还有
test,AD_F_040349_001,zh,24.590,24.830,SPEAKER_00,这个
test,AD_F_040349_001,zh,25.850,26.570,SPEAKER_00,大象还有
test,AD_F_040349_001,zh,27.770,28.070,SPEAKER_00,燕子
test,AD_F_040349_001,zh,29.920,36.280,SPEAKER_00,我说一个不好听的就是还有台风愿咱们可以差一下是吧台台风台风是一个水水
test,AD_F_040349_001,zh,38.080,38.560,SPEAKER_00,发大水
test,AD_F_040349_001,zh,39.160,39.220,,嗯
test,AD_F_040349_001,zh,40.360,41.380,SPEAKER_00,咱们说啊那个
test,AD_F_040349_001,zh,42.400,43.840,SPEAKER_00,那个那个那个那个
test,AD_F_040349_001,zh,44.740,46.000,SPEAKER_00,红红瓶的红瓶
test,AD_F_040349_001,zh,46.600,54.280,SPEAKER_00,我就反而就觉得这个瓶子里头有水水在水水里面是干嘛呢水里面搁着糖了这个图片好像是一个
test,AD_F_040349_001,zh,55.120,55.180,SPEAKER_00,嗯
test,AD_F_040349_001,zh,56.440,57.280,SPEAKER_00,夏天的图片
test,AD_F_040349_001,zh,58.300,59.860,SPEAKER_00,因为小孩啊就在玻璃那个
test,AD_F_040349_002,zh,0.030,8.970,SPEAKER_00,地方还玩的挺挺那什么的在这姐姐还在这个地方好像还穿着裙子还在那地方我我我这么瞎说八道我又就怕那什么
test,AD_F_040349_002,zh,9.510,11.010,SPEAKER_00,对对对反正说说说
test,AD_F_040349_002,zh,11.850,17.910,SPEAKER_00,真正的真正的这么个过程孩子们都是都上上学的人所以说他们肯定是
test,AD_F_040349_002,zh,18.750,20.970,SPEAKER_00,每同同时都要都要那个
test,AD_F_040349_002,zh,26.350,26.410,SPEAKER_00,嗯
test,AD_F_040349_002,zh,27.250,28.570,SPEAKER_00,没有什么了这不说就是
test,AD_F_040349_002,zh,29.290,36.370,SPEAKER_00,咱们的咱们都都都是都都看看见了您您那的家里头也有不少小孩您那小孩外面的这些
test,AD_F_040349_002,zh,36.910,37.630,SPEAKER_00,这些呃
test,AD_F_040349_002,zh,38.470,38.530,SPEAKER_00,嗯
test,AD_F_040349_002,zh,39.250,42.550,SPEAKER_00,我那个院子里的东西也我看你那弄的也也特别
test,AD_F_040349_002,zh,43.150,44.050,SPEAKER_00,特别特别那什么
test,AD_F_040349_002,zh,44.890,45.310,SPEAKER_00,也特别
test,AD_F_040349_002,zh,46.150,46.330,SPEAKER_00,比较
test,AD_F_040349_002,zh,47.710,50.710,SPEAKER_00,一一看就是个文化的孩子将来嗯嗯嗯
test,AD_F_040349_002,zh,51.610,52.930,SPEAKER_00,对吧文化的他不像
test,AD_F_040349_002,zh,53.950,55.150,SPEAKER_00,还看见这上头
test,AD_F_040349_002,zh,55.750,58.749,SPEAKER_00,这上面有一个就是一个帐子好像是帐子
test,AD_F_040349_002,zh,59.290,59.470,SPEAKER_00,我都
test,AD_F_040349_003,zh,0.270,1.710,SPEAKER_01,这样这样子这样子完了以后
test,AD_F_040349_003,zh,1.710,6.510,SPEAKER_00,呢那就那就是过过去的老人到那时候就该就该就该那什么了
test,AD_F_040349_003,zh,7.110,14.190,SPEAKER_00,就就该那个睡觉了所以说就应该注意他们让他们好好休息有什么事明天再说
test,AD_F_040349_003,zh,14.850,15.630,SPEAKER_00,给咱们就就就
test,AD_F_040349_003,zh,16.170,16.590,SPEAKER_00,开大会
test,AD_F_040349_003,zh,18.210,18.570,SPEAKER_00,算吗
test,AD_F_040349_003,zh,19.890,20.790,SPEAKER_00,不开大会了
test,AD_F_040349_003,zh,21.330,24.270,SPEAKER_00,你你说吧这给我说那行行行行
test,AD_F_040349_003,zh,25.110,25.170,,啊
test,AD_F_040349_003,zh,26.250,26.850,SPEAKER_00,完了那
test,AD_F_040349_003,zh,26.850,26.910,,是
test,AD_F_040349_003,zh,27.570,27.870,SPEAKER_00,上学
test,AD_F_040349_003,zh,29.370,29.730,SPEAKER_00,别着
test,AD_F_040349_003,zh,29.730,29.910,,急
test,AD_F_040349_003,zh,29.910,31.950,SPEAKER_00,啊别着急别着急我这别着急去
test,AD_F_040398_001,zh,0.150,0.690,SPEAKER_00,还有菜
test,AD_F_040398_001,zh,1.410,1.470,,有
test,AD_F_040398_001,zh,2.009,3.690,SPEAKER_00,那个什么这是
test,AD_F_040398_001,zh,4.290,4.350,SPEAKER_00,嗯
test,AD_F_040398_001,zh,5.250,5.310,SPEAKER_00,菜
test,AD_F_040398_001,zh,6.390,7.110,SPEAKER_00,这这是
test,AD_F_040398_001,zh,8.370,9.390,SPEAKER_00,窗户什么的
test,AD_F_040398_001,zh,10.350,13.110,SPEAKER_00,还打扫卫生这是水
test,AD_F_040398_001,zh,13.710,14.130,SPEAKER_00,这是
test,AD_F_040398_001,zh,14.790,16.350,SPEAKER_00,那什么那还有草
test,AD_F_040398_001,zh,17.070,23.490,SPEAKER_00,还有打扫卫生的这不是这是那什么做饭的人的洗衣
test,AD_F_040398_001,zh,24.150,27.330,SPEAKER_00,洗衣服这一个那什么是水
test,AD_F_040398_001,zh,28.590,32.310,SPEAKER_00,这边是搞卫生的这是搞卫生的吧这个
test,AD_F_100426_001,zh,0.030,1.110,SPEAKER_00,他那个那个那
test,AD_F_100426_001,zh,1.830,4.530,SPEAKER_00,饼干了要去到饼干去爬上去
test,AD_F_100426_001,zh,5.130,5.190,SPEAKER_00,要
test,AD_F_100426_001,zh,6.150,8.250,SPEAKER_00,要跌高的跌落来点那他的
test,AD_F_100426_001,zh,9.090,9.390,SPEAKER_00,卧他
test,AD_F_100426_001,zh,11.670,13.290,SPEAKER_00,要饼干还卧他
test,AD_F_100426_001,zh,14.010,14.790,SPEAKER_00,要塌下去
test,AD_F_100426_001,zh,16.410,17.190,SPEAKER_00,都饼干了
test,AD_F_100426_001,zh,18.990,20.670,SPEAKER_00,怎们的话买是花儿咯
test,AD_F_100426_001,zh,23.140,23.200,SPEAKER_00,种
test,AD_F_100426_001,zh,23.800,24.400,SPEAKER_00,浇花了
test,AD_F_100426_001,zh,26.080,26.680,SPEAKER_00,浇花了
test,AD_F_100426_001,zh,27.460,29.500,SPEAKER_00,那个是来水龙头水呢
test,AD_F_100426_001,zh,31.800,32.340,SPEAKER_00,楼肉来的
test,AD_F_100426_001,zh,32.880,33.780,SPEAKER_00,门容都没关好
test,AD_F_100426_001,zh,34.740,37.560,SPEAKER_00,笼都没关好他们让看擦擦干净
test,AD_F_120826_001,zh,0.490,2.590,SPEAKER_00,这个小伙子这里他给我放
test,AD_F_120826_001,zh,3.190,6.610,SPEAKER_00,放放东西放在那个放到柜子里放东西先
test,AD_F_120826_001,zh,7.150,12.250,SPEAKER_00,嗯这个女的来跟他讲着你怎么放怎么放指挥他他爬到上面去
test,AD_F_120826_001,zh,12.910,16.390,SPEAKER_00,这个这个呢他是晚上睡觉了睡觉了呢就是
test,AD_F_120826_001,zh,17.050,17.710,SPEAKER_00,看样子呢
test,AD_F_120826_001,zh,18.370,20.950,SPEAKER_00,那蚊子啊什么东西啊我像他
test,AD_F_120826_001,zh,21.550,23.530,SPEAKER_00,拿衣服好像是衣忘
test,AD_F_120826_001,zh,24.310,25.750,SPEAKER_00,这个好像什么东西
test,AD_F_120826_001,zh,26.530,27.010,SPEAKER_00,扇子
test,AD_F_120826_001,zh,27.610,27.670,SPEAKER_00,嗯
test,AD_F_120826_001,zh,28.330,28.570,SPEAKER_00,这个
test,AD_F_120826_001,zh,29.590,30.730,SPEAKER_00,嗯是个扇子
test,AD_F_120826_001,zh,32.860,36.400,SPEAKER_00,手上拿了个衣服裙子的东西要到到
test,AD_F_120826_001,zh,38.530,39.970,SPEAKER_00,房子里面去进去
test,AD_F_120826_001,zh,41.230,42.190,SPEAKER_00,独里面去啊
test,AD_F_120826_001,zh,43.090,43.990,SPEAKER_00,主我是这样理解
test,AD_F_232508_001,zh,0.150,0.870,SPEAKER_00,哪里开始送
test,AD_F_232508_001,zh,1.650,1.890,SPEAKER_00,这个
test,AD_F_232508_001,zh,3.330,3.390,,是
test,AD_F_232508_001,zh,5.310,5.550,SPEAKER_00,这个
test,AD_F_232508_001,zh,6.450,6.870,SPEAKER_00,这个嘛
test,AD_F_232508_001,zh,7.530,8.550,SPEAKER_00,他马上登机
test,AD_F_232508_001,zh,10.410,12.210,SPEAKER_00,爬上等机去拿饼干
test,AD_F_232508_001,zh,15.540,16.140,SPEAKER_00,就这个吗
test,AD_F_232508_001,zh,18.350,19.190,SPEAKER_00,这个嘛嗯
test,AD_F_232508_001,zh,19.730,20.990,SPEAKER_00,讲他要小仙子
test,AD_F_232508_001,zh,23.790,26.610,SPEAKER_00,这帽子放在上这个饼干放在上面
test,AD_F_232508_001,zh,27.690,28.410,SPEAKER_00,这个帽子呀
test,AD_F_232508_001,zh,29.430,30.150,SPEAKER_00,要不要讲它
test,AD_F_232508_001,zh,30.930,31.470,SPEAKER_00,一个帽子
test,AD_F_232508_001,zh,32.130,33.750,SPEAKER_00,哎这个手上是什么东西
test,AD_F_232508_001,zh,35.070,36.630,SPEAKER_00,这个一点一点看不清楚
test,AD_F_232508_001,zh,37.710,38.430,SPEAKER_00,它这个是
test,AD_F_232508_001,zh,39.330,40.830,SPEAKER_00,放什么东西呀嘴发
test,AD_F_232508_001,zh,41.490,41.550,SPEAKER_00,手
test,AD_F_232508_001,zh,42.150,45.450,SPEAKER_00,还有这边呢理好了吗这个套是嗯
test,AD_F_232508_001,zh,46.230,46.290,SPEAKER_00,在
test,AD_F_232508_001,zh,46.950,47.730,SPEAKER_00,毛巾在擦
test,AD_F_232508_001,zh,49.470,50.190,SPEAKER_00,这里面有
test,AD_F_232508_001,zh,50.730,50.790,SPEAKER_00,嗯
test,AD_F_232508_001,zh,51.870,51.930,SPEAKER_00,嗯
test,AD_F_232508_001,zh,54.030,54.390,SPEAKER_00,有布
test,AD_F_232508_001,zh,54.990,55.770,SPEAKER_00,蚊章这个
test,AD_F_232508_001,zh,57.150,59.670,SPEAKER_00,只有这里里面有红红的
test,AD_F_232526_001,zh,1.300,2.260,SPEAKER_00,说你张铺
test,AD_F_232526_001,zh,2.800,3.340,SPEAKER_00,几张铺
test,AD_F_232526_001,zh,8.440,8.500,SPEAKER_00,铺
test,AD_F_232526_001,zh,32.020,32.319,SPEAKER_00,事了
test,AD_F_262425_001,zh,0.030,1.830,SPEAKER_00,哦好来着了又了
test,AD_F_262425_001,zh,2.610,2.910,SPEAKER_00,시작盖
test,AD_F_262425_001,zh,4.980,5.880,SPEAKER_00,谢谢记着了
test,AD_F_262425_001,zh,8.310,11.910,SPEAKER_00,这发发生了什气的了怎没话掉
test,AD_F_262425_001,zh,14.500,15.700,SPEAKER_00,说米瓦怎么个
test,AD_F_262425_001,zh,21.060,21.540,SPEAKER_00,拍照相
test,AD_F_262425_001,zh,25.320,25.920,SPEAKER_00,打扫卫生
test,AD_F_262425_001,zh,31.920,32.160,SPEAKER_00,东西
test,AD_F_262425_001,zh,34.020,34.380,SPEAKER_00,留不住
test,AD_F_262425_001,zh,46.920,48.660,SPEAKER_00,打扫卫生搞清洁
test,AD_F_262426_001,zh,0.090,0.750,SPEAKER_00,一个女孩子
test,AD_F_262426_001,zh,1.770,1.830,,嗯
test,AD_F_262426_001,zh,2.670,3.750,SPEAKER_00,叫她上面
test,AD_F_262426_001,zh,4.410,5.310,SPEAKER_00,一个黑板里
test,AD_F_262426_001,zh,6.330,7.530,SPEAKER_00,去带冰干
test,AD_F_262426_001,zh,8.130,8.189,,她
test,AD_F_262426_001,zh,10.110,10.170,,她
test,AD_F_262426_001,zh,11.010,17.490,SPEAKER_00,带着一边因为不够长带着一边凳子但是她凳子没有斑柄很危险
test,AD_F_262426_001,zh,20.700,21.300,SPEAKER_00,我不了去的
test,AD_F_262426_001,zh,22.140,22.920,SPEAKER_00,一个阿姨啊
test,AD_F_262426_001,zh,23.760,26.100,SPEAKER_00,她把她窗帘把她窗帘
test,AD_F_262426_001,zh,26.760,27.060,SPEAKER_00,拉开
test,AD_F_262426_001,zh,27.720,29.040,SPEAKER_00,想受外面的
test,AD_F_262426_001,zh,30.300,30.600,SPEAKER_00,空气
test,AD_F_262426_001,zh,31.680,31.980,SPEAKER_00,风景
test,AD_F_262426_001,zh,32.520,33.600,SPEAKER_00,这个桌子上面
test,AD_F_262426_001,zh,34.320,35.280,SPEAKER_00,有一个三盆
test,AD_F_262426_001,zh,36.180,36.420,SPEAKER_00,三本
test,AD_F_262426_001,zh,38.460,39.360,SPEAKER_00,三盆隔里啊
test,AD_F_262426_001,zh,40.140,40.440,SPEAKER_00,三本
test,AD_F_262426_001,zh,42.300,42.540,SPEAKER_00,没有
test,AD_F_262426_001,zh,43.080,44.640,SPEAKER_00,好三度往底
test,AD_F_262426_001,zh,45.720,47.400,SPEAKER_00,嗯房间地下里的
test,AD_M_030219_001,zh,0.030,2.910,SPEAKER_00,那上面这个图片上面是是个饼干啊
test,AD_M_030219_001,zh,4.110,4.530,SPEAKER_00,这个小
test,AD_M_030219_001,zh,5.130,7.530,SPEAKER_00,这个这个是一个小呃一个小
test,AD_M_030219_001,zh,8.130,13.950,SPEAKER_00,那个男的下面这个是女的下面这个个男的给了个凳子要倒掉了好
test,AD_M_030219_001,zh,15.330,15.570,SPEAKER_00,这个
test,AD_M_030219_001,zh,16.230,18.150,SPEAKER_00,那其他的话想不出啊这右
test,AD_M_030219_001,zh,19.290,19.890,SPEAKER_00,右边嘛
test,AD_M_030219_001,zh,20.670,23.310,SPEAKER_00,那那个我来讲那个左边这个右边嘛是
test,AD_M_030219_001,zh,24.090,28.650,SPEAKER_00,也就是什么水倒下来的他的其他也没有绳哦好了
test,AD_M_040255_001,zh,0.340,0.580,SPEAKER_00,老鼠
test,AD_M_040255_001,zh,1.180,1.240,SPEAKER_00,猫
test,AD_M_040255_001,zh,1.780,2.380,SPEAKER_00,狗嗯
test,AD_M_040255_001,zh,4.300,5.380,SPEAKER_00,狮子老虎
test,AD_M_040255_001,zh,6.340,6.580,SPEAKER_00,杂象
test,AD_M_040255_001,zh,7.540,7.600,,嗯
test,AD_M_040255_001,zh,10.610,11.270,SPEAKER_00,骆驼啊
test,AD_M_040255_001,zh,11.270,11.330,,嗯
test,AD_M_040255_001,zh,13.250,14.930,SPEAKER_00,老鼠算算不算也算吧
test,AD_M_040255_001,zh,15.830,15.890,,嗯
test,AD_M_040255_001,zh,17.450,18.230,SPEAKER_00,乌龟鱼
test,AD_M_040255_001,zh,19.310,19.370,,嗯
test,AD_M_040255_001,zh,20.750,21.110,SPEAKER_00,你就
test,AD_M_040255_001,zh,22.490,23.030,SPEAKER_00,香蕉给
test,AD_M_040255_001,zh,23.750,24.350,SPEAKER_00,属是吧
test,AD_M_040255_001,zh,26.580,26.940,SPEAKER_00,开房
test,AD_M_040255_001,zh,27.600,27.900,SPEAKER_00,开放
test,AD_M_040255_001,zh,31.400,31.700,SPEAKER_00,开水
test,AD_M_040255_001,zh,33.620,33.980,SPEAKER_00,开封
test,AD_M_040255_001,zh,34.520,35.720,SPEAKER_00,哦说过来
test,AD_M_040255_001,zh,35.720,35.780,,嗯
test,AD_M_040255_001,zh,37.940,38.240,SPEAKER_00,开水
test,AD_M_040255_001,zh,40.830,41.070,SPEAKER_00,开始
test,AD_M_040255_001,zh,42.270,42.330,,嗯
test,AD_M_040255_001,zh,44.130,45.090,SPEAKER_00,开发区是不是
test,AD_M_040255_001,zh,45.930,45.990,,嗯
test,AD_M_040255_001,zh,47.370,47.970,SPEAKER_00,开飞机
test,AD_M_040255_001,zh,48.930,48.990,,嗯
test,AD_M_040255_001,zh,50.790,51.030,SPEAKER_00,排水
test,AD_M_040255_001,zh,53.180,53.240,,嗯
test,AD_M_040255_001,zh,55.220,56.660,SPEAKER_00,你要有啥啥东西的话
test,AD_M_040259_001,zh,1.190,2.510,SPEAKER_00,听挺听这个
test,AD_M_040259_001,zh,3.110,4.190,SPEAKER_00,挺好的挺好
test,AD_M_040259_001,zh,5.570,7.850,SPEAKER_00,那个这这这是这这
test,AD_M_040259_001,zh,8.570,9.770,SPEAKER_00,这个大大大的
test,AD_M_040259_001,zh,10.550,10.850,SPEAKER_00,这这
test,AD_M_040259_001,zh,11.750,11.810,SPEAKER_00,这
test,AD_M_040259_001,zh,12.350,12.410,SPEAKER_00,这
test,AD_M_040259_001,zh,13.370,14.990,SPEAKER_00,这这里边拉一个小点
test,AD_M_040259_001,zh,15.890,16.430,SPEAKER_00,还还有
test,AD_M_040259_001,zh,17.090,17.150,SPEAKER_00,这
test,AD_M_040259_001,zh,17.870,18.890,SPEAKER_00,这个嘛这这
test,AD_M_040259_001,zh,19.490,19.910,SPEAKER_00,这也是
test,AD_M_040259_001,zh,21.590,22.010,SPEAKER_00,好他
test,AD_M_040259_001,zh,22.850,23.930,SPEAKER_00,这就这
test,AD_M_040259_001,zh,24.470,26.210,SPEAKER_00,这这个就是这
test,AD_M_040259_001,zh,26.750,31.730,SPEAKER_00,什么这个就是挺好的这这就就是这这这
test,AD_M_040259_001,zh,32.330,35.150,SPEAKER_00,这这个小人那个他就这个
test,AD_M_040259_001,zh,35.750,40.310,SPEAKER_00,一小小小型小小型弟那为就是就这什么
test,AD_M_040259_001,zh,41.210,44.810,SPEAKER_00,他也好他那个是这这这这这什么这
test,AD_M_040259_001,zh,45.590,45.650,SPEAKER_00,这
test,AD_M_040259_001,zh,46.310,46.370,SPEAKER_00,这
test,AD_M_040359_001,zh,0.000,0.930,SPEAKER_00,嗯行好水
test,AD_M_040359_001,zh,2.730,3.570,SPEAKER_00,水流千里
test,AD_M_040359_001,zh,5.310,5.370,,嗯
test,AD_M_040359_001,zh,7.650,8.430,SPEAKER_00,天天喝水
test,AD_M_040359_001,zh,9.750,9.810,,嗯
test,AD_M_040359_001,zh,11.670,12.390,SPEAKER_00,用水浇地
test,AD_M_040359_001,zh,14.250,14.970,SPEAKER_00,用水做饭
test,AD_M_040359_001,zh,16.710,18.330,SPEAKER_00,用水用水洗衣服
test,AD_M_040359_001,zh,20.010,20.250,SPEAKER_00,用水
test,AD_M_040359_001,zh,21.510,21.570,SPEAKER_00,做
test,AD_M_040359_001,zh,22.110,24.090,SPEAKER_00,做那个什么用水做
test,AD_M_040359_001,zh,25.830,26.490,SPEAKER_00,洗洗脚
test,AD_M_040359_001,zh,27.150,27.390,SPEAKER_00,洗菜
test,AD_M_040359_001,zh,29.710,30.190,SPEAKER_00,啊行
test,AD_M_040359_001,zh,30.730,31.750,SPEAKER_00,用水那个什么
test,AD_M_040359_001,zh,33.070,34.150,SPEAKER_00,哎呀用水
test,AD_M_040359_001,zh,34.870,36.910,SPEAKER_00,用水用水用水浇地
test,AD_M_040359_001,zh,37.870,38.290,SPEAKER_00,可以吗
test,AD_M_040359_001,zh,39.730,44.410,SPEAKER_00,是啊那水可以浇地呀农村里边他都得浇地用
test,AD_M_040359_001,zh,44.410,44.470,,嗯
test,AD_M_040359_001,zh,45.190,47.170,SPEAKER_00,有一个水杯子有一个那个
test,AD_M_040359_001,zh,48.010,48.370,SPEAKER_00,狮子
test,AD_M_040359_001,zh,49.030,51.130,SPEAKER_00,还用写什么不用狮子骆驼
test,AD_M_040359_001,zh,51.790,52.030,SPEAKER_00,猫牛
test,AD_M_040359_001,zh,53.590,53.950,SPEAKER_00,野猪
test,AD_M_040359_001,zh,54.730,54.790,,呃
test,AD_M_040359_001,zh,57.250,57.550,SPEAKER_00,麻雀
test,AD_M_040359_001,zh,59.350,59.830,SPEAKER_00,还有这个
test,AD_M_040359_002,zh,0.030,0.390,SPEAKER_00,那什么
test,AD_M_040359_002,zh,1.830,3.030,SPEAKER_00,哎这手还痒
test,AD_M_040359_002,zh,3.030,3.090,,痒
test,AD_M_040359_002,zh,4.350,4.650,SPEAKER_00,麻雀
test,AD_M_040359_002,zh,6.390,6.750,SPEAKER_00,松鼠
test,AD_M_040359_002,zh,9.920,10.280,SPEAKER_00,松鼠
test,AD_M_040359_002,zh,10.820,11.420,SPEAKER_00,还有这个
test,AD_M_040359_002,zh,12.920,13.820,SPEAKER_00,花草树木
test,AD_M_040359_002,zh,15.140,18.920,SPEAKER_00,动物是好好好忘了我听你说了就越
test,AD_M_040359_002,zh,19.760,21.440,SPEAKER_00,动物越多越好你知道我说
test,AD_M_040359_002,zh,22.700,22.760,,嗯
test,AD_M_040359_002,zh,24.500,27.320,SPEAKER_00,我忘了刚才说的我刚才你说的时候我在
test,AD_M_040359_002,zh,28.040,30.680,SPEAKER_00,东一大叫我都忘了动物有那个
test,AD_M_040359_002,zh,31.400,31.700,SPEAKER_00,骆驼
test,AD_M_040359_002,zh,32.360,32.720,SPEAKER_00,鳄鱼
test,AD_M_040359_002,zh,34.280,34.580,SPEAKER_00,海豚
test,AD_M_040359_002,zh,35.540,35.600,,嗯
test,AD_M_040359_002,zh,38.120,38.660,SPEAKER_00,罗非鱼
test,AD_M_040359_002,zh,39.200,40.340,SPEAKER_00,这是一个那个
test,AD_M_040359_002,zh,43.170,43.770,SPEAKER_00,工作人员
test,AD_M_040359_002,zh,45.510,47.970,SPEAKER_00,女同志挺高的下边还有一个
test,AD_M_040359_002,zh,48.570,49.050,SPEAKER_00,男同志
test,AD_M_040359_002,zh,49.590,52.710,SPEAKER_00,凳着个凳子还有下边这还有一个女同志
test,AD_M_040359_002,zh,53.430,55.410,SPEAKER_00,凳着凳子在这干什么事呢这
test,AD_M_040359_002,zh,57.100,57.280,SPEAKER_00,但是
test,AD_M_040359_002,zh,58.360,59.620,SPEAKER_00,有有饼干拿
test,AD_M_040359_003,zh,0.090,1.230,SPEAKER_00,拿饼干呢对吧
test,AD_M_040359_003,zh,2.130,3.990,SPEAKER_00,拿拿饼干这个人家
test,AD_M_040359_003,zh,4.530,7.590,SPEAKER_00,这个女同志这个最高的这个女同志呢她是
test,AD_M_040359_003,zh,8.189,8.910,SPEAKER_00,好像是厨
test,AD_M_040359_003,zh,9.450,10.890,SPEAKER_00,厨房里他做饭的现子
test,AD_M_040359_003,zh,11.670,11.730,,嗯
test,AD_M_040359_003,zh,12.630,13.350,SPEAKER_00,什么都可以
test,AD_M_040359_003,zh,14.130,16.590,SPEAKER_00,又可以在屋里边打扫卫生
test,AD_M_040359_003,zh,17.250,17.730,SPEAKER_00,搞这个
test,AD_M_040359_003,zh,18.570,18.630,,呃
test,AD_M_040359_003,zh,19.290,26.670,SPEAKER_00,做做饭给孩子孩子们也好大人们也好的做饭的是个厨师我那我感觉着都是这么种情况
test,AD_M_040359_003,zh,26.670,26.730,,嗯
test,AD_M_040359_003,zh,27.690,40.830,SPEAKER_00,再有呢就是他们互相之间呢有一个联系他帮助他他帮助他有一个那个互助的那么一个过程啊她拿饼干她在下边给他接着给他拖着是吧那那么个意思我这么理解
test,AD_M_040359_003,zh,40.830,40.890,,嗯
test,AD_M_040363_001,zh,0.030,1.350,SPEAKER_00,嗯水这旁的
test,AD_M_040363_001,zh,2.009,3.090,SPEAKER_00,水壶水杯
test,AD_M_040363_001,zh,3.810,3.870,,呃
test,AD_M_040363_001,zh,5.190,5.970,SPEAKER_00,水泊梁山
test,AD_M_040363_001,zh,7.050,8.189,SPEAKER_00,水壶转水
test,AD_M_040363_001,zh,9.330,9.990,SPEAKER_00,水灵溜
test,AD_M_040363_001,zh,10.710,12.090,SPEAKER_00,水杯开国大典
test,AD_M_040363_001,zh,12.810,13.050,SPEAKER_00,开放
test,AD_M_040363_001,zh,14.250,14.550,SPEAKER_00,开车
test,AD_M_040363_001,zh,16.050,16.290,SPEAKER_00,开阔
test,AD_M_040363_001,zh,18.090,18.390,SPEAKER_00,开展
test,AD_M_040363_001,zh,19.530,19.830,SPEAKER_00,开创
test,AD_M_040363_001,zh,20.790,21.570,SPEAKER_00,我想起来
test,AD_M_040363_001,zh,22.350,22.650,SPEAKER_00,开播
test,AD_M_040363_001,zh,24.270,24.570,SPEAKER_00,开阔
test,AD_M_040363_001,zh,25.350,25.410,SPEAKER_00,啊
test,AD_M_040363_001,zh,26.490,26.550,SPEAKER_00,狗
test,AD_M_040363_001,zh,27.090,27.150,SPEAKER_00,猫
test,AD_M_040363_001,zh,28.230,28.590,SPEAKER_00,兔子
test,AD_M_040363_001,zh,29.970,30.030,SPEAKER_00,猪
test,AD_M_040363_001,zh,31.230,31.650,SPEAKER_00,狮子
test,AD_M_040363_001,zh,32.189,32.250,SPEAKER_00,虎
test,AD_M_040363_001,zh,33.570,33.630,SPEAKER_00,向
test,AD_M_040363_001,zh,35.190,35.430,SPEAKER_00,犀牛
test,AD_M_040363_001,zh,36.270,36.570,SPEAKER_00,骆驼
test,AD_M_040363_001,zh,41.100,41.160,SPEAKER_00,鸡
test,AD_M_040363_001,zh,41.760,41.820,SPEAKER_00,鸭
test,AD_M_040363_001,zh,43.260,43.320,,鹅
test,AD_M_040363_001,zh,45.690,45.930,SPEAKER_00,大象
test,AD_M_040363_001,zh,49.350,49.830,SPEAKER_00,猫头鹰
test,AD_M_040363_001,zh,53.580,54.000,SPEAKER_00,规划的
test,AD_M_040363_001,zh,57.240,57.300,SPEAKER_00,鹿
test,AD_M_040363_001,zh,58.380,59.460,SPEAKER_00,野猪这个
test,AD_M_040363_002,zh,0.030,0.630,SPEAKER_00,这是妈妈
test,AD_M_040363_002,zh,1.410,2.310,SPEAKER_00,在刷碗
test,AD_M_040363_002,zh,2.910,5.490,SPEAKER_00,刷盘子水淌出来的都不知道这是
test,AD_M_040363_002,zh,6.510,8.610,SPEAKER_00,拿饼干吃呢这个是
test,AD_M_040363_002,zh,9.510,9.570,SPEAKER_00,他
test,AD_M_040363_002,zh,10.530,14.370,SPEAKER_00,他哥给小妹妹拿饼干凳子要倒了凳子要倒
test,AD_M_040363_002,zh,14.970,15.030,SPEAKER_00,外
test,AD_M_040363_002,zh,15.870,20.970,SPEAKER_00,刷碗的水盆的水淌了一地在厨房里妈妈在刷碗
test,AD_M_040363_002,zh,21.930,23.370,SPEAKER_00,但是他呢这个
test,AD_M_040363_002,zh,24.210,26.010,SPEAKER_00,水流出来了可能观
test,AD_M_040363_002,zh,26.610,26.970,SPEAKER_00,观察到
test,AD_M_040363_002,zh,27.510,28.410,SPEAKER_00,窗外的景色
test,AD_M_040363_002,zh,29.190,30.750,SPEAKER_00,忘记了关水房水
test,AD_M_040363_002,zh,31.290,33.450,SPEAKER_00,流了一地这边两个小孩呢
test,AD_M_040363_002,zh,34.170,37.890,SPEAKER_00,在吃饼干但是没站稳凳子要倒了
test,AD_M_040363_002,zh,38.490,41.130,SPEAKER_00,窗外这是窗外的景色夏天
test,AD_M_040363_002,zh,41.730,41.790,SPEAKER_00,嗯
test,AD_M_040363_002,zh,42.510,43.110,SPEAKER_00,环境很好
test,AD_M_040365_001,zh,0.500,0.740,SPEAKER_00,开导
test,AD_M_040365_001,zh,1.940,2.840,SPEAKER_00,用水开到了
test,AD_M_040365_001,zh,3.980,4.280,SPEAKER_00,开到
test,AD_M_040365_001,zh,5.660,6.020,SPEAKER_00,水杯
test,AD_M_040365_001,zh,8.880,9.180,SPEAKER_00,瓶乓丘
test,AD_M_040365_001,zh,10.440,10.740,SPEAKER_00,国度
test,AD_M_040365_001,zh,11.700,12.000,SPEAKER_00,水浒
test,AD_M_040365_001,zh,15.040,15.340,SPEAKER_00,水杯
test,AD_M_040365_001,zh,16.120,16.420,SPEAKER_00,开门
test,AD_M_040365_001,zh,18.040,18.400,SPEAKER_00,开窗
test,AD_M_040365_001,zh,19.780,20.080,SPEAKER_00,多了
test,AD_M_040365_001,zh,22.000,22.240,SPEAKER_00,开到
test,AD_M_040365_001,zh,23.140,23.860,SPEAKER_00,多了就
test,AD_M_040365_001,zh,26.800,27.040,SPEAKER_00,开源
test,AD_M_040365_001,zh,28.300,29.140,SPEAKER_00,还有那个
test,AD_M_040365_001,zh,30.640,30.880,SPEAKER_00,开道
test,AD_M_122313_001,zh,1.790,2.810,SPEAKER_00,镜子这个是
test,AD_M_122313_001,zh,4.550,5.030,SPEAKER_00,盆子啊
test,AD_M_122313_001,zh,6.830,8.030,SPEAKER_00,这个水水池
test,AD_M_122313_001,zh,10.260,11.340,SPEAKER_00,水池塌掉了哈
test,AD_M_122313_001,zh,12.300,13.200,SPEAKER_00,凳子搞掉了
test,AD_M_122313_001,zh,18.050,19.670,SPEAKER_00,位置太高了凳子翻掉了哈
test,AD_M_122313_001,zh,20.570,20.630,SPEAKER_00,那
test,AD_M_122313_001,zh,22.370,22.550,SPEAKER_00,没有
test,AD_M_122313_001,zh,23.450,25.190,SPEAKER_00,这水池打掉擦掉
test,AD_M_122313_001,zh,25.730,25.970,SPEAKER_00,凳子
test,AD_M_122313_001,zh,29.290,29.770,SPEAKER_00,没有了
test,AD_M_122313_001,zh,29.770,29.890,,其
test,AD_M_122313_001,zh,29.890,30.310,SPEAKER_00,他正常
test,AD_M_200808_001,zh,1.330,2.230,SPEAKER_00,涂图涂什么
test,AD_M_200808_001,zh,3.190,3.430,SPEAKER_00,这个
test,AD_M_200808_001,zh,4.210,5.110,SPEAKER_00,卡卡卡去
test,AD_M_200808_001,zh,5.770,6.190,SPEAKER_00,这卡
test,AD_M_200808_001,zh,6.730,8.350,SPEAKER_00,他是到上面去拿饼干了
test,AD_M_200808_001,zh,9.430,13.090,SPEAKER_00,先拿饼干了拿拿饼干拿拿拿拿来以后
test,AD_M_200808_001,zh,14.230,15.250,SPEAKER_00,在下面指挥了
test,AD_M_200808_001,zh,16.330,19.690,SPEAKER_00,这个这个这个教练没有弄好了这个这个
test,AD_M_200808_001,zh,20.950,21.130,SPEAKER_00,这个
test,AD_M_200808_001,zh,21.790,22.210,SPEAKER_00,三脚架
test,AD_M_200808_001,zh,23.410,24.370,SPEAKER_00,这里一个三脚架
test,AD_M_200808_001,zh,25.690,26.290,SPEAKER_00,他这个姐
test,AD_M_200808_001,zh,27.070,30.490,SPEAKER_00,姐姐把三叫他三脚架里去拿拿了个饼干
test,AD_M_200808_001,zh,31.150,31.870,SPEAKER_00,饼干拿下来
test,AD_M_200808_001,zh,33.430,33.790,SPEAKER_00,拿下来
test,AD_M_200808_001,zh,34.990,35.050,SPEAKER_00,他
test,AD_M_200808_001,zh,36.430,36.490,,他
test,AD_M_200808_001,zh,37.090,37.690,SPEAKER_00,心不在焉
test,AD_M_200808_001,zh,39.010,40.270,SPEAKER_00,他心心不在焉
test,AD_M_200808_001,zh,42.490,42.550,SPEAKER_00,把
test,AD_M_200808_001,zh,43.210,44.170,SPEAKER_00,吸盘子洗盘子
test,AD_M_200808_001,zh,45.490,47.530,SPEAKER_00,这么擦这里没有关到下面这
test,AD_M_200808_001,zh,49.510,50.530,SPEAKER_00,这这样意思吧
test,AD_M_230706_001,zh,0.540,0.960,SPEAKER_00,急整个
test,AD_M_230706_001,zh,2.220,5.580,SPEAKER_00,就几都不进天吃吃是个就整个啊
test,AD_M_230706_001,zh,7.780,8.440,SPEAKER_00,我不我不
test,AD_M_230706_001,zh,10.600,10.660,SPEAKER_00,个
test,AD_M_230706_001,zh,13.060,13.120,SPEAKER_00,基
test,AD_M_230706_001,zh,14.680,15.820,SPEAKER_00,嚟嚟到个
test,AD_M_230706_001,zh,28.540,28.600,SPEAKER_00,续
test,AD_M_242608_001,zh,0.090,0.150,SPEAKER_00,啊
test,AD_M_242608_001,zh,1.410,3.030,SPEAKER_00,我我我自己就是
test,AD_M_242608_001,zh,3.570,5.730,SPEAKER_00,讲述这个图面上面有故事是不是
test,AD_M_242608_001,zh,6.270,6.690,SPEAKER_00,就是说
test,AD_M_242608_001,zh,7.290,8.070,SPEAKER_00,一个小弟弟
test,AD_M_242608_001,zh,8.970,11.010,SPEAKER_00,在姐姐的指示挥指下
test,AD_M_242608_001,zh,11.670,14.430,SPEAKER_00,爬上凳子到一个柜子里去拿饼干
test,AD_M_242608_001,zh,15.390,15.450,,啊
test,AD_M_242608_001,zh,16.110,18.870,SPEAKER_00,几乎要摔倒快子凳子斜了
test,AD_M_242608_001,zh,21.720,21.960,SPEAKER_00,一个
test,AD_M_242608_001,zh,23.280,24.060,SPEAKER_00,一个女同志
test,AD_M_242608_001,zh,27.650,30.830,SPEAKER_00,洗拿着一个脏的盘子走到洗
test,AD_M_242608_001,zh,31.370,32.390,SPEAKER_00,洗脸槽旁边
test,AD_M_242608_001,zh,33.230,34.190,SPEAKER_00,去洗这个
test,AD_M_242608_001,zh,35.030,35.329,SPEAKER_00,盘子
test,AD_M_242608_001,zh,36.770,40.190,SPEAKER_00,但是呢不知道什么原因他好像
test,AD_M_242608_001,zh,40.970,41.630,SPEAKER_00,若有所思
test,AD_M_242608_001,zh,42.710,44.750,SPEAKER_00,盘子没有洗水龙头打开了
test,AD_M_242608_001,zh,46.010,47.570,SPEAKER_00,结果呢这个水呢是
test,AD_M_242608_001,zh,49.070,50.390,SPEAKER_00,一过了这个水槽
test,AD_M_242608_001,zh,50.930,52.550,SPEAKER_00,满到了厨房间的地上
test,AD_M_242608_001,zh,53.270,54.290,SPEAKER_00,他也没有发觉
test,AD_M_242608_001,zh,58.690,59.710,SPEAKER_00,从洞洞面
test,HC_F_019202_001,zh,0.210,2.610,SPEAKER_00,鸡亚鹅兔猫狗驴
test,HC_F_019202_001,zh,3.270,3.990,SPEAKER_00,骡子呃
test,HC_F_019202_001,zh,4.530,4.770,SPEAKER_00,老虎
test,HC_F_019202_001,zh,5.370,5.670,SPEAKER_00,狮子
test,HC_F_019202_001,zh,6.270,6.810,SPEAKER_00,豹呃
test,HC_F_019202_001,zh,8.130,8.310,SPEAKER_00,还有
test,HC_F_019202_001,zh,9.090,9.330,SPEAKER_00,猴子
test,HC_F_019202_001,zh,10.350,10.410,,嗯
test,HC_F_019202_001,zh,11.730,11.790,,与
test,HC_F_019202_001,zh,14.910,15.210,SPEAKER_00,羚羊
test,HC_F_019202_001,zh,15.990,16.230,SPEAKER_00,犀牛
test,HC_F_019202_001,zh,17.070,17.310,SPEAKER_00,大象
test,HC_F_019202_001,zh,17.970,18.030,,嗯
test,HC_F_019202_001,zh,22.170,22.890,SPEAKER_00,我想起来
test,HC_F_019202_001,zh,24.330,26.250,SPEAKER_00,嗯还有应该还有很多嗯
test,HC_F_019202_001,zh,31.020,34.620,SPEAKER_00,我已经拿好嗯还有一个那个呃海豚呃
test,HC_F_019202_001,zh,35.160,35.400,SPEAKER_00,猴子
test,HC_F_019202_001,zh,36.240,36.300,,嗯
test,HC_F_019202_001,zh,39.170,39.590,SPEAKER_00,说过了
test,HC_F_019202_001,zh,43.230,43.470,SPEAKER_00,兔子
test,HC_F_019202_001,zh,44.610,44.670,,嗯
test,HC_F_019202_001,zh,47.070,47.130,SPEAKER_00,马
test,HC_F_019202_001,zh,50.410,50.470,SPEAKER_00,呀
test,HC_F_019202_001,zh,51.790,52.270,SPEAKER_00,老鼠了
test,HC_F_019202_001,zh,53.290,53.350,SPEAKER_00,猫
test,HC_F_019202_001,zh,55.210,55.270,SPEAKER_00,鱼
test,HC_F_019202_001,zh,57.980,58.040,SPEAKER_00,好
test,HC_F_019202_001,zh,58.640,59.000,SPEAKER_00,这个
test,HC_F_019202_001,zh,59.540,59.780,SPEAKER_00,这个
test,HC_F_019202_002,zh,0.030,0.510,SPEAKER_00,小小
test,HC_F_019202_002,zh,1.110,2.490,SPEAKER_00,小小男孩去嗯
test,HC_F_019202_002,zh,3.390,5.430,SPEAKER_00,吃着一个凳子去拿饼干
test,HC_F_019202_002,zh,6.030,8.490,SPEAKER_00,拿饼干这个凳子呢突然有点歪了
test,HC_F_019202_002,zh,9.090,14.310,SPEAKER_00,小女孩在在这就是接这个饼干嗯好像有点有点笑了
test,HC_F_019202_002,zh,14.850,16.590,SPEAKER_00,看她可可能是要倒了就笑了
test,HC_F_019202_002,zh,17.130,19.170,SPEAKER_00,然后呢这个女士呢在这
test,HC_F_019202_002,zh,19.830,19.890,SPEAKER_00,嗯
test,HC_F_019202_002,zh,21.210,21.750,SPEAKER_00,洗盘子
test,HC_F_019202_002,zh,23.070,25.650,SPEAKER_00,然后这个水池子里边的那个水
test,HC_F_019202_002,zh,26.190,27.150,SPEAKER_00,都都洒出来了
test,HC_F_019202_002,zh,27.690,28.590,SPEAKER_00,他他在那个
test,HC_F_019202_002,zh,29.130,31.470,SPEAKER_00,可能是没注意到吧还是什么了嗯
test,HC_F_019202_002,zh,32.009,32.610,SPEAKER_00,然后这个
test,HC_F_019202_002,zh,34.290,36.270,SPEAKER_00,这个也说什么看到那个
test,HC_F_019202_002,zh,36.930,36.990,SPEAKER_00,呃
test,HC_F_019202_002,zh,37.530,38.130,SPEAKER_00,水在流
test,HC_F_019202_002,zh,38.730,39.450,SPEAKER_00,在在洒水
test,HC_F_019202_002,zh,39.990,40.050,,嗯
test,HC_F_019202_002,zh,41.010,42.330,SPEAKER_00,窗外边有是一条路
test,HC_F_019202_002,zh,42.930,42.990,,嗯
test,HC_F_019202_002,zh,44.130,44.610,SPEAKER_00,有有树
test,HC_F_019202_002,zh,45.510,45.570,,嗯
test,HC_F_019202_002,zh,46.770,47.910,SPEAKER_00,旁边那个嗯
test,HC_F_019202_002,zh,49.470,49.710,SPEAKER_00,餐桌
test,HC_F_019202_002,zh,50.250,55.230,SPEAKER_00,不是餐桌就是旁边还有这个她洗洗碗的地方还有一个碗
test,HC_F_019202_002,zh,55.890,55.950,SPEAKER_00,嗯
test,HC_F_019202_002,zh,56.490,57.870,SPEAKER_00,一个杯子一个盘子
test,HC_F_019202_003,zh,1.530,2.610,SPEAKER_00,这个是是厂家
test,HC_F_019202_003,zh,4.350,4.410,,嗯
test,HC_F_019202_003,zh,5.730,6.390,SPEAKER_00,厂家这个
test,HC_F_019202_003,zh,12.920,14.000,SPEAKER_00,穿的衣服还要说吧
test,HC_F_019202_003,zh,15.260,17.240,SPEAKER_00,穿一个连衣裙带着一个围裙
test,HC_F_019202_003,zh,17.840,19.760,SPEAKER_00,拿着抹布再擦盘子
test,HC_F_019202_003,zh,20.720,21.140,SPEAKER_00,这个水
test,HC_F_019202_003,zh,22.040,23.660,SPEAKER_00,水水水流出来了
test,HC_F_019202_003,zh,24.260,24.320,SPEAKER_00,水
test,HC_F_019202_003,zh,24.920,25.220,SPEAKER_00,满了
test,HC_F_019202_003,zh,26.180,26.840,SPEAKER_00,淌到了外边
test,HC_F_019202_003,zh,27.680,29.540,SPEAKER_00,水壶水平水杯
test,HC_F_019202_003,zh,30.500,30.560,,嗯
test,HC_F_019202_003,zh,33.140,35.240,SPEAKER_00,烧水去抹不行水哦水水
test,HC_F_019202_003,zh,39.680,39.740,,嗯
test,HC_F_019202_003,zh,43.780,44.380,SPEAKER_00,谁吃了
test,HC_F_019202_003,zh,46.560,47.010,SPEAKER_00,嗯可以
test,HC_F_019202_004,zh,0.210,0.510,SPEAKER_00,水流
test,HC_F_019202_004,zh,18.800,19.160,SPEAKER_00,这个
test,HC_F_019202_004,zh,19.760,20.660,SPEAKER_00,这个小小
test,HC_F_019202_004,zh,21.260,22.640,SPEAKER_00,小小男孩去呃
test,HC_F_019202_004,zh,23.540,25.580,SPEAKER_00,吃着一个凳子去拿饼干
test,HC_F_019202_004,zh,26.240,28.640,SPEAKER_00,拿饼干这个凳子呢突然有点歪了
test,HC_F_019202_004,zh,29.300,34.460,SPEAKER_00,小女孩在在这就是接这个饼干嗯好像有点有点笑了
test,HC_F_019202_004,zh,35.000,36.800,SPEAKER_00,看她可可能是要倒了就笑了
test,HC_F_019202_004,zh,37.340,39.380,SPEAKER_00,然后呢这个女士呢在这
test,HC_F_019202_004,zh,39.980,40.040,SPEAKER_00,嗯
test,HC_F_019202_004,zh,41.360,41.900,SPEAKER_00,洗盘子
test,HC_F_019202_004,zh,43.280,45.260,SPEAKER_00,然后这个水池子里边的那个
test,HC_F_019202_004,zh,45.800,48.740,SPEAKER_00,水都都洒出来了他她在那个
test,HC_F_019202_004,zh,49.280,51.080,SPEAKER_00,可能是没注意到吧还是怎么了
test,HC_F_019202_004,zh,51.620,52.760,SPEAKER_00,嗯然后这个
test,HC_F_019202_004,zh,54.500,56.480,SPEAKER_00,这个也说什吧看到那个
test,HC_F_019202_004,zh,57.080,57.140,SPEAKER_00,呃
test,HC_F_019202_004,zh,57.740,58.340,SPEAKER_00,水在流
test,HC_F_019202_004,zh,58.940,59.660,SPEAKER_00,在在洒水
test,HC_F_019202_005,zh,0.450,0.510,SPEAKER_00,嗯
test,HC_F_019202_005,zh,1.230,3.030,SPEAKER_00,窗外边又是一条路
test,HC_F_019202_005,zh,3.030,3.090,,嗯
test,HC_F_019202_005,zh,4.350,4.830,SPEAKER_00,有有树
test,HC_F_019202_005,zh,5.610,5.670,,嗯
test,HC_F_019202_005,zh,6.930,8.010,SPEAKER_00,旁边那个嗯
test,HC_F_019202_005,zh,9.630,9.870,SPEAKER_00,餐桌
test,HC_F_019202_005,zh,10.410,15.390,SPEAKER_00,不是餐桌就是旁边还有这个他洗洗碗的地方还有一个碗
test,HC_F_019202_005,zh,16.110,16.170,SPEAKER_00,嗯
test,HC_F_019202_005,zh,16.710,19.470,SPEAKER_00,一个杯子一个盘子这个是是窗帘
test,HC_F_019202_005,zh,20.130,20.190,,嗯
test,HC_F_019202_005,zh,21.450,22.170,SPEAKER_00,窗帘这个
test,HC_F_019202_005,zh,22.890,26.010,SPEAKER_00,穿衣服还要说穿一个连衣裙带着一个围裙
test,HC_F_019202_005,zh,26.550,29.310,SPEAKER_00,拿个抹布再擦盘子这个水
test,HC_F_019202_005,zh,30.270,32.190,SPEAKER_00,水水水流出来了水
test,HC_F_019202_005,zh,32.729,33.030,SPEAKER_00,满了
test,HC_F_019202_005,zh,33.930,34.650,SPEAKER_00,躺到外边
test,HC_F_019202_005,zh,35.250,35.790,SPEAKER_00,开始做饭
test,HC_F_019202_005,zh,36.330,36.870,SPEAKER_00,开始洗澡
test,HC_F_019202_005,zh,37.590,38.610,SPEAKER_00,次语得说几次
test,HC_F_019202_005,zh,40.590,41.430,SPEAKER_00,我我说一边唱
test,HC_F_019202_005,zh,41.970,42.030,SPEAKER_00,月
test,HC_F_019202_005,zh,43.470,43.530,,嗯
test,HC_F_019202_005,zh,44.610,45.630,SPEAKER_00,你你给我说一有啊
test,HC_F_019202_005,zh,46.950,47.190,SPEAKER_00,开始
test,HC_F_019202_005,zh,47.850,48.090,SPEAKER_00,开会
test,HC_F_019202_005,zh,48.810,48.870,,嗯
test,HC_F_019202_005,zh,50.370,50.670,SPEAKER_00,开演
test,HC_F_019202_005,zh,53.700,54.240,SPEAKER_00,开车啊
test,HC_F_019202_005,zh,55.200,55.260,,嗯
test,HC_F_019202_005,zh,58.670,59.150,SPEAKER_00,开什门
test,HC_F_019202_006,zh,0.370,0.670,SPEAKER_00,开门
test,HC_F_019202_006,zh,1.210,1.690,SPEAKER_00,开窗啊
test,HC_F_019202_006,zh,3.010,3.070,,嗯
test,HC_F_019202_006,zh,5.840,6.320,SPEAKER_00,开抽屉
test,HC_F_019202_006,zh,8.890,9.130,SPEAKER_00,开锁
test,HC_F_019202_006,zh,10.390,11.350,SPEAKER_00,黄瓜番茄
test,HC_F_019202_006,zh,11.890,11.950,SPEAKER_00,嗯
test,HC_F_019202_006,zh,12.970,15.190,SPEAKER_00,油麦菜白菜萝卜呃
test,HC_F_019202_006,zh,15.730,16.210,SPEAKER_00,杏鲍菇
test,HC_F_019202_006,zh,16.930,16.990,,嗯
test,HC_F_019202_006,zh,18.730,18.970,SPEAKER_00,芹菜
test,HC_F_019202_006,zh,20.050,20.110,,呃
test,HC_F_019202_006,zh,20.710,20.950,SPEAKER_00,记菜
test,HC_F_019202_006,zh,21.610,21.910,SPEAKER_00,苋菜
test,HC_F_019202_006,zh,22.630,22.690,,呃
test,HC_F_019202_006,zh,24.730,25.750,SPEAKER_00,还有一个那个
test,HC_F_019202_006,zh,26.770,29.290,SPEAKER_00,吃那那叫叫什么哦萝卜说过了
test,HC_F_019202_006,zh,33.910,35.230,SPEAKER_00,呃那些鸭虫
test,HC_F_019202_006,zh,38.610,38.670,SPEAKER_01,呃
test,HC_F_019202_006,zh,40.290,40.589,SPEAKER_00,土豆
test,HC_F_019202_006,zh,42.960,44.820,SPEAKER_00,番茄手了吗还有黄瓜
test,HC_F_019202_006,zh,45.660,45.720,,嗯
test,HC_F_019202_006,zh,48.540,48.720,SPEAKER_00,现在
test,HC_F_019202_006,zh,49.500,50.040,SPEAKER_01,嗯
test,HC_F_019202_006,zh,50.040,50.340,SPEAKER_00,记菜
test,HC_F_019202_006,zh,53.740,53.800,,嗯
test,HC_F_019202_006,zh,54.760,55.240,SPEAKER_00,王b赛
test,HC_F_019202_006,zh,57.160,57.700,SPEAKER_00,那个那
test,HC_F_019202_006,zh,57.700,57.760,SPEAKER_01,个
test,HC_F_019202_006,zh,58.420,58.660,SPEAKER_00,扁豆
test,HC_F_019202_006,zh,59.200,59.740,SPEAKER_01,四觉没
test,HC_F_019204_001,zh,0.210,0.510,SPEAKER_00,茄子
test,HC_F_019204_001,zh,1.110,2.130,SPEAKER_00,番茄萝卜
test,HC_F_019204_001,zh,2.730,2.790,,嗯
test,HC_F_019204_001,zh,3.690,4.230,SPEAKER_00,红萝卜
test,HC_F_019204_001,zh,5.190,5.430,SPEAKER_00,山药
test,HC_F_019204_001,zh,7.290,7.530,SPEAKER_00,菠菜
test,HC_F_019204_001,zh,9.450,9.810,SPEAKER_00,土豆
test,HC_F_019204_001,zh,11.790,12.030,SPEAKER_00,冬瓜
test,HC_F_019204_001,zh,19.600,19.840,SPEAKER_00,油菜
test,HC_F_019204_001,zh,21.520,21.580,SPEAKER_00,兔
test,HC_F_019204_001,zh,22.360,23.800,SPEAKER_00,兔豆说过了油菜
test,HC_F_019204_001,zh,29.120,29.480,SPEAKER_00,乱闹
test,HC_F_019204_001,zh,31.640,32.180,SPEAKER_00,菊花菜
test,HC_F_019204_001,zh,33.560,34.160,SPEAKER_00,小油菜
test,HC_F_019204_001,zh,35.720,35.960,SPEAKER_00,苔菜
test,HC_F_019204_001,zh,38.850,39.090,SPEAKER_00,鲁迅
test,HC_F_019204_001,zh,41.420,43.340,SPEAKER_00,开门见山开门见喜
test,HC_F_019204_001,zh,45.320,46.040,SPEAKER_00,开开心心
test,HC_F_019204_001,zh,47.240,47.960,SPEAKER_00,开心快乐
test,HC_F_019204_001,zh,52.730,53.570,SPEAKER_00,开天辟地
test,HC_F_019204_002,zh,1.170,3.810,SPEAKER_00,就是都是带开的我我真想不起那东西
test,HC_F_019204_002,zh,6.130,7.270,SPEAKER_00,开门开窗
test,HC_F_019204_002,zh,8.290,8.650,SPEAKER_00,开车
test,HC_F_019204_002,zh,19.720,20.080,SPEAKER_00,猫姐
test,HC_F_019204_002,zh,20.680,21.700,SPEAKER_00,雅尔托
test,HC_F_019204_002,zh,22.900,22.960,,呃
test,HC_F_019204_002,zh,23.800,23.860,SPEAKER_00,火
test,HC_F_019204_002,zh,24.580,24.640,SPEAKER_00,狼
test,HC_F_019204_002,zh,26.080,26.140,SPEAKER_00,棒
test,HC_F_019204_002,zh,29.850,30.390,SPEAKER_00,羊马
test,HC_F_019204_002,zh,32.670,32.970,SPEAKER_00,骡子
test,HC_F_019204_002,zh,33.930,34.230,SPEAKER_00,骆驼
test,HC_F_019204_002,zh,35.550,35.790,SPEAKER_00,海豹
test,HC_F_019204_002,zh,37.590,37.650,SPEAKER_00,鱼
test,HC_F_019204_002,zh,38.790,38.850,SPEAKER_00,虾
test,HC_F_019204_002,zh,41.010,41.250,SPEAKER_00,老鳖
test,HC_F_019204_002,zh,42.930,43.230,SPEAKER_00,乌龟
test,HC_F_019204_002,zh,44.790,45.570,SPEAKER_00,鸽子小鸟
test,HC_F_019204_002,zh,47.770,48.010,SPEAKER_00,孔雀
test,HC_F_019204_002,zh,49.390,49.630,SPEAKER_00,乌鸦
test,HC_F_019204_002,zh,51.370,51.610,SPEAKER_00,猴子
test,HC_F_019204_002,zh,53.170,53.410,SPEAKER_00,大象
test,HC_F_019204_002,zh,54.430,54.730,SPEAKER_00,骆驼
test,HC_F_019204_002,zh,57.160,57.940,SPEAKER_00,海马海报
test,HC_F_019204_003,zh,0.030,0.210,SPEAKER_00,抖音
test,HC_F_019204_003,zh,3.510,3.870,SPEAKER_00,蛇马
test,HC_F_019204_003,zh,6.330,6.630,SPEAKER_00,青蛙
test,HC_F_019204_003,zh,8.670,10.110,SPEAKER_00,猫头鹰十色的
test,HC_F_019204_003,zh,15.970,17.410,SPEAKER_00,我们想起了一个嘛也是
test,HC_F_019204_003,zh,19.370,21.830,SPEAKER_00,开水算吗那就是你水子大头
test,HC_F_019204_003,zh,23.570,24.290,SPEAKER_00,水到渠深
test,HC_F_019204_003,zh,28.370,28.910,SPEAKER_00,水帘弄
test,HC_F_019204_003,zh,30.229,32.090,SPEAKER_00,上去拿饼干板凳倒了
test,HC_F_019204_003,zh,32.870,40.190,SPEAKER_00,这个呢是他在刷盘刷碗水都溢出来了他在擦盘子他在去这个女士在去接
test,HC_F_019204_003,zh,40.910,41.210,SPEAKER_00,上面
test,HC_F_019204_003,zh,41.870,42.290,SPEAKER_00,子上面
test,HC_F_019204_003,zh,42.890,43.250,SPEAKER_00,有碗
test,HC_F_019204_003,zh,43.970,48.890,SPEAKER_00,有杯子有盘子有窗帘的窗户有灶台水池
test,HC_F_019204_003,zh,49.670,50.450,SPEAKER_00,就是一个女士
test,HC_F_019204_003,zh,51.230,57.170,SPEAKER_00,就这些东西对对我没看出这是什么东西但概就这些三个人他上去
test,HC_F_019204_003,zh,57.710,59.750,SPEAKER_00,只动去拿东西凳子要倒
test,HC_F_019204_004,zh,0.510,1.350,SPEAKER_00,去去饼干
test,HC_F_019204_004,zh,1.890,4.830,SPEAKER_00,还有一个盒子饼干盒子有个吊柜
test,HC_F_019204_004,zh,5.550,6.690,SPEAKER_00,窗外边有树木
test,HC_F_019204_004,zh,7.290,11.850,SPEAKER_00,有房子这是窗外边的东西俺没看出我都没看出这是什么东西
test,HC_F_019204_004,zh,12.450,18.690,SPEAKER_00,那穿的衣服还要说出来吧这女士穿的是一个裙短裙下面穿的一双鞋子
test,HC_F_019204_004,zh,19.230,19.890,SPEAKER_00,穿的鞋子
test,HC_F_019204_004,zh,20.490,22.350,SPEAKER_00,短发这个女的稍微有点
test,HC_F_019204_004,zh,22.890,23.370,SPEAKER_00,中长发
test,HC_F_019204_004,zh,24.030,28.170,SPEAKER_00,窗帘用绳子系上吊柜这些都说了没有啥柜子门
test,HC_F_019204_004,zh,28.890,29.370,SPEAKER_00,水龙头
test,HC_F_019207_001,zh,0.210,1.050,SPEAKER_00,冬瓜南瓜
test,HC_F_019207_001,zh,1.710,2.009,SPEAKER_00,丝瓜
test,HC_F_019207_001,zh,2.670,2.970,SPEAKER_00,苦瓜
test,HC_F_019207_001,zh,3.990,4.230,SPEAKER_00,腐手
test,HC_F_019207_001,zh,5.550,6.150,SPEAKER_00,腐手瓜
test,HC_F_019207_001,zh,6.690,7.050,SPEAKER_00,笋瓜
test,HC_F_019207_001,zh,7.830,7.890,,呃
test,HC_F_019207_001,zh,9.150,10.170,SPEAKER_00,茄子辣椒
test,HC_F_019207_001,zh,10.830,10.890,SPEAKER_00,呃
test,HC_F_019207_001,zh,11.850,12.390,SPEAKER_00,西红柿
test,HC_F_019207_001,zh,12.990,13.350,SPEAKER_00,土豆
test,HC_F_019207_001,zh,13.890,13.950,SPEAKER_00,呃
test,HC_F_019207_001,zh,14.610,14.910,SPEAKER_00,洋葱
test,HC_F_019207_001,zh,15.570,15.630,SPEAKER_00,呃
test,HC_F_019207_001,zh,16.230,17.910,SPEAKER_00,就那个什么菊花菜
test,HC_F_019207_001,zh,18.570,18.630,SPEAKER_00,呃
test,HC_F_019207_001,zh,19.350,19.830,SPEAKER_00,西兰花
test,HC_F_019207_001,zh,20.730,20.790,,呃
test,HC_F_019207_001,zh,22.230,23.310,SPEAKER_00,这个西南花
test,HC_F_019207_001,zh,25.710,26.970,SPEAKER_00,三芋三芋也算
test,HC_F_019207_001,zh,27.750,28.110,SPEAKER_00,三芋
test,HC_F_019207_001,zh,28.830,28.890,,呃
test,HC_F_019207_001,zh,32.700,33.000,SPEAKER_00,这个
test,HC_F_019207_001,zh,33.720,33.960,SPEAKER_00,苦菊
test,HC_F_019207_001,zh,35.340,36.780,SPEAKER_00,小油菜黑菜
test,HC_F_019207_001,zh,37.680,37.980,SPEAKER_00,爆菜
test,HC_F_019207_001,zh,38.700,38.760,,呃
test,HC_F_019207_001,zh,42.530,43.310,,这可
test,HC_F_019207_001,zh,43.310,44.330,SPEAKER_00,惜的包菜
test,HC_F_019207_001,zh,48.620,49.400,SPEAKER_00,大葱蒜
test,HC_F_019207_001,zh,50.240,50.300,SPEAKER_00,姜
test,HC_F_019207_001,zh,51.500,51.560,,呃
test,HC_F_019207_001,zh,53.600,54.080,SPEAKER_00,这个
test,HC_F_019207_001,zh,55.640,55.700,,呃
test,HC_F_019207_001,zh,56.600,56.840,SPEAKER_00,山药
test,HC_F_019207_001,zh,57.380,59.480,SPEAKER_00,铁棍铁山药还有挑棍
test,HC_F_019207_002,zh,0.210,0.630,SPEAKER_00,狮子
test,HC_F_019207_002,zh,1.650,1.710,,呃
test,HC_F_019207_002,zh,2.370,2.670,SPEAKER_00,老虎
test,HC_F_019207_002,zh,3.570,3.990,SPEAKER_00,抱熊
test,HC_F_019207_002,zh,7.280,7.880,SPEAKER_00,哎呦
test,HC_F_019207_002,zh,7.880,9.440,,这这一路的呃
test,HC_F_019207_002,zh,10.220,11.480,SPEAKER_00,狮子老虎豹
test,HC_F_019207_002,zh,12.020,12.080,SPEAKER_00,呃
test,HC_F_019207_002,zh,13.040,13.100,SPEAKER_00,熊
test,HC_F_019207_002,zh,14.300,14.360,SPEAKER_00,狼
test,HC_F_019207_002,zh,15.560,15.620,SPEAKER_00,狗
test,HC_F_019207_002,zh,17.600,17.660,,呃
test,HC_F_019207_002,zh,18.500,19.460,SPEAKER_00,哎猫也是吧
test,HC_F_019207_002,zh,20.360,20.420,SPEAKER_00,猫
test,HC_F_019207_002,zh,23.530,26.770,SPEAKER_00,哎呦怎么一下子都都都那个不起来的呢
test,HC_F_019207_002,zh,28.390,29.230,SPEAKER_00,长颈鹿是吧
test,HC_F_019207_002,zh,30.190,30.430,SPEAKER_00,熊猫
test,HC_F_019207_002,zh,31.510,31.569,,呃
test,HC_F_019207_002,zh,33.310,33.550,SPEAKER_00,猴子
test,HC_F_019207_002,zh,34.450,34.510,,呃
test,HC_F_019207_002,zh,38.070,38.430,SPEAKER_00,嘿哎
test,HC_F_019207_002,zh,39.810,39.870,SPEAKER_00,熊
test,HC_F_019207_002,zh,42.640,44.559,SPEAKER_00,哎那些鸡鸭的还不算吧
test,HC_F_019207_002,zh,45.340,45.760,SPEAKER_00,是不是
test,HC_F_019207_002,zh,46.780,47.500,SPEAKER_00,鸡饿鸭
test,HC_F_019207_002,zh,48.940,49.000,,呃
test,HC_F_019207_002,zh,52.620,52.680,SPEAKER_00,六
test,HC_F_019207_002,zh,55.900,57.760,SPEAKER_00,这是一个星期天
test,HC_F_019207_002,zh,58.960,59.320,SPEAKER_00,妈妈
test,HC_F_019207_003,zh,0.030,0.270,SPEAKER_00,休息
test,HC_F_019207_003,zh,0.870,0.930,SPEAKER_00,在
test,HC_F_019207_003,zh,1.710,2.190,SPEAKER_00,家里
test,HC_F_019207_003,zh,3.150,4.290,SPEAKER_00,哥哥跟妹妹
test,HC_F_019207_003,zh,5.310,5.370,SPEAKER_00,放
test,HC_F_019207_003,zh,6.210,6.870,SPEAKER_00,这个休息
test,HC_F_019207_003,zh,7.470,8.370,SPEAKER_00,也在家里
test,HC_F_019207_003,zh,9.870,10.530,SPEAKER_00,妈妈在
test,HC_F_019207_003,zh,11.490,12.630,SPEAKER_00,打扫卫生
test,HC_F_019207_003,zh,13.830,14.310,SPEAKER_00,不小心
test,HC_F_019207_003,zh,15.150,16.470,SPEAKER_00,水池里面的水
test,HC_F_019207_003,zh,17.130,18.990,SPEAKER_00,都溢了躺了一地
test,HC_F_019207_003,zh,20.130,20.670,SPEAKER_00,兄妹俩
test,HC_F_019207_003,zh,21.870,21.930,SPEAKER_00,在
test,HC_F_019207_003,zh,23.730,24.690,SPEAKER_00,兄妹俩在
test,HC_F_019207_003,zh,26.010,26.070,SPEAKER_00,在
test,HC_F_019207_003,zh,26.910,27.150,SPEAKER_00,这个
test,HC_F_019207_003,zh,27.930,29.310,SPEAKER_00,呃这个哥哥
test,HC_F_019207_003,zh,29.850,30.630,SPEAKER_00,扯着凳子
test,HC_F_019207_003,zh,31.230,32.189,SPEAKER_00,打开壁橱
test,HC_F_019207_003,zh,32.970,33.030,SPEAKER_00,在
test,HC_F_019207_003,zh,34.170,34.230,SPEAKER_00,拿
test,HC_F_019207_003,zh,34.890,35.190,SPEAKER_00,饼干
test,HC_F_019207_003,zh,36.030,36.510,SPEAKER_00,不小心
test,HC_F_019207_003,zh,37.470,38.250,SPEAKER_00,凳子给他
test,HC_F_019207_003,zh,38.970,39.690,SPEAKER_00,给他踩
test,HC_F_019207_003,zh,40.230,40.650,SPEAKER_00,鞋了
test,HC_F_019207_003,zh,41.190,42.630,SPEAKER_00,差点掉了下来
test,HC_F_019207_003,zh,43.650,44.010,SPEAKER_00,妹妹
test,HC_F_019207_003,zh,44.850,45.210,SPEAKER_00,妹妹
test,HC_F_019207_003,zh,46.710,46.770,SPEAKER_00,在
test,HC_F_019207_003,zh,47.910,48.750,SPEAKER_00,接哥哥
test,HC_F_019207_003,zh,49.470,49.530,SPEAKER_00,呃
test,HC_F_019207_003,zh,50.190,51.690,SPEAKER_00,在这个拿下来的
test,HC_F_019207_003,zh,52.350,52.590,SPEAKER_00,饼干
test,HC_F_019207_003,zh,53.190,53.250,SPEAKER_00,嗯
test,HC_F_019207_003,zh,55.230,56.430,SPEAKER_00,这个在准备
test,HC_F_019207_003,zh,57.870,58.170,SPEAKER_00,午餐
test,HC_F_019207_003,zh,58.830,58.890,,啊
test,HC_F_019207_004,zh,0.030,0.990,SPEAKER_00,这是一个很
test,HC_F_019207_004,zh,2.009,3.030,SPEAKER_00,很美满的
test,HC_F_019207_004,zh,3.750,4.110,SPEAKER_00,家庭
test,HC_F_019207_004,zh,4.710,4.770,,嗯
test,HC_F_019207_004,zh,6.870,7.590,SPEAKER_00,说什么呢
test,HC_F_019207_004,zh,8.730,9.030,SPEAKER_00,窗外
test,HC_F_019207_004,zh,9.930,10.170,SPEAKER_00,窗外
test,HC_F_019207_004,zh,10.710,10.890,SPEAKER_00,景色
test,HC_F_019207_004,zh,12.390,12.630,SPEAKER_00,宜人
test,HC_F_019207_004,zh,13.590,15.810,SPEAKER_00,树木都开花了呃
test,HC_F_019207_004,zh,17.190,17.250,SPEAKER_00,呃
test,HC_F_019207_004,zh,17.790,18.030,SPEAKER_00,这个
test,HC_F_019207_004,zh,18.810,19.290,SPEAKER_00,星期天
test,HC_F_019207_004,zh,20.070,20.730,SPEAKER_00,在家里
test,HC_F_019207_004,zh,21.870,24.510,SPEAKER_00,卫生都打扫的十分干净
test,HC_F_019207_004,zh,25.050,31.110,SPEAKER_00,这个他这不倒了嘛他这妈妈在想什么把这个这个这个都此外了
test,HC_F_019207_004,zh,31.830,34.710,SPEAKER_00,妈妈不知道在想什么
test,HC_F_019207_004,zh,35.610,37.650,SPEAKER_00,水龙头哗哗的流着水
test,HC_F_019207_004,zh,38.370,40.830,SPEAKER_00,流了一地也没有察觉到
test,HC_F_019207_004,zh,41.370,42.990,SPEAKER_00,不知是什么原因
test,HC_F_019207_004,zh,43.590,45.330,SPEAKER_00,他可能在想
test,HC_F_019207_004,zh,46.350,51.450,SPEAKER_00,出差在外的小孩子的爸爸不知道何日在回来
test,HC_F_019207_004,zh,52.110,52.830,SPEAKER_00,多长时间了
test,HC_F_019211_001,zh,0.210,0.270,SPEAKER_01,是
test,HC_F_019211_001,zh,1.410,4.530,SPEAKER_01,小孩吃的凳子去购成柜上的饼干嗯
test,HC_F_019211_001,zh,5.670,6.150,SPEAKER_01,这个是
test,HC_F_019211_001,zh,6.930,7.230,SPEAKER_01,这个
test,HC_F_019211_001,zh,7.830,9.210,SPEAKER_01,这个夫人在洗碗
test,HC_F_019211_001,zh,10.230,11.490,SPEAKER_01,水冒出来了
test,HC_F_019211_001,zh,11.490,11.550,,嗯
test,HC_F_019211_001,zh,12.510,14.250,SPEAKER_01,水龙头跑跑水了
test,HC_F_019211_001,zh,15.150,19.110,SPEAKER_01,这个小孩在给他打招呼就放对他讲放在上面的
test,HC_F_019211_001,zh,20.130,20.850,SPEAKER_01,凳子歪了
test,HC_F_019211_001,zh,21.630,21.930,SPEAKER_01,这个
test,HC_F_019211_001,zh,22.590,23.790,SPEAKER_01,夫人手里拿着盘子
test,HC_F_019211_001,zh,24.630,24.930,SPEAKER_01,还有
test,HC_F_019211_001,zh,25.530,25.830,SPEAKER_01,抹布
test,HC_F_019211_001,zh,26.610,27.510,SPEAKER_01,这是床子
test,HC_F_019211_001,zh,28.950,29.190,SPEAKER_01,这个
test,HC_F_019211_001,zh,30.450,30.630,SPEAKER_01,窗帘
test,HC_F_019211_001,zh,31.290,32.130,SPEAKER_01,外面是那个
test,HC_F_019211_001,zh,33.270,34.170,SPEAKER_01,楼房和草坪
test,HC_F_019211_001,zh,35.130,36.390,SPEAKER_01,这是厨房的柜子
test,HC_F_019211_001,zh,37.110,37.710,SPEAKER_01,放的有碗
test,HC_F_019211_001,zh,38.970,39.990,SPEAKER_01,水躺到地下了
test,HC_F_019211_001,zh,40.890,43.110,SPEAKER_01,上去是个男孩下面是个女孩
test,HC_F_019211_001,zh,44.610,45.030,SPEAKER_01,就这样
test,HC_F_019211_001,zh,45.690,46.170,SPEAKER_00,蔬菜啊
test,HC_F_019211_001,zh,47.190,47.670,SPEAKER_00,理好了吗
test,HC_F_019211_001,zh,48.210,48.390,SPEAKER_00,白菜
test,HC_F_019211_001,zh,49.590,49.830,SPEAKER_00,芹菜
test,HC_F_019211_001,zh,50.910,51.330,SPEAKER_00,菊花菜
test,HC_F_019211_001,zh,52.650,52.950,SPEAKER_00,生菜
test,HC_F_019211_001,zh,54.090,54.270,SPEAKER_00,苦菊
test,HC_F_019211_001,zh,55.950,56.250,SPEAKER_00,蒜菜
test,HC_F_019211_001,zh,57.630,57.690,,嗯
test,HC_F_019211_002,zh,0.440,2.360,SPEAKER_00,那个什么什么什么什么什么什么
test,HC_F_019211_002,zh,3.680,4.100,SPEAKER_01,煎针菇
test,HC_F_019211_002,zh,6.020,6.260,SPEAKER_01,包菜
test,HC_F_019211_002,zh,8.590,8.650,SPEAKER_01,呃
test,HC_F_019211_002,zh,11.410,11.710,SPEAKER_01,香菜
test,HC_F_019211_002,zh,13.030,14.350,SPEAKER_01,蒜菜蒜菜做过了吧
test,HC_F_019211_002,zh,16.180,17.440,SPEAKER_01,还有那个那那个茼蒿
test,HC_F_019211_002,zh,19.120,19.420,SPEAKER_01,茄子
test,HC_F_019211_002,zh,20.440,20.680,SPEAKER_01,番茄
test,HC_F_019211_002,zh,21.580,21.820,SPEAKER_01,辣椒
test,HC_F_019211_002,zh,23.140,23.440,SPEAKER_01,萝卜
test,HC_F_019211_002,zh,24.340,24.760,SPEAKER_01,胡萝卜
test,HC_F_019211_002,zh,26.020,28.900,SPEAKER_01,对吧这不都是这都菜类的对吧这这这
test,HC_F_019211_002,zh,29.560,30.580,SPEAKER_01,呃杏鲍菇
test,HC_F_019211_002,zh,31.480,31.540,SPEAKER_01,呃
test,HC_F_019211_002,zh,32.320,33.280,SPEAKER_01,鸡腿菇呃
test,HC_F_019211_002,zh,35.200,36.220,SPEAKER_01,呃还有那个
test,HC_F_019211_002,zh,36.220,36.400,SPEAKER_00,那个
test,HC_F_019211_002,zh,37.720,38.740,SPEAKER_00,那个那那叫什么
test,HC_F_019211_002,zh,39.700,39.940,SPEAKER_00,开始
test,HC_F_019211_002,zh,40.660,41.020,SPEAKER_00,开头
test,HC_F_019211_002,zh,41.680,41.740,,嗯
test,HC_F_019211_002,zh,43.360,44.380,SPEAKER_00,开始开头
test,HC_F_019211_002,zh,45.220,45.520,SPEAKER_00,开端
test,HC_F_019211_002,zh,46.240,46.540,SPEAKER_00,开布
test,HC_F_019211_002,zh,49.070,49.370,SPEAKER_00,开头
test,HC_F_019211_002,zh,50.510,50.810,SPEAKER_00,开头
test,HC_F_019211_002,zh,52.790,52.850,,开
test,HC_F_019211_002,zh,53.990,54.830,SPEAKER_00,开始说话了
test,HC_F_019211_003,zh,3.220,4.000,SPEAKER_01,为什么开呢
test,HC_F_019211_003,zh,4.960,5.200,SPEAKER_01,太原
test,HC_F_019211_003,zh,6.100,6.400,SPEAKER_01,开吃
test,HC_F_019211_003,zh,9.970,10.690,SPEAKER_01,老虎大象
test,HC_F_019211_003,zh,11.290,11.350,SPEAKER_01,呃
test,HC_F_019211_003,zh,12.070,12.310,SPEAKER_01,骆驼
test,HC_F_019211_003,zh,12.970,13.030,SPEAKER_01,呃
test,HC_F_019211_003,zh,15.670,15.910,SPEAKER_01,熊猫
test,HC_F_019211_003,zh,16.930,16.990,SPEAKER_01,呃
test,HC_F_019211_003,zh,17.710,18.010,SPEAKER_01,狗熊
test,HC_F_019211_003,zh,19.630,19.930,SPEAKER_01,鳄鱼
test,HC_F_019211_003,zh,20.530,21.130,SPEAKER_01,鳄鱼算吗
test,HC_F_019211_003,zh,21.910,21.970,SPEAKER_01,呃
test,HC_F_019211_003,zh,22.990,23.170,SPEAKER_01,老鹰
test,HC_F_019211_003,zh,24.190,24.250,,嗯
test,HC_F_019211_003,zh,27.770,27.830,SPEAKER_01,豹
test,HC_F_019211_003,zh,28.970,29.210,SPEAKER_01,虎珀
test,HC_F_019211_003,zh,30.530,32.270,SPEAKER_01,那个什么什么什么什么豹
test,HC_F_019211_003,zh,33.350,34.370,SPEAKER_01,对吧这这我说
test,HC_F_019211_003,zh,35.270,35.510,SPEAKER_01,犀牛
test,HC_F_019211_003,zh,36.830,36.890,,嗯
test,HC_F_019211_003,zh,39.170,40.850,SPEAKER_01,不就行了说四个还在说吧
test,HC_F_019211_003,zh,41.990,42.590,SPEAKER_00,鸡桶做的
test,HC_F_019211_003,zh,43.490,44.510,SPEAKER_01,说不出来了
test,HC_F_019211_003,zh,44.510,46.010,SPEAKER_00,家里边的什么
test,HC_F_019211_003,zh,46.010,47.090,SPEAKER_01,狗那能算吗
test,HC_F_019211_003,zh,48.110,48.590,SPEAKER_01,狗毛
test,HC_F_019211_003,zh,49.790,49.850,SPEAKER_01,鸡
test,HC_F_019211_003,zh,51.410,52.430,SPEAKER_01,再算吧这不算
test,HC_F_019211_003,zh,53.390,54.170,SPEAKER_01,算鹦鹉
test,HC_F_019211_003,zh,55.070,55.130,,嗯
test,HC_F_019211_003,zh,56.450,58.970,SPEAKER_01,那个什么什么什么什么说八哥
test,HC_F_019211_004,zh,0.090,1.110,SPEAKER_00,法哥是法折有的
test,HC_F_019211_004,zh,3.310,7.030,SPEAKER_00,开水是分割头的吗不是水水分割头吧
test,HC_F_019211_004,zh,7.030,7.090,,嗯
test,HC_F_019211_004,zh,8.170,8.710,SPEAKER_00,水龙头
test,HC_F_019211_004,zh,9.610,9.670,,嗯
test,HC_F_019211_004,zh,10.870,10.930,SPEAKER_00,水
test,HC_F_019211_004,zh,14.760,14.820,SPEAKER_00,水
test,HC_F_019211_004,zh,15.480,16.080,SPEAKER_00,水龙头
test,HC_F_019211_004,zh,16.980,17.700,SPEAKER_00,这个这个水
test,HC_F_019211_004,zh,18.240,18.300,SPEAKER_00,水
test,HC_F_019211_004,zh,24.090,24.450,SPEAKER_00,水暖
test,HC_F_019211_004,zh,25.770,26.250,SPEAKER_00,水稳
test,HC_F_019211_004,zh,27.330,27.690,SPEAKER_00,水平
test,HC_F_019211_004,zh,29.310,29.670,SPEAKER_00,水气
test,HC_F_019211_004,zh,31.770,32.130,SPEAKER_00,水漏
test,HC_F_019211_004,zh,33.570,33.870,SPEAKER_00,水泄
test,HC_F_019211_004,zh,35.190,35.550,SPEAKER_00,水壶
test,HC_F_019212_001,zh,0.210,0.510,SPEAKER_00,锄头
test,HC_F_019212_001,zh,1.530,1.770,SPEAKER_00,镰刀
test,HC_F_019212_001,zh,3.150,3.450,SPEAKER_00,扫把
test,HC_F_019212_001,zh,5.130,5.370,SPEAKER_00,铲子
test,HC_F_019212_001,zh,6.210,6.570,SPEAKER_00,勺子
test,HC_F_019212_001,zh,7.170,7.230,,啊
test,HC_F_019212_001,zh,8.070,8.310,SPEAKER_00,那个
test,HC_F_019212_001,zh,10.650,11.670,SPEAKER_00,那个什么耙子
test,HC_F_019212_001,zh,12.690,12.750,SPEAKER_00,调
test,HC_F_019212_001,zh,13.350,14.190,SPEAKER_00,调帚
test,HC_F_019212_001,zh,14.190,14.250,,呃
test,HC_F_019212_001,zh,15.090,15.390,SPEAKER_00,簸箕
test,HC_F_019212_001,zh,16.470,16.950,SPEAKER_00,完了是
test,HC_F_019212_001,zh,19.750,20.050,SPEAKER_00,锤子
test,HC_F_019212_001,zh,20.770,21.070,SPEAKER_00,剪刀
test,HC_F_019212_001,zh,22.390,24.070,SPEAKER_00,刀子美工刀
test,HC_F_019212_001,zh,24.070,24.130,,嗯
test,HC_F_019212_001,zh,25.690,26.050,SPEAKER_00,尺子
test,HC_F_019212_001,zh,27.310,27.910,SPEAKER_00,然后是
test,HC_F_019212_001,zh,28.690,29.650,SPEAKER_00,篮子可以吗
test,HC_F_019212_001,zh,30.430,31.810,SPEAKER_00,篮子装东西嘛篮子
test,HC_F_019212_001,zh,33.010,33.610,SPEAKER_00,包书包
test,HC_F_019212_001,zh,34.270,34.330,,嗯
test,HC_F_019212_001,zh,35.830,36.130,SPEAKER_00,箱子
test,HC_F_019212_001,zh,36.850,37.210,SPEAKER_00,盒子
test,HC_F_019212_001,zh,39.440,40.160,SPEAKER_00,还有那个
test,HC_F_019212_001,zh,43.860,43.920,,嗯
test,HC_F_019212_001,zh,47.840,48.200,SPEAKER_00,拍子
test,HC_F_019212_001,zh,49.940,50.000,SPEAKER_00,狗
test,HC_F_019212_001,zh,51.320,51.380,SPEAKER_00,与
test,HC_F_019212_001,zh,52.100,52.160,SPEAKER_00,狼
test,HC_F_019212_001,zh,54.200,54.260,SPEAKER_00,柴
test,HC_F_019212_001,zh,55.280,55.340,,虎
test,HC_F_019212_001,zh,56.660,56.720,SPEAKER_00,豹
test,HC_F_019212_001,zh,59.650,59.830,,那个
test,HC_F_019212_002,zh,0.460,1.540,SPEAKER_00,鸭子可以吧
test,HC_F_019212_002,zh,2.620,2.680,SPEAKER_00,鸡
test,HC_F_019212_002,zh,3.460,3.520,SPEAKER_00,鹅
test,HC_F_019212_002,zh,4.540,4.600,,嗯
test,HC_F_019212_002,zh,5.260,5.560,SPEAKER_00,那个
test,HC_F_019212_002,zh,6.340,6.400,SPEAKER_00,蛇
test,HC_F_019212_002,zh,7.840,8.140,SPEAKER_00,凤凰
test,HC_F_019212_002,zh,9.040,9.100,SPEAKER_00,龙
test,HC_F_019212_002,zh,9.640,9.700,,嗯
test,HC_F_019212_002,zh,10.660,10.720,SPEAKER_00,猪
test,HC_F_019212_002,zh,11.380,11.440,,嗯
test,HC_F_019212_002,zh,13.360,13.420,SPEAKER_00,獾
test,HC_F_019212_002,zh,14.740,14.800,SPEAKER_00,虎
test,HC_F_019212_002,zh,15.460,16.480,SPEAKER_00,说过了吧
test,HC_F_019212_002,zh,16.480,16.540,,嗯
test,HC_F_019212_002,zh,17.320,17.560,SPEAKER_00,孔雀
test,HC_F_019212_002,zh,18.760,20.200,SPEAKER_00,那个那个猫头鹰
test,HC_F_019212_002,zh,22.180,22.240,SPEAKER_00,虫
test,HC_F_019212_002,zh,23.200,23.260,,嗯
test,HC_F_019212_002,zh,24.280,24.520,SPEAKER_00,青蛙
test,HC_F_019212_002,zh,25.420,25.480,SPEAKER_00,马
test,HC_F_019212_002,zh,26.740,26.800,SPEAKER_00,驴
test,HC_F_019212_002,zh,27.880,27.940,SPEAKER_00,猪
test,HC_F_019212_002,zh,29.740,29.800,SPEAKER_00,牛
test,HC_F_019212_002,zh,30.460,32.920,SPEAKER_00,不知道说过没有他们又虫了
test,HC_F_019212_002,zh,32.920,32.980,,呃
test,HC_F_019212_002,zh,34.960,35.260,SPEAKER_00,骆驼
test,HC_F_019212_002,zh,37.990,38.350,SPEAKER_00,孔雀
test,HC_F_019213_001,zh,0.390,1.650,SPEAKER_00,鸭鹅猫狗
test,HC_F_019213_001,zh,2.310,2.370,SPEAKER_00,熊
test,HC_F_019213_001,zh,3.390,3.630,SPEAKER_00,老虎
test,HC_F_019213_001,zh,4.890,5.190,SPEAKER_00,狮子
test,HC_F_019213_001,zh,6.030,6.270,SPEAKER_00,猴子
test,HC_F_019213_001,zh,7.230,7.290,,嗯
test,HC_F_019213_001,zh,8.010,8.730,SPEAKER_00,天天鹅
test,HC_F_019213_001,zh,9.630,9.810,SPEAKER_00,企鹅
test,HC_F_019213_001,zh,12.210,12.270,SPEAKER_00,蛇
test,HC_F_019213_001,zh,13.590,13.650,SPEAKER_00,马
test,HC_F_019213_001,zh,14.610,14.910,SPEAKER_00,河马
test,HC_F_019213_001,zh,15.630,16.170,SPEAKER_00,还有什么
test,HC_F_019213_001,zh,16.770,17.790,SPEAKER_00,还不到一分钟嗯
test,HC_F_019213_001,zh,20.010,20.070,SPEAKER_00,子
test,HC_F_019213_001,zh,21.570,21.810,SPEAKER_00,毛驴
test,HC_F_019213_001,zh,23.850,23.910,SPEAKER_00,猪
test,HC_F_019213_001,zh,24.690,24.750,SPEAKER_00,羊
test,HC_F_019213_001,zh,25.530,25.590,SPEAKER_00,兔
test,HC_F_019213_001,zh,30.030,30.090,SPEAKER_00,吧
test,HC_F_019213_001,zh,31.830,32.549,SPEAKER_00,一钟了
test,HC_F_019213_001,zh,33.450,33.750,SPEAKER_00,那就
test,HC_F_019213_001,zh,36.870,36.930,SPEAKER_00,鹿
test,HC_F_019213_001,zh,37.950,38.010,SPEAKER_00,熊
test,HC_F_019213_001,zh,39.990,40.230,SPEAKER_00,老虎
test,HC_F_019213_001,zh,42.690,43.770,SPEAKER_00,沙发茶几
test,HC_F_019213_001,zh,44.370,44.550,SPEAKER_00,椅子
test,HC_F_019213_001,zh,45.990,46.410,SPEAKER_00,饮水鸡
test,HC_F_019213_001,zh,47.730,47.790,,嗯
test,HC_F_019213_001,zh,48.570,49.290,SPEAKER_00,厨房这个
test,HC_F_019213_001,zh,50.250,50.310,SPEAKER_00,锅
test,HC_F_019213_001,zh,51.210,51.270,SPEAKER_00,碗
test,HC_F_019213_001,zh,53.310,53.670,SPEAKER_00,勺子
test,HC_F_019213_001,zh,54.510,54.750,SPEAKER_00,铲子
test,HC_F_019213_001,zh,56.070,56.310,SPEAKER_00,炉灶
test,HC_F_019213_001,zh,58.590,58.830,SPEAKER_00,烟机
test,HC_F_019213_002,zh,0.890,1.130,SPEAKER_01,餐桌
test,HC_F_019213_002,zh,2.690,2.990,SPEAKER_01,椅子
test,HC_F_019213_002,zh,5.090,5.450,SPEAKER_01,车子
test,HC_F_019213_002,zh,8.590,9.430,SPEAKER_01,乒乓球拍子
test,HC_F_019213_002,zh,10.630,11.050,SPEAKER_01,羽毛球
test,HC_F_019213_002,zh,12.730,13.510,SPEAKER_01,羽毛球拍子
test,HC_F_019213_002,zh,17.700,18.000,SPEAKER_01,篮球
test,HC_F_019213_002,zh,18.540,18.960,SPEAKER_01,自行车
test,HC_F_019213_002,zh,20.760,21.900,SPEAKER_01,汽车电动车
test,HC_F_019213_002,zh,26.320,26.380,,嗯
test,HC_F_019213_002,zh,30.220,30.580,SPEAKER_01,沙发
test,HC_F_019213_002,zh,31.360,32.260,SPEAKER_01,哦说过了
test,HC_F_019213_002,zh,32.980,33.040,SPEAKER_01,床
test,HC_F_019213_002,zh,35.560,36.160,SPEAKER_01,床的味儿
test,HC_F_019213_002,zh,40.960,41.020,,呃
test,HC_F_019213_002,zh,41.620,42.160,SPEAKER_00,写字台
test,HC_F_019213_002,zh,43.300,43.600,SPEAKER_00,桌子
test,HC_F_019213_002,zh,44.140,44.440,SPEAKER_00,椅子
test,HC_F_019213_002,zh,45.100,45.340,SPEAKER_00,橱柜
test,HC_F_019213_002,zh,46.300,46.660,SPEAKER_00,鞋柜
test,HC_F_019213_002,zh,47.800,48.160,SPEAKER_00,吊柜
test,HC_F_019213_002,zh,51.050,51.410,SPEAKER_00,出轨
test,HC_F_019213_002,zh,53.090,53.630,SPEAKER_00,办公桌
test,HC_F_019213_002,zh,54.650,54.950,SPEAKER_00,输出
test,HC_F_019213_002,zh,57.870,57.930,SPEAKER_00,床
test,HC_F_019213_003,zh,0.510,0.570,,嗯
test,HC_F_019213_003,zh,2.370,3.270,SPEAKER_00,是这么多吧
test,HC_F_019213_003,zh,6.260,6.680,SPEAKER_00,百分钟
test,HC_F_019213_003,zh,7.220,7.760,SPEAKER_00,就这么多
test,HC_F_019213_003,zh,8.480,9.680,SPEAKER_00,椅椅子沙发
test,HC_F_019213_003,zh,12.390,13.350,SPEAKER_00,呃床头柜
test,HC_F_019213_003,zh,14.309,14.610,SPEAKER_00,茶几
test,HC_F_019213_003,zh,15.330,15.750,SPEAKER_00,电视柜
test,HC_F_019213_003,zh,18.180,18.540,SPEAKER_00,差不多
test,HC_F_019213_003,zh,20.650,21.550,SPEAKER_00,说会都说过了
test,HC_F_019213_003,zh,22.990,23.290,SPEAKER_00,老虎
test,HC_F_019213_003,zh,23.950,24.250,SPEAKER_00,白马
test,HC_F_019213_003,zh,24.970,25.210,SPEAKER_00,犀牛
test,HC_F_019213_003,zh,26.290,26.530,SPEAKER_00,黄牛
test,HC_F_019213_003,zh,27.670,27.910,SPEAKER_00,毛驴
test,HC_F_019213_003,zh,30.010,30.310,SPEAKER_00,这个
test,HC_F_019213_003,zh,31.150,31.450,SPEAKER_00,狮子
test,HC_F_019213_003,zh,32.710,33.610,SPEAKER_00,鹿梅花鹿
test,HC_F_019213_003,zh,35.920,35.980,,呃
test,HC_F_019213_003,zh,37.720,37.780,SPEAKER_00,枸
test,HC_F_019213_003,zh,38.620,38.680,SPEAKER_00,鸡
test,HC_F_019213_003,zh,39.700,39.760,SPEAKER_00,鸭
test,HC_F_019213_003,zh,40.480,40.540,SPEAKER_00,猫
test,HC_F_019213_003,zh,41.560,41.620,SPEAKER_00,鹅
test,HC_F_019213_003,zh,43.720,43.780,SPEAKER_00,蛇
test,HC_F_019213_003,zh,46.180,46.240,SPEAKER_00,猪
test,HC_F_019213_003,zh,48.790,49.630,SPEAKER_00,嗯还是
test,HC_F_019213_003,zh,52.530,53.250,SPEAKER_00,预预算吗
test,HC_F_019213_003,zh,56.740,58.120,SPEAKER_00,鱼鲤鱼鲫鱼
test,HC_F_019213_003,zh,59.560,59.800,SPEAKER_00,美鱼
test,HC_F_019213_004,zh,0.330,0.570,SPEAKER_00,片子
test,HC_F_019213_004,zh,2.130,2.490,SPEAKER_00,螃蟹
test,HC_F_019213_004,zh,6.420,6.960,SPEAKER_00,还有啥
test,HC_F_019213_004,zh,8.820,10.500,SPEAKER_00,差不多就那么多吧鸽子
test,HC_F_019213_004,zh,11.160,11.460,SPEAKER_00,小鸟
test,HC_F_019213_004,zh,13.830,14.130,SPEAKER_00,黄瓜
test,HC_F_019213_004,zh,14.790,15.090,SPEAKER_00,番茄
test,HC_F_019213_004,zh,16.590,16.890,SPEAKER_00,萝卜
test,HC_F_019213_004,zh,17.550,17.790,SPEAKER_00,青菜
test,HC_F_019213_004,zh,18.450,18.870,SPEAKER_00,大白菜
test,HC_F_019213_004,zh,19.530,19.830,SPEAKER_00,青菜
test,HC_F_019213_004,zh,20.550,20.850,SPEAKER_00,莴苣
test,HC_F_019213_004,zh,22.050,22.350,SPEAKER_00,香菜
test,HC_F_019213_004,zh,23.730,24.210,SPEAKER_00,西兰花
test,HC_F_019213_004,zh,25.170,25.530,SPEAKER_00,菜花
test,HC_F_019213_004,zh,28.070,28.310,SPEAKER_00,芹菜
test,HC_F_019213_004,zh,30.470,30.530,SPEAKER_00,嗯
test,HC_F_019213_004,zh,33.080,33.560,SPEAKER_00,胡萝卜
test,HC_F_019213_004,zh,34.160,34.580,SPEAKER_00,胡萝卜
test,HC_F_019213_004,zh,35.720,36.020,SPEAKER_00,茼蒿
test,HC_F_019213_004,zh,38.360,38.780,SPEAKER_00,油麦菜
test,HC_F_019213_004,zh,41.120,41.540,SPEAKER_00,空心菜
test,HC_F_019213_004,zh,44.350,44.410,,嗯
test,HC_F_019213_004,zh,45.370,45.670,SPEAKER_00,秋葵
test,HC_F_019213_004,zh,46.210,46.450,SPEAKER_00,冬瓜
test,HC_F_019213_004,zh,48.610,48.910,SPEAKER_00,青瓜
test,HC_F_019213_004,zh,49.630,49.870,SPEAKER_00,南瓜
test,HC_F_019213_004,zh,52.700,53.720,SPEAKER_00,大葱香葱
test,HC_F_019215_001,zh,0.330,0.390,SPEAKER_00,狗
test,HC_F_019215_001,zh,1.470,1.830,SPEAKER_00,狮子
test,HC_F_019215_001,zh,2.970,3.750,SPEAKER_00,嗯海豹
test,HC_F_019215_001,zh,4.890,4.950,,嗯
test,HC_F_019215_001,zh,6.150,6.750,SPEAKER_00,哦狗
test,HC_F_019215_001,zh,7.770,7.950,SPEAKER_00,还有
test,HC_F_019215_001,zh,8.610,9.330,SPEAKER_00,还有小子
test,HC_F_019215_001,zh,12.020,12.260,SPEAKER_00,老虎
test,HC_F_019215_001,zh,12.980,13.280,SPEAKER_00,孔雀
test,HC_F_019215_001,zh,15.470,15.500,,嗯
test,HC_F_019215_001,zh,16.100,16.460,SPEAKER_00,长颈鹿
test,HC_F_019215_001,zh,17.420,17.720,SPEAKER_00,爸妈
test,HC_F_019215_001,zh,18.920,18.980,,嗯
test,HC_F_019215_001,zh,20.780,21.560,SPEAKER_00,狮子说过
test,HC_F_019215_001,zh,23.600,23.659,SPEAKER_00,牛
test,HC_F_019215_001,zh,24.200,24.260,SPEAKER_00,妈
test,HC_F_019215_001,zh,25.400,25.940,SPEAKER_00,说过吗
test,HC_F_019215_001,zh,28.110,28.170,SPEAKER_00,牛
test,HC_F_019215_001,zh,33.280,33.340,SPEAKER_00,是
test,HC_F_019215_001,zh,35.440,35.680,SPEAKER_00,袋鼠
test,HC_F_019215_001,zh,37.540,37.840,SPEAKER_00,恐龙
test,HC_F_019215_001,zh,38.920,39.100,SPEAKER_00,恐龙
test,HC_F_019215_001,zh,40.120,40.300,,还有
test,HC_F_019215_001,zh,41.259,41.560,SPEAKER_00,马车
test,HC_F_019215_001,zh,44.490,44.730,SPEAKER_00,青菜
test,HC_F_019215_001,zh,45.690,45.990,SPEAKER_00,韭菜
test,HC_F_019215_001,zh,47.310,47.370,,嗯
test,HC_F_019215_001,zh,47.970,49.350,SPEAKER_00,爆菜白菜都来
test,HC_F_019215_001,zh,50.370,50.430,,嗯
test,HC_F_019215_001,zh,52.650,52.950,SPEAKER_00,茼好
test,HC_F_019215_001,zh,54.630,54.690,,嗯
test,HC_F_019215_001,zh,55.410,55.710,SPEAKER_00,茄子
test,HC_F_019215_001,zh,56.370,56.670,SPEAKER_00,番茄
test,HC_F_019215_001,zh,58.350,58.410,,嗯
test,HC_F_019215_002,zh,0.150,0.390,SPEAKER_01,韭菜
test,HC_F_019215_002,zh,3.270,3.510,SPEAKER_00,白菜
test,HC_F_019215_002,zh,5.130,5.190,,嗯
test,HC_F_019215_002,zh,9.770,10.490,SPEAKER_01,还有悬呢
test,HC_F_019215_002,zh,16.380,16.620,SPEAKER_01,青菜
test,HC_F_019215_002,zh,18.600,18.660,SPEAKER_01,菜
test,HC_F_019215_002,zh,19.560,20.040,SPEAKER_00,金针菇
test,HC_F_019215_002,zh,21.900,22.200,SPEAKER_00,蘑菇
test,HC_F_019215_002,zh,33.380,34.100,SPEAKER_01,还有巡管啊
test,HC_F_019219_001,zh,0.150,1.170,SPEAKER_00,这像一个家
test,HC_F_019219_001,zh,1.830,3.570,SPEAKER_00,这像妈妈在厨房
test,HC_F_019219_001,zh,4.770,6.630,SPEAKER_00,厨房的水溢出来的
test,HC_F_019219_001,zh,7.350,9.150,SPEAKER_00,水池子满了水溢出来了
test,HC_F_019219_001,zh,9.870,9.930,SPEAKER_00,这
test,HC_F_019219_001,zh,10.950,11.670,SPEAKER_00,小朋友呢
test,HC_F_019219_001,zh,12.210,12.270,SPEAKER_00,在
test,HC_F_019219_001,zh,13.110,15.150,SPEAKER_00,吊柜子上购饼干姐姐
test,HC_F_019219_001,zh,15.930,18.750,SPEAKER_00,招呼他姐姐去接板凳要吻了
test,HC_F_019219_001,zh,19.410,20.190,SPEAKER_00,要摔倒了
test,HC_F_019219_001,zh,21.450,22.050,SPEAKER_00,在什么时
test,HC_F_019219_001,zh,22.890,24.150,SPEAKER_00,哦这妈妈在
test,HC_F_019219_001,zh,24.750,24.810,,嗯
test,HC_F_019219_001,zh,26.430,27.030,SPEAKER_00,刷东西
test,HC_F_019219_001,zh,27.870,28.530,SPEAKER_00,说不上来
test,HC_F_019219_001,zh,30.330,30.630,SPEAKER_00,菠菜
test,HC_F_019219_001,zh,31.230,31.590,SPEAKER_00,白菜
test,HC_F_019219_001,zh,33.030,33.330,SPEAKER_00,韭菜
test,HC_F_019219_001,zh,35.250,35.610,SPEAKER_00,丝瓜
test,HC_F_019219_001,zh,36.810,37.230,SPEAKER_00,茄子
test,HC_F_019219_001,zh,38.550,38.910,SPEAKER_00,洋葱
test,HC_F_019219_001,zh,41.620,42.040,SPEAKER_00,土豆
test,HC_F_019219_001,zh,43.180,43.720,SPEAKER_00,胡萝卜
test,HC_F_019219_001,zh,45.160,45.220,SPEAKER_00,辣
test,HC_F_019219_001,zh,45.760,46.360,SPEAKER_00,辣萝卜
test,HC_F_019219_001,zh,47.620,48.460,SPEAKER_00,白辣萝
test,HC_F_019219_001,zh,48.460,48.520,,卜
test,HC_F_019219_001,zh,49.780,49.840,,嗯
test,HC_F_019219_001,zh,50.680,50.920,SPEAKER_00,还有
test,HC_F_019219_001,zh,53.490,53.730,SPEAKER_00,青菜
test,HC_F_019219_001,zh,56.110,56.470,SPEAKER_00,豆角
test,HC_F_019219_001,zh,58.150,58.450,SPEAKER_00,梅豆
test,HC_F_019219_001,zh,59.470,59.770,SPEAKER_00,扁豆
test,HC_F_019219_002,zh,0.000,0.030,,嗯
test,HC_F_019219_002,zh,2.170,3.010,SPEAKER_00,嗯卧水
test,HC_F_019219_002,zh,5.920,5.980,SPEAKER_00,哦
test,HC_F_019219_002,zh,7.599,7.660,,嗯
test,HC_F_019219_002,zh,8.620,8.860,SPEAKER_00,还有
test,HC_F_019219_002,zh,9.940,10.240,SPEAKER_00,苹果
test,HC_F_019219_002,zh,11.680,12.280,SPEAKER_00,杏鲍鼓
test,HC_F_019219_002,zh,13.660,14.200,SPEAKER_00,擦手鼓
test,HC_F_019219_002,zh,16.880,17.060,SPEAKER_00,还有
test,HC_F_019219_002,zh,21.360,21.720,SPEAKER_00,蒜苗
test,HC_F_019219_002,zh,24.500,24.740,SPEAKER_00,大葱
test,HC_F_019219_002,zh,26.660,26.960,SPEAKER_00,老虎
test,HC_F_019219_002,zh,27.620,27.920,SPEAKER_00,狮子
test,HC_F_019219_002,zh,28.760,29.060,SPEAKER_00,骆驼
test,HC_F_019219_002,zh,29.780,29.840,SPEAKER_00,马
test,HC_F_019219_002,zh,30.560,30.620,SPEAKER_00,牛
test,HC_F_019219_002,zh,31.220,31.280,SPEAKER_00,羊
test,HC_F_019219_002,zh,32.420,32.480,SPEAKER_00,狗
test,HC_F_019219_002,zh,33.200,33.260,SPEAKER_00,兔
test,HC_F_019219_002,zh,34.160,34.220,SPEAKER_00,鸡
test,HC_F_019219_002,zh,35.120,35.540,SPEAKER_00,猪鸭
test,HC_F_019219_002,zh,36.500,36.560,,啊
test,HC_F_019219_002,zh,37.640,38.060,SPEAKER_00,河马
test,HC_F_019219_002,zh,39.020,39.080,SPEAKER_00,鱼
test,HC_F_019219_002,zh,40.640,40.940,SPEAKER_00,鲨鱼
test,HC_F_019219_002,zh,42.440,42.500,SPEAKER_00,和
test,HC_F_019219_002,zh,43.460,43.700,SPEAKER_00,长鱼
test,HC_F_019219_002,zh,46.560,46.620,SPEAKER_00,鸟
test,HC_F_019219_002,zh,47.160,47.220,SPEAKER_00,啊
test,HC_F_019219_002,zh,48.299,49.500,SPEAKER_00,鸟太笼统了啊
test,HC_F_019219_002,zh,50.040,50.100,,嗯
test,HC_F_019219_002,zh,52.930,53.290,SPEAKER_00,燕子
test,HC_F_019219_002,zh,54.790,55.150,SPEAKER_00,孔雀
test,HC_F_019219_002,zh,56.950,57.310,SPEAKER_00,麻雀
test,HC_F_019219_002,zh,58.750,59.050,SPEAKER_00,大雁
test,HC_F_019220_001,zh,1.050,2.010,SPEAKER_00,黄瓜番茄
test,HC_F_019220_001,zh,3.330,3.630,SPEAKER_00,辣椒
test,HC_F_019220_001,zh,4.230,4.530,SPEAKER_00,豆角
test,HC_F_019220_001,zh,5.490,5.550,,嗯
test,HC_F_019220_001,zh,6.330,6.630,SPEAKER_00,茄子
test,HC_F_019220_001,zh,7.710,7.770,,嗯
test,HC_F_019220_001,zh,9.270,9.330,SPEAKER_00,荀
test,HC_F_019220_001,zh,11.490,11.790,SPEAKER_00,菠菜
test,HC_F_019220_001,zh,12.750,13.050,SPEAKER_00,白菜
test,HC_F_019220_001,zh,14.250,14.550,SPEAKER_00,萝卜
test,HC_F_019220_001,zh,15.690,15.750,,嗯
test,HC_F_019220_001,zh,16.950,17.250,SPEAKER_00,山芋
test,HC_F_019220_001,zh,18.450,18.690,SPEAKER_00,山药
test,HC_F_019220_001,zh,20.130,20.190,,嗯
test,HC_F_019220_001,zh,21.330,21.390,SPEAKER_00,葱
test,HC_F_019220_001,zh,21.930,21.990,SPEAKER_00,姜
test,HC_F_019220_001,zh,23.130,23.190,SPEAKER_00,蒜
test,HC_F_019220_001,zh,24.870,25.710,SPEAKER_00,嗯香菜
test,HC_F_019220_001,zh,26.610,26.910,SPEAKER_00,苋菜
test,HC_F_019220_001,zh,27.870,27.930,,嗯
test,HC_F_019220_001,zh,29.010,29.250,SPEAKER_00,芹菜
test,HC_F_019220_001,zh,30.570,30.630,,嗯
test,HC_F_019220_001,zh,32.610,32.910,SPEAKER_00,记菜
test,HC_F_019220_001,zh,34.170,34.470,SPEAKER_00,莴苣
test,HC_F_019220_001,zh,36.330,36.630,SPEAKER_00,笋瓜
test,HC_F_019220_001,zh,39.350,39.410,,嗯
test,HC_F_019220_001,zh,40.370,40.550,SPEAKER_00,还有
test,HC_F_019220_001,zh,43.220,43.280,,嗯
test,HC_F_019220_001,zh,43.880,44.480,SPEAKER_00,原白菜
test,HC_F_019220_001,zh,45.020,45.440,SPEAKER_00,菜花
test,HC_F_019220_001,zh,46.700,47.240,SPEAKER_00,橄榄菜
test,HC_F_019220_001,zh,48.800,49.100,SPEAKER_00,蘑菇
test,HC_F_019220_001,zh,50.480,51.200,SPEAKER_00,蘑菇算不算
test,HC_F_019220_001,zh,51.980,52.040,SPEAKER_00,嗯
test,HC_F_019220_001,zh,52.880,53.120,SPEAKER_00,蘑菇
test,HC_F_019220_001,zh,53.720,53.780,SPEAKER_00,呃
test,HC_F_019220_002,zh,2.060,2.840,SPEAKER_00,开始狗
test,HC_F_019220_002,zh,3.380,3.440,SPEAKER_00,毛
test,HC_F_019220_002,zh,4.160,4.220,SPEAKER_00,鸡
test,HC_F_019220_002,zh,5.120,5.420,SPEAKER_00,熊猫
test,HC_F_019220_002,zh,6.140,6.200,SPEAKER_00,嗯
test,HC_F_019220_002,zh,6.800,7.100,SPEAKER_00,鸭子
test,HC_F_019220_002,zh,7.820,7.880,SPEAKER_00,鹅
test,HC_F_019220_002,zh,8.900,9.200,SPEAKER_00,狮子
test,HC_F_019220_002,zh,9.980,10.220,SPEAKER_00,老虎
test,HC_F_019220_002,zh,11.120,11.360,SPEAKER_00,大象
test,HC_F_019220_002,zh,12.320,12.380,,嗯
test,HC_F_019220_002,zh,13.580,13.880,SPEAKER_00,孔雀
test,HC_F_019220_002,zh,15.020,15.080,,嗯
test,HC_F_019220_002,zh,15.680,15.920,SPEAKER_00,羚羊
test,HC_F_019220_002,zh,16.820,17.060,SPEAKER_00,骆驼
test,HC_F_019220_002,zh,18.260,18.320,SPEAKER_00,驴
test,HC_F_019220_002,zh,19.160,19.220,SPEAKER_00,马
test,HC_F_019220_002,zh,20.360,20.420,SPEAKER_00,牛
test,HC_F_019220_002,zh,21.800,21.860,,嗯
test,HC_F_019220_002,zh,25.490,27.530,SPEAKER_00,鹦鹉这小鸟也算是吧啊
test,HC_F_019220_002,zh,28.430,28.670,SPEAKER_00,猴子
test,HC_F_019220_002,zh,29.690,29.750,,嗯
test,HC_F_019220_002,zh,31.610,31.970,SPEAKER_00,兔子
test,HC_F_019220_002,zh,33.530,33.590,,嗯
test,HC_F_019220_002,zh,36.820,37.060,SPEAKER_00,老鼠
test,HC_F_019220_002,zh,38.740,38.800,SPEAKER_00,蛇
test,HC_F_019220_002,zh,40.780,40.840,,嗯
test,HC_F_019220_002,zh,41.980,42.040,SPEAKER_00,猪
test,HC_F_019220_002,zh,43.600,43.660,,嗯
test,HC_F_019220_002,zh,46.530,48.150,SPEAKER_00,义乌羊的都说话了是吧嗯
test,HC_F_019220_002,zh,49.950,50.010,,嗯
test,HC_F_019220_002,zh,50.790,50.970,,还有
test,HC_F_019220_002,zh,51.570,51.630,,嗯
test,HC_F_019220_002,zh,54.350,55.070,SPEAKER_00,在动嗯
test,HC_F_019224_001,zh,0.660,0.720,SPEAKER_01,卜
test,HC_F_019224_001,zh,1.320,1.620,SPEAKER_01,芹菜
test,HC_F_019224_001,zh,2.460,2.520,,嗯
test,HC_F_019224_001,zh,4.380,4.740,SPEAKER_01,生菜
test,HC_F_019224_001,zh,6.180,6.240,,嗯
test,HC_F_019224_001,zh,7.020,7.080,SPEAKER_01,菊
test,HC_F_019224_001,zh,7.920,10.080,SPEAKER_01,那个什么苦苦呃那个什么
test,HC_F_019224_001,zh,11.340,11.700,SPEAKER_01,那个叫
test,HC_F_019224_001,zh,13.080,13.560,SPEAKER_01,油焖菜
test,HC_F_019224_001,zh,14.340,14.400,SPEAKER_01,嗯
test,HC_F_019224_001,zh,16.140,16.440,SPEAKER_01,油菜
test,HC_F_019224_001,zh,17.760,18.000,SPEAKER_01,菠菜
test,HC_F_019224_001,zh,19.380,19.860,SPEAKER_01,菊花菜
test,HC_F_019224_001,zh,21.240,21.480,SPEAKER_01,爆菜
test,HC_F_019224_001,zh,22.380,22.680,SPEAKER_01,还有
test,HC_F_019224_001,zh,23.940,26.340,SPEAKER_01,那个苦苣这都是苦苣
test,HC_F_019224_001,zh,26.940,28.440,SPEAKER_01,对吧这都是苦苣
test,HC_F_019224_001,zh,30.900,32.280,SPEAKER_00,在一个厨房里面
test,HC_F_019224_001,zh,33.180,34.620,SPEAKER_00,妈妈在洗盘子
test,HC_F_019224_001,zh,35.760,39.360,SPEAKER_00,水龙头开的太大了水都流到地上来了
test,HC_F_019224_001,zh,40.920,42.240,SPEAKER_00,两个孩子一个女儿
test,HC_F_019224_001,zh,42.900,43.440,SPEAKER_00,一个儿子
test,HC_F_019224_001,zh,44.580,45.960,SPEAKER_00,女儿扶着儿子
test,HC_F_019224_001,zh,47.340,48.420,SPEAKER_00,登上高的凳子
test,HC_F_019224_001,zh,49.080,51.540,SPEAKER_00,上橱柜里面去拿饼干吃
test,HC_F_019224_001,zh,52.920,53.220,SPEAKER_00,结果
test,HC_F_019224_001,zh,54.060,57.060,SPEAKER_00,凳子没站稳儿子快要摔下来了
test,HC_F_019224_001,zh,58.620,59.340,SPEAKER_00,女儿在叫
test,HC_F_019224_002,zh,0.090,0.930,SPEAKER_00,你小心一点
test,HC_F_019224_002,zh,2.430,7.530,SPEAKER_00,妈妈这水都流到他的鞋子上面去了可是他在想什么事情呢
test,HC_F_019224_002,zh,8.790,9.690,SPEAKER_00,根本没有注意
test,HC_F_019224_002,zh,10.890,12.210,SPEAKER_00,水都流下来了
test,HC_F_019224_002,zh,13.830,15.090,SPEAKER_00,窗帘是打开的
test,HC_F_019224_002,zh,16.470,17.850,SPEAKER_00,窗外好像是冬天
test,HC_F_019224_002,zh,19.230,20.610,SPEAKER_00,外面的树没有叶子
test,HC_F_019224_002,zh,21.450,22.110,SPEAKER_00,白白的像
test,HC_F_019224_002,zh,22.830,23.310,SPEAKER_00,一层雪
test,HC_F_019224_002,zh,24.990,25.410,SPEAKER_00,一家人
test,HC_F_019224_002,zh,26.310,27.570,SPEAKER_00,看样是刚吃完饭
test,HC_F_019224_002,zh,29.010,29.430,SPEAKER_00,儿子和
test,HC_F_019224_002,zh,30.090,30.390,SPEAKER_00,女儿
test,HC_F_019224_002,zh,32.070,33.690,SPEAKER_00,好像没有吃饱饭吧
test,HC_F_019224_002,zh,34.350,35.550,SPEAKER_00,所以才去拿饼干
test,HC_F_019224_002,zh,37.110,38.670,SPEAKER_00,这边放的是两个小
test,HC_F_019224_002,zh,39.270,39.930,SPEAKER_00,小菜盘
test,HC_F_019224_002,zh,41.310,43.230,SPEAKER_00,妈妈手里拿的是一个盘子
test,HC_F_019224_002,zh,44.310,45.510,SPEAKER_00,在用水毛巾
test,HC_F_019224_002,zh,46.290,46.350,SPEAKER_00,擦
test,HC_F_019224_002,zh,47.970,48.210,SPEAKER_00,橱柜
test,HC_F_019224_002,zh,48.930,49.950,SPEAKER_00,都是关着的
test,HC_F_019224_002,zh,50.970,51.870,SPEAKER_00,厨房很干净
test,HC_F_019224_002,zh,53.310,53.970,SPEAKER_00,这是一个
test,HC_F_019224_002,zh,54.630,55.470,SPEAKER_00,漂亮的束服
test,HC_F_019224_002,zh,56.670,58.530,SPEAKER_00,妈妈很年轻很漂亮
test,HC_F_019224_003,zh,0.030,0.930,SPEAKER_00,穿的是连衣裙
test,HC_F_019224_003,zh,1.590,2.009,SPEAKER_00,高跟鞋
test,HC_F_019224_003,zh,3.810,6.330,SPEAKER_00,好像不是在家里面厨房的装束
test,HC_F_019224_003,zh,8.010,8.910,SPEAKER_00,因为妈妈是想
test,HC_F_019224_003,zh,9.690,11.730,SPEAKER_00,吃完饭要出去约会嘛
test,HC_F_019224_003,zh,12.630,14.190,SPEAKER_00,所以有点心不在焉了
test,HC_F_019224_003,zh,15.930,15.990,SPEAKER_00,狗
test,HC_F_019224_003,zh,17.010,18.030,SPEAKER_01,鸡毛狗鸭
test,HC_F_019224_003,zh,18.630,18.690,SPEAKER_01,鹅
test,HC_F_019224_003,zh,19.770,20.190,SPEAKER_01,猪牛
test,HC_F_019224_003,zh,21.270,21.330,SPEAKER_01,羊
test,HC_F_019224_003,zh,22.650,23.550,SPEAKER_01,老虎狮子
test,HC_F_019224_003,zh,24.270,24.330,SPEAKER_01,嗯
test,HC_F_019224_003,zh,25.410,25.650,SPEAKER_01,大象
test,HC_F_019224_003,zh,26.670,26.730,,嗯
test,HC_F_019224_003,zh,29.510,29.570,SPEAKER_01,鱼
test,HC_F_019224_003,zh,31.970,32.030,,嗯
test,HC_F_019224_003,zh,35.230,35.290,SPEAKER_01,鱼
test,HC_F_019224_003,zh,35.950,36.190,SPEAKER_01,还有
test,HC_F_019224_003,zh,37.570,38.230,SPEAKER_01,还有什么
test,HC_F_019224_003,zh,41.290,41.950,SPEAKER_01,骆驼
test,HC_F_019224_003,zh,41.950,42.010,,嗯
test,HC_F_019224_003,zh,43.090,43.930,SPEAKER_01,嗯狮子
test,HC_F_019224_003,zh,44.650,44.710,,嗯
test,HC_F_019224_003,zh,46.150,46.210,,嗯
test,HC_F_019224_003,zh,49.180,50.020,SPEAKER_01,骆驼狮子
test,HC_F_019224_003,zh,53.080,53.920,,没就没
test,HC_F_019224_003,zh,54.940,55.960,SPEAKER_01,再想想还有时间
test,HC_F_019224_003,zh,58.170,58.230,,嗯
test,HC_F_019225_001,zh,0.090,1.170,SPEAKER_01,老虎狮子狗
test,HC_F_019225_001,zh,1.770,3.570,SPEAKER_01,毛驴牛马羊
test,HC_F_019225_001,zh,4.590,4.650,,嗯
test,HC_F_019225_001,zh,5.790,6.090,SPEAKER_01,骆驼
test,HC_F_019225_001,zh,7.170,7.470,SPEAKER_01,大象
test,HC_F_019225_001,zh,8.970,9.330,SPEAKER_01,小鸟
test,HC_F_019225_001,zh,10.170,10.410,SPEAKER_01,喜鹊
test,HC_F_019225_001,zh,11.250,11.490,SPEAKER_01,鸽子
test,HC_F_019225_001,zh,12.210,12.270,,嗯
test,HC_F_019225_001,zh,13.470,13.770,SPEAKER_01,刺猬
test,HC_F_019225_001,zh,15.210,15.450,SPEAKER_01,狐狸
test,HC_F_019225_001,zh,18.360,19.080,SPEAKER_01,狐狸青蛙
test,HC_F_019225_001,zh,20.580,20.940,SPEAKER_01,小鱼
test,HC_F_019225_001,zh,22.020,22.080,,虾
test,HC_F_019225_001,zh,23.880,24.120,SPEAKER_01,海豚
test,HC_F_019225_001,zh,25.200,25.440,SPEAKER_01,野猪
test,HC_F_019225_001,zh,26.940,27.000,SPEAKER_01,蛇
test,HC_F_019225_001,zh,29.220,29.880,SPEAKER_01,还有什么呀
test,HC_F_019225_001,zh,32.470,32.650,SPEAKER_00,一度
test,HC_F_019225_001,zh,35.390,36.050,SPEAKER_00,哎想
test,HC_F_019225_001,zh,36.050,36.590,SPEAKER_01,不起来了
test,HC_F_019225_001,zh,37.310,38.210,SPEAKER_01,啊还有一会
test,HC_F_019225_001,zh,38.870,40.370,SPEAKER_01,老虎说过了老虎
test,HC_F_019225_001,zh,41.390,41.450,,哦
test,HC_F_019225_001,zh,42.230,42.290,SPEAKER_01,猪
test,HC_F_019225_001,zh,43.310,43.790,SPEAKER_01,说了吗
test,HC_F_019225_001,zh,44.690,44.750,SPEAKER_01,猪
test,HC_F_019225_001,zh,45.830,46.310,SPEAKER_01,公交车
test,HC_F_019225_001,zh,47.870,48.350,,大
test,HC_F_019225_001,zh,48.350,48.890,SPEAKER_01,大客车
test,HC_F_019225_001,zh,49.850,49.910,,哦
test,HC_F_019225_001,zh,50.510,51.050,SPEAKER_01,那个什么
test,HC_F_019225_001,zh,52.190,53.330,SPEAKER_01,拖拉机手扶车
test,HC_F_019225_001,zh,54.110,55.490,SPEAKER_01,自行车摩托车
test,HC_F_019225_001,zh,57.470,58.010,SPEAKER_01,自行车
test,HC_F_019225_001,zh,59.510,59.750,SPEAKER_01,儿童
test,HC_F_019225_002,zh,0.150,0.390,SPEAKER_00,推车
test,HC_F_019225_002,zh,1.830,1.890,,嗯
test,HC_F_019225_002,zh,4.170,4.410,SPEAKER_00,工具
test,HC_F_019225_002,zh,5.970,6.390,SPEAKER_00,拖拉机
test,HC_F_019225_002,zh,8.070,8.490,SPEAKER_00,拖粒机
test,HC_F_019225_002,zh,12.080,12.380,SPEAKER_00,这个
test,HC_F_019225_002,zh,13.939,14.660,SPEAKER_00,拖拖把
test,HC_F_019225_002,zh,16.520,17.000,SPEAKER_00,水桶
test,HC_F_019225_002,zh,18.020,18.080,,调
test,HC_F_019225_002,zh,18.620,18.680,SPEAKER_00,嗯
test,HC_F_019225_002,zh,19.220,19.520,SPEAKER_00,调帚
test,HC_F_019225_002,zh,22.930,22.990,SPEAKER_00,锅
test,HC_F_019225_002,zh,24.910,25.510,SPEAKER_00,勺子菜
test,HC_F_019225_002,zh,31.450,31.750,SPEAKER_00,工具
test,HC_F_019225_002,zh,32.410,33.010,SPEAKER_00,还有什么
test,HC_F_019225_002,zh,34.030,34.390,SPEAKER_00,天先
test,HC_F_019225_002,zh,36.190,36.490,SPEAKER_00,扫帚
test,HC_F_019225_002,zh,37.210,37.750,SPEAKER_00,大扫帚
test,HC_F_019242_001,zh,0.580,2.020,SPEAKER_00,苏州青上海青嗯
test,HC_F_019242_001,zh,2.620,3.580,SPEAKER_00,油麦菜嗯
test,HC_F_019242_001,zh,4.660,6.160,SPEAKER_00,菠菜白菜嗯
test,HC_F_019242_001,zh,6.700,7.180,SPEAKER_00,胡萝卜
test,HC_F_019242_001,zh,7.720,8.800,SPEAKER_00,西红柿黄瓜
test,HC_F_019242_001,zh,9.460,9.520,SPEAKER_00,嗯
test,HC_F_019242_001,zh,11.260,11.560,SPEAKER_00,秋葵
test,HC_F_019242_001,zh,12.520,12.760,SPEAKER_00,毛豆
test,HC_F_019242_001,zh,13.300,13.360,,嗯
test,HC_F_019242_001,zh,14.620,16.780,SPEAKER_00,丝瓜黄瓜南瓜冬瓜
test,HC_F_019242_001,zh,17.500,17.560,,嗯
test,HC_F_019242_001,zh,19.180,19.240,,嗯
test,HC_F_019242_001,zh,20.500,21.400,SPEAKER_00,洋葱土豆
test,HC_F_019242_001,zh,22.000,22.060,,嗯
test,HC_F_019242_001,zh,23.020,23.320,SPEAKER_00,大葱
test,HC_F_019242_001,zh,24.100,24.160,,嗯
test,HC_F_019242_001,zh,26.260,26.500,SPEAKER_00,韭菜
test,HC_F_019242_001,zh,29.420,29.480,,嗯
test,HC_F_019242_001,zh,32.160,32.520,SPEAKER_00,茄子
test,HC_F_019242_001,zh,35.420,35.480,SPEAKER_00,嗯
test,HC_F_019242_001,zh,36.860,36.920,,嗯
test,HC_F_019242_001,zh,38.000,39.320,SPEAKER_00,嗯就什么山药
test,HC_F_019242_001,zh,40.100,40.160,,嗯
test,HC_F_019242_001,zh,42.980,43.280,SPEAKER_00,蘑菇
test,HC_F_019242_001,zh,46.830,46.890,SPEAKER_00,嗯
test,HC_F_019242_001,zh,56.160,56.400,SPEAKER_00,豆芽
test,HC_F_019242_001,zh,57.540,57.600,,嗯
test,HC_F_019242_001,zh,58.440,58.680,SPEAKER_00,豆腐
test,HC_F_019242_001,zh,59.520,59.760,SPEAKER_00,铲子
test,HC_F_019242_002,zh,0.030,0.090,SPEAKER_00,呃
test,HC_F_019242_002,zh,0.630,0.990,SPEAKER_00,叉子
test,HC_F_019242_002,zh,1.530,1.890,SPEAKER_00,勺子
test,HC_F_019242_002,zh,2.430,2.490,SPEAKER_00,呃
test,HC_F_019242_002,zh,3.210,3.510,SPEAKER_00,漏勺
test,HC_F_019242_002,zh,4.050,4.110,SPEAKER_00,呃
test,HC_F_019242_002,zh,5.010,6.150,SPEAKER_00,那个是候嗯
test,HC_F_019242_002,zh,6.690,7.050,SPEAKER_00,铁先
test,HC_F_019242_002,zh,7.650,7.890,SPEAKER_00,高头
test,HC_F_019242_002,zh,8.430,8.490,,呃
test,HC_F_019242_002,zh,9.930,10.650,SPEAKER_00,那个
test,HC_F_019242_002,zh,10.650,10.710,,呃
test,HC_F_019242_002,zh,11.250,11.310,SPEAKER_00,叫
test,HC_F_019242_002,zh,11.910,12.210,SPEAKER_00,锄头
test,HC_F_019242_002,zh,12.810,12.870,,嗯
test,HC_F_019242_002,zh,15.610,15.640,,嗯
test,HC_F_019242_002,zh,17.020,18.880,SPEAKER_00,工具是吧字典词典
test,HC_F_019242_002,zh,19.600,19.660,,嗯
test,HC_F_019242_002,zh,23.130,23.190,,嗯
test,HC_F_019242_002,zh,26.690,27.590,SPEAKER_00,交通工具算吧
test,HC_F_019242_002,zh,28.130,29.870,SPEAKER_00,汽车火车飞机
test,HC_F_019242_002,zh,30.470,30.530,SPEAKER_00,嗯
test,HC_F_019242_002,zh,31.250,32.870,SPEAKER_00,高铁自行车呃
test,HC_F_019242_002,zh,34.070,34.550,SPEAKER_00,三轮车
test,HC_F_019242_002,zh,35.090,35.150,,呃
test,HC_F_019242_002,zh,36.470,36.890,SPEAKER_00,嗯嗯
test,HC_F_019242_002,zh,38.740,38.800,,嗯
test,HC_F_019242_002,zh,39.760,40.240,SPEAKER_00,电动车
test,HC_F_019242_002,zh,40.960,41.020,,呃
test,HC_F_019242_002,zh,41.740,42.160,SPEAKER_00,摩托车
test,HC_F_019242_002,zh,43.240,43.300,,嗯
test,HC_F_019242_002,zh,44.080,44.320,SPEAKER_00,轮船
test,HC_F_019242_002,zh,45.100,45.160,,嗯
test,HC_F_019242_002,zh,45.880,46.120,SPEAKER_00,快艇
test,HC_F_019242_002,zh,46.899,46.960,,嗯
test,HC_F_019242_002,zh,48.100,48.340,SPEAKER_00,游艇
test,HC_F_019242_002,zh,53.770,54.130,SPEAKER_00,迪牙
test,HC_F_019242_002,zh,54.790,54.850,SPEAKER_00,狗
test,HC_F_019242_002,zh,55.510,55.990,SPEAKER_00,猫鼠
test,HC_F_019242_002,zh,57.250,57.310,,嗯
test,HC_F_019242_002,zh,58.570,58.630,SPEAKER_00,猪
test,HC_F_019242_002,zh,59.170,59.590,SPEAKER_00,马牛
test,HC_F_019242_003,zh,0.330,0.390,SPEAKER_00,羊
test,HC_F_019242_003,zh,1.290,1.350,,嗯
test,HC_F_019242_003,zh,3.390,4.410,SPEAKER_00,老虎狮子
test,HC_F_019242_003,zh,4.950,5.010,SPEAKER_00,豹
test,HC_F_019242_003,zh,5.610,5.850,SPEAKER_00,海豚
test,HC_F_019242_003,zh,6.930,7.110,SPEAKER_00,大象
test,HC_F_019242_003,zh,8.070,8.130,SPEAKER_00,嗯
test,HC_F_019242_003,zh,8.850,9.270,SPEAKER_00,长颈鹿
test,HC_F_019242_003,zh,9.870,10.890,SPEAKER_00,梅花鹿
test,HC_F_019242_003,zh,10.890,10.950,,嗯
test,HC_F_019242_003,zh,12.150,12.390,SPEAKER_00,麻雀
test,HC_F_019242_003,zh,13.170,13.410,SPEAKER_00,老鹰
test,HC_F_019242_003,zh,14.070,14.490,SPEAKER_00,花喜鹊
test,HC_F_019242_003,zh,15.270,15.510,SPEAKER_00,蝴蝶
test,HC_F_019242_003,zh,16.710,16.950,SPEAKER_00,蜻蜓
test,HC_F_019242_003,zh,18.030,18.330,SPEAKER_00,蝌蚪
test,HC_F_019242_003,zh,19.170,19.230,,嗯
test,HC_F_019242_003,zh,20.850,20.910,SPEAKER_00,鱼
test,HC_F_019242_003,zh,21.690,21.750,SPEAKER_00,鸟
test,HC_F_019242_003,zh,27.520,27.790,SPEAKER_00,嗯嗯
test,HC_F_019242_003,zh,30.480,30.780,SPEAKER_00,企鹅
test,HC_F_019242_003,zh,31.380,31.440,SPEAKER_00,嗯
test,HC_F_019242_003,zh,32.640,32.880,SPEAKER_00,袋鼠
test,HC_F_019242_003,zh,34.200,34.260,,嗯
test,HC_F_019242_003,zh,36.600,36.900,SPEAKER_00,松鼠
test,HC_F_019242_003,zh,40.800,41.160,SPEAKER_00,金鱼
test,HC_F_019242_003,zh,43.710,43.950,SPEAKER_00,老鹰
test,HC_F_019242_003,zh,45.389,45.870,SPEAKER_00,猫头鹰
test,HC_F_019242_003,zh,47.070,47.550,SPEAKER_00,黄鼠狼
test,HC_F_019242_003,zh,50.710,50.770,SPEAKER_00,嗯
test,HC_F_019242_003,zh,51.370,53.650,SPEAKER_00,双人床单人床高低床嗯
test,HC_F_019242_003,zh,54.310,55.270,SPEAKER_00,婴儿床嗯
test,HC_F_019242_003,zh,56.050,58.210,SPEAKER_00,大战柜五斗橱床头柜
test,HC_F_019242_003,zh,58.810,58.870,,呃
test,HC_F_019242_003,zh,59.470,59.770,SPEAKER_00,写字
test,HC_F_019242_004,zh,0.150,0.810,SPEAKER_00,台书桌
test,HC_F_019242_004,zh,1.410,1.470,SPEAKER_00,嗯
test,HC_F_019242_004,zh,2.130,2.430,SPEAKER_00,茶几
test,HC_F_019242_004,zh,3.210,3.270,SPEAKER_00,嗯
test,HC_F_019242_004,zh,4.230,4.530,SPEAKER_00,沙发
test,HC_F_019242_004,zh,5.310,5.370,,嗯
test,HC_F_019242_004,zh,6.630,7.050,SPEAKER_00,储藏柜
test,HC_F_019242_004,zh,8.130,8.430,SPEAKER_00,鞋柜
test,HC_F_019242_004,zh,9.150,9.210,,嗯
test,HC_F_019242_004,zh,10.710,11.010,SPEAKER_00,椅子
test,HC_F_019242_004,zh,11.790,11.850,,嗯
test,HC_F_019242_004,zh,13.410,13.470,SPEAKER_00,嗯
test,HC_F_019242_004,zh,14.850,15.090,SPEAKER_00,方凳
test,HC_F_019242_004,zh,16.290,16.770,SPEAKER_00,小板凳
test,HC_F_019242_004,zh,20.470,20.830,SPEAKER_00,吊厨
test,HC_F_019242_004,zh,22.210,22.270,,嗯
test,HC_F_019242_004,zh,24.010,24.310,SPEAKER_00,疏厨
test,HC_F_019242_004,zh,25.450,25.750,SPEAKER_00,碗厨
test,HC_F_019242_004,zh,30.990,31.410,SPEAKER_00,高低柜
test,HC_F_019242_004,zh,40.310,40.550,SPEAKER_00,衣橱
test,HC_F_019242_004,zh,41.210,41.630,SPEAKER_00,刷不了
test,HC_F_019242_004,zh,47.440,47.920,SPEAKER_00,鸡鸭
test,HC_F_019242_004,zh,48.879,48.940,SPEAKER_00,鹅
test,HC_F_019242_004,zh,49.660,50.140,SPEAKER_00,狗猫
test,HC_F_019242_004,zh,51.100,51.160,,嗯
test,HC_F_019242_004,zh,52.780,52.840,SPEAKER_00,鸟
test,HC_F_019242_004,zh,54.280,54.340,,嗯
test,HC_F_019242_004,zh,56.140,56.920,SPEAKER_00,麻雀喜鹊
test,HC_F_019242_004,zh,57.580,57.640,,嗯
test,HC_F_019242_004,zh,59.260,59.500,SPEAKER_00,乌鸦
test,HC_F_019242_005,zh,0.270,0.510,SPEAKER_00,大雁
test,HC_F_019242_005,zh,1.710,2.009,SPEAKER_00,天鹅
test,HC_F_019242_005,zh,3.390,3.630,SPEAKER_00,海鸥
test,HC_F_019242_005,zh,4.890,4.950,,嗯
test,HC_F_019242_005,zh,7.170,7.650,SPEAKER_00,猫头鹰
test,HC_F_019242_005,zh,8.490,8.730,SPEAKER_00,老鹰
test,HC_F_019242_005,zh,9.810,9.870,,嗯
test,HC_F_019242_005,zh,11.850,12.990,SPEAKER_00,猪马牛羊
test,HC_F_019242_005,zh,13.890,13.950,,嗯
test,HC_F_019242_005,zh,15.210,15.450,SPEAKER_00,骡子
test,HC_F_019242_005,zh,16.110,16.170,,嗯
test,HC_F_019242_005,zh,17.250,17.490,SPEAKER_00,大象
test,HC_F_019242_005,zh,18.390,18.630,SPEAKER_00,斑马
test,HC_F_019242_005,zh,19.530,19.590,,嗯
test,HC_F_019242_005,zh,22.610,23.630,SPEAKER_00,嗯狮子啊
test,HC_F_019242_005,zh,24.830,25.070,SPEAKER_00,老虎
test,HC_F_019242_005,zh,26.210,26.270,,嗯
test,HC_F_019242_005,zh,30.170,30.230,SPEAKER_00,蛇
test,HC_F_019242_005,zh,31.250,31.310,SPEAKER_00,蟒
test,HC_F_019242_005,zh,32.450,32.510,,嗯
test,HC_F_019242_005,zh,34.970,35.270,SPEAKER_00,泥鳅
test,HC_F_019242_005,zh,36.290,36.710,SPEAKER_00,鱼虾
test,HC_F_019242_005,zh,37.790,37.850,,嗯
test,HC_F_019242_005,zh,43.400,43.460,SPEAKER_00,嗯
test,HC_F_019246_001,zh,0.740,0.800,SPEAKER_00,狗
test,HC_F_019246_001,zh,1.640,1.700,SPEAKER_00,猫
test,HC_F_019246_001,zh,2.420,2.480,SPEAKER_00,羊
test,HC_F_019246_001,zh,3.380,3.440,SPEAKER_00,猪
test,HC_F_019246_001,zh,4.160,4.220,SPEAKER_00,牛
test,HC_F_019246_001,zh,5.300,5.600,SPEAKER_00,蚂蚱
test,HC_F_019246_001,zh,6.140,6.200,,呃
test,HC_F_019246_001,zh,6.800,6.980,SPEAKER_00,蚊子
test,HC_F_019246_001,zh,7.580,7.820,SPEAKER_00,长年
test,HC_F_019246_001,zh,8.480,8.780,SPEAKER_00,这个
test,HC_F_019246_001,zh,9.320,9.680,SPEAKER_00,跳蚤
test,HC_F_019246_001,zh,10.640,11.600,SPEAKER_00,狮只老虎
test,HC_F_019246_001,zh,12.260,12.320,,呃
test,HC_F_019246_001,zh,14.180,14.420,SPEAKER_00,犀牛
test,HC_F_019246_001,zh,15.380,15.440,,呃
test,HC_F_019246_001,zh,16.520,16.760,SPEAKER_00,骆驼
test,HC_F_019246_001,zh,17.840,17.900,,呃
test,HC_F_019246_001,zh,19.400,19.700,SPEAKER_00,狮子
test,HC_F_019246_001,zh,20.780,22.100,SPEAKER_00,蚊子哦蚊子说过了
test,HC_F_019246_001,zh,22.640,22.700,,嗯
test,HC_F_019246_001,zh,25.400,26.840,SPEAKER_00,跳蚤这个老鼠
test,HC_F_019246_001,zh,30.740,31.460,SPEAKER_00,还有呃
test,HC_F_019246_001,zh,33.620,34.580,SPEAKER_00,主牛羊麻
test,HC_F_019246_001,zh,35.180,35.360,SPEAKER_00,这个
test,HC_F_019246_001,zh,37.700,38.060,SPEAKER_00,还呀是
test,HC_F_019246_001,zh,41.680,41.740,SPEAKER_00,老
test,HC_F_019246_001,zh,42.580,44.980,SPEAKER_00,这个老鳖这龟乌龟是吧
test,HC_F_019246_001,zh,45.880,45.940,SPEAKER_00,鱼
test,HC_F_019246_001,zh,47.320,47.380,SPEAKER_00,虾
test,HC_F_019246_001,zh,48.640,48.700,SPEAKER_00,鸡
test,HC_F_019246_001,zh,50.320,50.380,,嗯
test,HC_F_019246_001,zh,52.480,52.540,SPEAKER_00,下
test,HC_F_019246_001,zh,53.860,54.460,SPEAKER_00,切菜的刀
test,HC_F_019246_001,zh,55.000,55.060,SPEAKER_00,呃
test,HC_F_019246_001,zh,56.020,57.160,SPEAKER_00,出子两女负担
test,HC_F_019246_001,zh,58.060,59.080,SPEAKER_00,然后就自行车
test,HC_F_019246_001,zh,59.620,59.680,SPEAKER_00,去
test,HC_F_019246_002,zh,0.150,0.210,SPEAKER_00,车
test,HC_F_019246_002,zh,1.170,1.410,SPEAKER_00,马车
test,HC_F_019246_002,zh,2.550,2.790,SPEAKER_00,火车
test,HC_F_019246_002,zh,4.110,4.410,SPEAKER_00,飞机
test,HC_F_019246_002,zh,5.310,5.370,,呃
test,HC_F_019246_002,zh,7.650,7.890,SPEAKER_00,这个
test,HC_F_019246_002,zh,8.610,8.850,SPEAKER_00,工具
test,HC_F_019246_002,zh,9.870,10.110,SPEAKER_00,还有
test,HC_F_019246_002,zh,10.650,10.830,SPEAKER_00,前道
test,HC_F_019246_002,zh,13.820,14.420,SPEAKER_00,嗯嗯
test,HC_F_019246_002,zh,17.480,18.680,SPEAKER_00,梁具啊一定是啊
test,HC_F_019246_002,zh,19.219,20.060,SPEAKER_00,这只工具
test,HC_F_019246_002,zh,20.900,20.960,,是
test,HC_F_019246_002,zh,21.500,21.740,SPEAKER_00,豹子
test,HC_F_019246_002,zh,23.600,23.900,SPEAKER_00,虎头
test,HC_F_019246_002,zh,25.160,25.220,SPEAKER_00,嗯
test,HC_F_019246_002,zh,27.320,27.500,SPEAKER_00,这个
test,HC_F_019246_002,zh,28.520,30.980,SPEAKER_00,农具啦顶耙这些都可以算吧呃
test,HC_F_019246_002,zh,31.820,32.060,SPEAKER_00,顶耙
test,HC_F_019246_002,zh,32.720,32.960,SPEAKER_00,锄头
test,HC_F_019246_002,zh,33.620,33.680,SPEAKER_00,敲
test,HC_F_019246_002,zh,35.060,35.120,,嗯
test,HC_F_019246_002,zh,37.860,37.920,SPEAKER_00,那
test,HC_F_019246_002,zh,42.240,42.480,SPEAKER_00,农区
test,HC_F_030126_001,zh,0.450,1.290,SPEAKER_00,他在拿饼干
test,HC_F_030126_001,zh,2.130,3.090,SPEAKER_00,拿给下面的
test,HC_F_030126_001,zh,3.630,4.110,SPEAKER_00,女的吃
test,HC_F_030126_001,zh,4.650,7.770,SPEAKER_00,这个凳子啊要摔倒来的这个表现
test,HC_F_030126_001,zh,8.490,8.550,,嗯
test,HC_F_030126_001,zh,9.510,9.990,SPEAKER_00,这个呢
test,HC_F_030126_001,zh,10.590,10.950,SPEAKER_00,他在
test,HC_F_030126_001,zh,11.790,12.390,SPEAKER_00,站在窗口
test,HC_F_030126_001,zh,13.470,15.210,SPEAKER_00,拿了个镜子在照在这
test,HC_F_030126_001,zh,16.350,20.130,SPEAKER_00,这个注意力没集中那个自来水老是留下来了他在
test,HC_F_030126_001,zh,20.970,22.770,SPEAKER_00,发呆还是在思想不集中
test,HC_F_030126_001,zh,23.310,24.150,SPEAKER_00,他考虑问题
test,HC_F_030126_001,zh,24.750,26.970,SPEAKER_00,嘿就就这个道理那他也怕摔觉
test,HC_F_030126_001,zh,27.510,28.950,SPEAKER_00,他在拿饼干给他没有
test,HC_F_030126_001,zh,29.490,30.210,SPEAKER_00,就那么简单
test,HC_F_040612_001,zh,0.090,0.750,SPEAKER_00,丁胖南
test,HC_F_040612_001,zh,1.830,4.170,SPEAKER_00,这也区大家营镇小文庄村
test,HC_F_040612_001,zh,5.310,7.050,SPEAKER_00,你那找啊用找不用找
test,HC_F_040612_001,zh,7.650,8.490,SPEAKER_00,现在就开始说
test,HC_F_040612_001,zh,9.150,10.230,SPEAKER_00,猪猫狗羊
test,HC_F_040612_001,zh,10.770,10.830,SPEAKER_00,兔
test,HC_F_040612_001,zh,11.370,11.610,SPEAKER_00,牛羊
test,HC_F_040612_001,zh,13.590,14.010,SPEAKER_00,马狗
test,HC_F_040612_001,zh,14.550,14.610,SPEAKER_00,鸡
test,HC_F_040612_001,zh,15.450,15.930,SPEAKER_00,鸭鹅
test,HC_F_040612_001,zh,17.550,17.790,SPEAKER_00,鸽子
test,HC_F_040612_001,zh,18.390,19.830,SPEAKER_00,我想不起来什么呀
test,HC_F_040612_001,zh,21.030,21.630,SPEAKER_00,动物园里
test,HC_F_040612_001,zh,22.830,24.030,SPEAKER_00,动物园里有熊
test,HC_F_040612_001,zh,25.230,25.290,SPEAKER_00,猴
test,HC_F_040612_001,zh,30.460,32.440,SPEAKER_00,黄瓜信用证贴了收着啊
test,HC_F_040612_001,zh,34.700,35.120,SPEAKER_00,提不录
test,HC_F_040612_001,zh,38.410,38.650,SPEAKER_00,白菜
test,HC_F_040612_001,zh,40.690,40.750,SPEAKER_00,等
test,HC_F_040612_001,zh,46.240,47.380,SPEAKER_00,听望是挺错的
test,HC_F_040612_001,zh,51.920,53.420,SPEAKER_00,以前说过就不用说汤
test,HC_F_040612_001,zh,55.040,56.120,SPEAKER_00,你也得说出来不行
test,HC_F_040612_001,zh,57.440,57.500,SPEAKER_00,黄
test,HC_F_040612_001,zh,58.220,58.520,SPEAKER_00,蝈蝈
test,HC_F_040612_001,zh,59.480,59.720,SPEAKER_00,葫芦
test,HC_F_062619_001,zh,0.760,0.820,,嗯
test,HC_F_062619_001,zh,1.840,2.320,SPEAKER_00,猫腹
test,HC_F_062619_001,zh,2.920,2.980,SPEAKER_00,狗
test,HC_F_062619_001,zh,4.360,4.840,SPEAKER_00,鸡鸭
test,HC_F_062619_001,zh,5.980,6.040,SPEAKER_00,鱼
test,HC_F_062619_001,zh,6.820,6.880,SPEAKER_00,嗯
test,HC_F_062619_001,zh,7.600,7.660,SPEAKER_00,鹅
test,HC_F_062619_001,zh,8.920,9.160,SPEAKER_00,猴子
test,HC_F_062619_001,zh,10.000,10.060,SPEAKER_00,马
test,HC_F_062619_001,zh,10.600,10.900,SPEAKER_00,牛羊
test,HC_F_062619_001,zh,11.680,11.740,SPEAKER_00,嗯
test,HC_F_062619_001,zh,13.660,13.900,SPEAKER_00,骆驼
test,HC_F_062619_001,zh,14.560,14.620,SPEAKER_00,嗯
test,HC_F_062619_001,zh,15.340,15.760,SPEAKER_00,北极熊
test,HC_F_062619_001,zh,16.660,16.720,SPEAKER_00,嗯
test,HC_F_062619_001,zh,18.040,18.220,SPEAKER_00,企鹅
test,HC_F_062619_001,zh,19.060,19.120,SPEAKER_00,嗯
test,HC_F_062619_001,zh,19.960,20.260,SPEAKER_00,天鹅
test,HC_F_062619_001,zh,21.100,21.160,SPEAKER_00,嗯
test,HC_F_062619_001,zh,25.030,25.090,SPEAKER_00,嗯
test,HC_F_062619_001,zh,26.530,26.590,SPEAKER_00,嗯
test,HC_F_062619_001,zh,28.390,28.630,SPEAKER_00,蜗牛
test,HC_F_062619_001,zh,32.010,33.210,SPEAKER_00,娘都说了吧你
test,HC_F_062619_001,zh,33.750,33.810,SPEAKER_00,嗯
test,HC_F_062619_001,zh,34.770,34.830,SPEAKER_00,嗯
test,HC_F_062619_001,zh,40.770,40.830,SPEAKER_00,于
test,HC_F_062619_001,zh,41.670,42.270,SPEAKER_00,于金鱼
test,HC_F_062619_001,zh,43.170,43.230,SPEAKER_00,嗯
test,HC_F_062619_001,zh,46.540,46.780,SPEAKER_00,狗熊
test,HC_F_062619_001,zh,47.740,47.800,SPEAKER_00,蛇
test,HC_F_062619_001,zh,50.290,51.610,SPEAKER_00,孔雀说过没有
test,HC_F_062619_001,zh,52.150,52.330,SPEAKER_00,鸵鸟
test,HC_F_062619_001,zh,53.530,53.590,,嗯
test,HC_F_062619_001,zh,55.330,56.110,SPEAKER_00,白菜萝卜
test,HC_F_062619_001,zh,57.190,57.490,SPEAKER_00,土豆
test,HC_F_062619_001,zh,58.210,58.270,SPEAKER_00,嗯
test,HC_F_062619_001,zh,58.810,59.170,SPEAKER_00,胡萝卜
test,HC_F_062619_002,zh,0.030,0.090,SPEAKER_00,嗯
test,HC_F_062619_002,zh,0.930,0.990,SPEAKER_00,嗯
test,HC_F_062619_002,zh,1.530,2.370,SPEAKER_00,青菜嗯
test,HC_F_062619_002,zh,4.050,4.650,SPEAKER_00,谢丽红
test,HC_F_062619_002,zh,5.370,5.430,SPEAKER_00,嗯
test,HC_F_062619_002,zh,6.990,7.050,SPEAKER_00,嗯
test,HC_F_062619_002,zh,8.910,8.970,SPEAKER_00,嗯
test,HC_F_062619_002,zh,9.630,9.870,SPEAKER_00,冬瓜
test,HC_F_062619_002,zh,10.470,13.290,SPEAKER_00,西瓜啊不是西瓜不是蔬菜嗯
test,HC_F_062619_002,zh,18.290,19.010,SPEAKER_00,嗯香村
test,HC_F_062619_002,zh,22.390,22.810,SPEAKER_00,西红柿
test,HC_F_062619_002,zh,24.010,24.070,,嗯
test,HC_F_062619_002,zh,26.110,26.590,SPEAKER_00,柿子椒
test,HC_F_062619_002,zh,27.550,27.850,SPEAKER_00,辣椒
test,HC_F_062619_002,zh,31.060,31.090,,嗯
test,HC_F_062619_002,zh,32.710,33.190,SPEAKER_00,王玉米
test,HC_F_062619_002,zh,35.360,35.780,SPEAKER_00,看下是
test,HC_F_062619_002,zh,44.000,44.480,SPEAKER_00,茄着说
test,HC_F_062619_002,zh,46.870,47.890,SPEAKER_00,白菜圆白菜
test,HC_F_062619_002,zh,48.910,49.210,SPEAKER_00,香肠
test,HC_F_062619_002,zh,51.950,53.150,SPEAKER_00,桌子椅子沙发
test,HC_F_062619_002,zh,53.870,53.930,SPEAKER_00,嗯
test,HC_F_062619_002,zh,55.370,55.430,SPEAKER_00,床
test,HC_F_062619_002,zh,56.330,56.390,SPEAKER_00,嗯
test,HC_F_062619_002,zh,57.590,57.830,SPEAKER_00,椅子
test,HC_F_062619_002,zh,58.790,58.850,,嗯
test,HC_F_062619_003,zh,0.930,1.350,SPEAKER_00,大衣柜
test,HC_F_062619_003,zh,2.490,2.550,,嗯
test,HC_F_062619_003,zh,4.110,4.530,SPEAKER_00,大衣柜
test,HC_F_062619_003,zh,5.430,5.490,SPEAKER_00,嗯
test,HC_F_062619_003,zh,6.090,6.990,SPEAKER_00,桌桌子
test,HC_F_062619_003,zh,8.430,8.490,,嗯
test,HC_F_062619_003,zh,9.810,10.110,SPEAKER_00,家具
test,HC_F_062619_003,zh,14.410,14.650,SPEAKER_00,书架
test,HC_F_062619_003,zh,17.220,17.700,SPEAKER_00,写字台
test,HC_F_062619_003,zh,19.800,20.220,SPEAKER_00,和耳机
test,HC_F_062619_003,zh,20.940,21.540,SPEAKER_00,不是家具
test,HC_F_062619_003,zh,26.310,27.810,SPEAKER_00,家姐中的人出自一
test,HC_F_062619_003,zh,31.060,31.420,SPEAKER_00,到了
test,HC_F_062619_003,zh,33.490,33.850,SPEAKER_00,完了吗
test,HC_F_081208_001,zh,0.030,0.090,SPEAKER_00,哦
test,HC_F_081208_001,zh,0.690,3.990,SPEAKER_00,嗯嗯应该左边这个图图案是
test,HC_F_081208_001,zh,5.730,6.090,SPEAKER_00,儿子
test,HC_F_081208_001,zh,6.870,7.950,SPEAKER_00,爬在呃哦
test,HC_F_081208_001,zh,8.550,9.390,SPEAKER_00,饼干放在
test,HC_F_081208_001,zh,9.930,10.410,SPEAKER_00,柜子上
test,HC_F_081208_001,zh,10.950,11.790,SPEAKER_00,儿子不够高
test,HC_F_081208_001,zh,12.390,15.930,SPEAKER_00,拿凳子垫起来拿饼干给妈妈吃
test,HC_F_081208_001,zh,17.850,17.910,SPEAKER_00,坐
test,HC_F_081208_001,zh,19.290,21.870,SPEAKER_00,这里呢是妈妈在洗碗
test,HC_F_081208_001,zh,22.830,25.110,SPEAKER_00,注意不洗中没看着水槽
test,HC_F_081208_001,zh,25.770,28.290,SPEAKER_00,水水槽里的水都溢出来了
test,HC_F_081208_001,zh,28.830,29.730,SPEAKER_00,好了还有啊
test,HC_F_081208_001,zh,31.290,33.690,SPEAKER_00,还有什么啦他在擦盘子嘛
test,HC_F_081208_001,zh,34.350,36.690,SPEAKER_00,我不应该洗洗洗哦地上
test,HC_F_081208_001,zh,37.350,39.210,SPEAKER_00,水地上都流满了
test,HC_F_081208_001,zh,39.210,39.270,,嗯
test,HC_F_121225_001,zh,0.150,0.210,SPEAKER_00,啊
test,HC_F_121225_001,zh,1.170,3.690,SPEAKER_00,他们在一家妈妈带着小孩在厨房
test,HC_F_121225_001,zh,4.290,11.550,SPEAKER_00,小妹妹想吃饼干弟哥哥拿着凳子去拿饼干的时候脚没踩稳差一点掉下来
test,HC_F_121225_001,zh,12.270,15.990,SPEAKER_00,要带要在掉下来的时候妈妈正好在吸碗因为
test,HC_F_121225_001,zh,16.710,21.750,SPEAKER_00,听见他们说要掉下来妈妈注意了没几种结果把水龙头水
test,HC_F_121225_001,zh,22.530,24.150,SPEAKER_00,把它都埋一下来了
test,HC_F_121225_001,zh,24.750,27.090,SPEAKER_00,也不知道妈妈在想什么也
test,HC_F_121225_001,zh,28.230,29.370,SPEAKER_00,也不知道在听
test,HC_F_121225_001,zh,30.390,35.610,SPEAKER_00,儿子要掉下来还是不知道想想什么把水龙头没关掉结果随衣满出来了
test,HC_F_121225_001,zh,36.570,36.630,,啊
test,HC_F_121225_001,zh,37.710,38.610,SPEAKER_00,因为厨房里面
test,HC_F_121225_001,zh,40.350,40.410,SPEAKER_00,有
test,HC_F_121225_001,zh,41.250,42.150,SPEAKER_00,台板上有碗
test,HC_F_121225_001,zh,42.810,44.010,SPEAKER_00,两着碗在盘子
test,HC_F_121225_001,zh,45.570,46.410,SPEAKER_00,窗帘窗里
test,HC_F_121225_001,zh,46.950,49.830,SPEAKER_00,窗面上有窗帘窗窗外面有草地
test,HC_F_121225_001,zh,50.370,52.650,SPEAKER_00,有树木有路还有一个小红
test,HC_F_121225_001,zh,53.250,55.170,SPEAKER_00,小房小房子小房子
test,HC_F_121225_001,zh,57.540,58.440,SPEAKER_00,还行你来吧
test,HC_F_122302_001,zh,0.000,7.530,SPEAKER_00,退休了嘛也没事做做中午去打打麻将晚跳舞就是喜欢跳舞民族舞就这一个他现在
test,HC_F_122302_001,zh,8.130,9.690,SPEAKER_00,也那个啥种石油
test,HC_F_122302_001,zh,10.290,23.430,SPEAKER_00,操做工还可以吧主要是来检查检查一那个天然气中过毒六中过毒一氧化碳中毒嘛挂医院研救过来了现在嘛我们到北京来主要想着检查一下菇的情况将来会老虎
test,HC_F_122302_001,zh,24.150,24.390,SPEAKER_00,豹子
test,HC_F_122302_001,zh,24.990,26.250,SPEAKER_00,长颈鹿马
test,HC_F_122302_001,zh,27.030,27.570,SPEAKER_00,牛羊
test,HC_F_122302_001,zh,28.290,28.530,SPEAKER_00,骆驼
test,HC_F_122302_001,zh,29.190,32.130,SPEAKER_00,毛驴小动物也可以吗鸡狗鸭
test,HC_F_122302_001,zh,32.850,32.910,SPEAKER_00,鸟
test,HC_F_122302_001,zh,33.750,34.770,SPEAKER_00,驼鸟斑马
test,HC_F_122302_001,zh,35.490,35.670,SPEAKER_00,鹦鹉
test,HC_F_122302_001,zh,36.330,36.810,SPEAKER_00,猫头鹰
test,HC_F_122302_001,zh,37.350,39.210,SPEAKER_00,老鼠也算动物吧茄子
test,HC_F_122302_001,zh,39.990,40.410,SPEAKER_00,辣子
test,HC_F_122302_001,zh,41.070,41.610,SPEAKER_00,西红柿
test,HC_F_122302_001,zh,42.330,42.630,SPEAKER_00,白菜
test,HC_F_122302_001,zh,43.290,43.590,SPEAKER_00,豆角
test,HC_F_122302_001,zh,44.250,44.610,SPEAKER_00,土豆
test,HC_F_122302_001,zh,45.150,45.630,SPEAKER_00,包包菜
test,HC_F_122302_001,zh,46.290,46.590,SPEAKER_00,花菜
test,HC_F_122302_001,zh,47.430,47.730,SPEAKER_00,芹菜
test,HC_F_122302_001,zh,48.450,48.750,SPEAKER_00,菠菜
test,HC_F_122302_001,zh,49.470,49.770,SPEAKER_00,南瓜
test,HC_F_122302_001,zh,50.730,50.970,SPEAKER_00,豆芽
test,HC_F_122302_001,zh,51.870,52.170,SPEAKER_00,丝瓜
test,HC_F_122302_001,zh,52.950,53.250,SPEAKER_00,黄瓜
test,HC_F_122302_001,zh,53.910,54.450,SPEAKER_00,青萝卜
test,HC_F_122302_001,zh,54.990,59.670,SPEAKER_00,胡萝卜大头菜新疆的掐麻菇芋头开开心心
test,HC_F_122302_002,zh,0.330,3.990,SPEAKER_00,开国大典嗯就两个字的开会开门
test,HC_F_122302_002,zh,4.530,4.830,SPEAKER_00,开始
test,HC_F_122302_002,zh,5.430,6.510,SPEAKER_00,开关开车
test,HC_F_122302_002,zh,7.110,8.370,SPEAKER_00,开灯开电脑
test,HC_F_122302_002,zh,8.910,9.450,SPEAKER_00,开手机
test,HC_F_122302_002,zh,9.990,10.470,SPEAKER_00,水果
test,HC_F_122302_002,zh,11.190,11.610,SPEAKER_00,水盆
test,HC_F_122302_002,zh,12.330,12.690,SPEAKER_00,水桶
test,HC_F_122302_002,zh,13.350,14.190,SPEAKER_00,水土不服
test,HC_F_122302_002,zh,14.730,15.390,SPEAKER_00,水污染
test,HC_F_122302_002,zh,15.930,28.050,SPEAKER_00,水质下降水垢我只知道今天是李明帮过忙的人当狗在房间里的时候猫总是藏在沙发下这个小孩儿踩着高凳子去拿
test,HC_F_122302_002,zh,28.590,30.630,SPEAKER_00,高处的饼干结果呢凳子
test,HC_F_122302_002,zh,31.290,37.530,SPEAKER_00,歪斜了容易发生危险这是他姐姐们是妈妈呀在说让他小心妈妈在
test,HC_F_122302_002,zh,38.130,42.390,SPEAKER_00,洗东西洗盘子结果忘了关水水龙头水
test,HC_F_122302_002,zh,42.930,45.210,SPEAKER_00,呱滑的往地下流他都没有感觉
test,HC_F_122302_002,zh,45.750,46.410,SPEAKER_00,窗户外面
test,HC_F_122302_002,zh,47.010,50.070,SPEAKER_00,北京这门还有一个窗户一九四九年
test,HC_F_122302_002,zh,50.610,59.730,SPEAKER_00,一月二十四日乌鲁木齐市石化石化十二区十一号楼幺零二年六十八看中设备工程师管理
test,HC_F_122302_003,zh,0.030,12.690,SPEAKER_00,设备父亲是开车的母亲是家在我们家七个中专小学六年中三年完了就上中专三年十二年啊有是的也在嗯也在乌木齐现在家
test,HC_F_122302_003,zh,13.290,41.010,SPEAKER_00,儿子媳妇松子四个人媳妇在北京我和儿子孙子在一起住退休工资叫刘涛三点水那个桃幺三六三九九三二零三二七个没有哥哥只有一个姐姐剩下的是三个妹妹两个弟弟这些都没有小弟弟有肺机肿去世了肺病小弟弟去世了那我姐是我们家老大刚去师三月四号去世还是那样十年前没啥病二零一七是
test,HC_F_122302_003,zh,41.550,45.150,SPEAKER_00,春剂三月十七今天星期五北京市属于
test,HC_F_122302_003,zh,45.750,59.250,SPEAKER_00,河北省直辖市那个朝阳区芍育局北里我们现在这个四楼神经科协和医院皮球国旗树木九十三继续减七十吧减去八十六七十九七十二六十五
test,HC_F_122302_004,zh,0.090,0.450,SPEAKER_00,皮球
test,HC_F_122302_004,zh,1.110,4.950,SPEAKER_00,第二个是什么数目手表比吃葡萄不头葡萄皮
test,HC_F_122302_004,zh,5.670,23.850,SPEAKER_00,画的太有点太长了这面嗯就是数字的一必须和假的一甲乙丙丙的一连在一起呃数字的四呢那就是零本来说带老花镜呢没带这是不是个一嗯好哦要写上数字我我想着我画的小我就这是
test,HC_F_122302_004,zh,24.510,24.870,SPEAKER_00,时针
test,HC_F_122302_004,zh,25.590,28.410,SPEAKER_00,老这应该十一点贵十一点十分这是
test,HC_F_122302_004,zh,29.010,29.670,SPEAKER_00,狮子牛
test,HC_F_122302_004,zh,30.210,33.150,SPEAKER_00,犀牛这是骆驼脸面天鹅绒焦糖
test,HC_F_122302_004,zh,33.750,35.310,SPEAKER_00,厨具红色脸面
test,HC_F_122302_004,zh,35.910,41.130,SPEAKER_00,天鹅绒酵糖厨具红色二一八五四二四七发财
test,HC_F_122302_004,zh,41.730,50.490,SPEAKER_00,发烧发酵发生发现发出发汗发工资发冷都属于水果都属于交通工具时间的
test,HC_F_122302_004,zh,51.030,51.870,SPEAKER_00,测试这个
test,HC_F_122302_004,zh,52.470,55.950,SPEAKER_00,尺子是手表看时间尺子是量长度都属于
test,HC_F_122302_004,zh,56.550,59.490,SPEAKER_00,计时测量工具还是测量嗯脸面
test,HC_F_122302_005,zh,0.090,0.630,SPEAKER_00,天鹅绒
test,HC_F_122302_005,zh,1.230,16.710,SPEAKER_00,教糖具颜色红色这是水杯剪刀条这是一个纽扣这是小勺啊这是一把钥匙我已经知道在里面是螺丝钉钉这个小的戒指好像是牙签盒药瓶瓶子我还以为是牙签盒呢开花
test,HC_F_122302_005,zh,17.250,17.550,SPEAKER_00,开心
test,HC_F_122302_005,zh,18.270,18.570,SPEAKER_00,开会
test,HC_F_122302_005,zh,19.230,19.530,SPEAKER_00,开门
test,HC_F_122302_005,zh,20.130,20.430,SPEAKER_00,开关
test,HC_F_122302_005,zh,21.030,21.690,SPEAKER_00,开开心心
test,HC_F_122302_005,zh,22.290,23.190,SPEAKER_00,开门大吉
test,HC_F_122302_005,zh,23.730,24.090,SPEAKER_00,开车
test,HC_F_122302_005,zh,24.690,25.230,SPEAKER_00,开电脑
test,HC_F_122302_005,zh,25.890,28.710,SPEAKER_00,开手机开年大吉有杯子
test,HC_F_122302_005,zh,29.250,29.550,SPEAKER_00,剪刀
test,HC_F_122302_005,zh,30.270,33.270,SPEAKER_00,有戒指有扑克牌有乒乓球
test,HC_F_122302_005,zh,33.870,34.590,SPEAKER_00,有纽扣
test,HC_F_122302_005,zh,35.190,35.250,SPEAKER_00,有
test,HC_F_122302_005,zh,35.850,36.570,SPEAKER_00,小瓶子
test,HC_F_122302_005,zh,37.170,38.070,SPEAKER_00,还有个螺丝钉
test,HC_F_122302_005,zh,38.610,38.910,SPEAKER_00,汤勺
test,HC_F_122302_005,zh,39.450,39.810,SPEAKER_00,水盆
test,HC_F_122302_005,zh,40.470,40.830,SPEAKER_00,水瓶
test,HC_F_122302_005,zh,41.430,41.790,SPEAKER_00,水洗
test,HC_F_122302_005,zh,42.570,43.350,SPEAKER_00,水长流
test,HC_F_122302_005,zh,44.070,44.670,SPEAKER_00,水龙头
test,HC_F_122302_005,zh,45.270,45.630,SPEAKER_00,水枪
test,HC_F_122302_005,zh,46.350,46.710,SPEAKER_00,杯子
test,HC_F_122302_005,zh,47.430,47.670,SPEAKER_00,剪刀
test,HC_F_122302_005,zh,48.270,48.810,SPEAKER_00,扑克牌
test,HC_F_122302_005,zh,49.470,49.830,SPEAKER_00,纽扣
test,HC_F_122302_005,zh,50.550,50.850,SPEAKER_00,戒指
test,HC_F_122302_005,zh,51.510,52.290,SPEAKER_00,小瓶子
test,HC_F_122302_005,zh,52.890,53.190,SPEAKER_00,汤勺
test,HC_F_122302_005,zh,53.790,54.270,SPEAKER_00,乒乓球
test,HC_F_122302_005,zh,54.810,55.290,SPEAKER_00,螺丝钉
test,HC_F_122302_005,zh,55.890,56.490,SPEAKER_00,钥匙机
test,HC_F_122302_005,zh,57.030,57.090,SPEAKER_00,鸭
test,HC_F_122302_005,zh,57.690,57.750,SPEAKER_00,鳄
test,HC_F_122302_005,zh,58.290,58.350,SPEAKER_00,鱼
test,HC_F_122302_005,zh,59.130,59.730,SPEAKER_00,马牛
test,HC_F_122302_006,zh,0.510,0.570,SPEAKER_00,羊
test,HC_F_122302_006,zh,1.110,1.470,SPEAKER_00,狮子
test,HC_F_122302_006,zh,2.250,2.550,SPEAKER_00,老虎
test,HC_F_122302_006,zh,3.390,3.690,SPEAKER_00,豹子
test,HC_F_122302_006,zh,4.410,5.430,SPEAKER_00,长颈鹿鸟
test,HC_F_122302_006,zh,6.210,6.750,SPEAKER_00,猫头鹰
test,HC_F_122302_006,zh,7.290,7.590,SPEAKER_00,鸵鸟
test,HC_F_122302_006,zh,8.310,8.550,SPEAKER_00,犀牛
test,HC_F_122302_006,zh,9.270,9.510,SPEAKER_00,老鼠
test,HC_F_122302_006,zh,10.230,10.590,SPEAKER_00,小狗
test,HC_F_122302_006,zh,11.310,11.370,SPEAKER_00,猫
test,HC_F_122302_006,zh,11.970,12.330,SPEAKER_00,杯子
test,HC_F_122302_006,zh,13.110,13.530,SPEAKER_00,剪刀
test,HC_F_122302_006,zh,14.070,14.850,SPEAKER_00,小瓶子
test,HC_F_122302_006,zh,15.750,16.050,SPEAKER_00,戒指
test,HC_F_122302_006,zh,16.770,17.190,SPEAKER_00,纽扣
test,HC_F_122302_006,zh,17.790,18.270,SPEAKER_00,扑克牌
test,HC_F_122302_006,zh,18.870,19.350,SPEAKER_00,乒乓球
test,HC_F_122302_006,zh,20.010,20.370,SPEAKER_00,螺丝
test,HC_F_122302_006,zh,21.090,21.450,SPEAKER_00,汤勺
test,HC_F_122302_006,zh,22.110,23.250,SPEAKER_00,钥匙郁金香
test,HC_F_122302_006,zh,23.850,24.090,SPEAKER_00,柜子
test,HC_F_122302_006,zh,24.750,25.110,SPEAKER_00,玉兰花
test,HC_F_122302_006,zh,25.650,27.570,SPEAKER_00,郁金香有郁金香茄子
test,HC_F_122302_006,zh,28.170,30.330,SPEAKER_00,柜子好说过了还有
test,HC_F_122302_006,zh,30.870,32.189,SPEAKER_00,康乃馨洋葱
test,HC_F_122302_006,zh,32.850,34.350,SPEAKER_00,再说一遍康乃馨
test,HC_F_122302_006,zh,35.070,35.430,SPEAKER_00,茶花
test,HC_F_122302_006,zh,36.090,36.510,SPEAKER_00,郁金香
test,HC_F_122302_006,zh,37.110,37.470,SPEAKER_00,茄子
test,HC_F_122302_006,zh,38.130,38.490,SPEAKER_00,土豆
test,HC_F_122302_006,zh,39.030,39.330,SPEAKER_00,柜子
test,HC_F_122302_006,zh,39.990,40.230,SPEAKER_00,长凳
test,HC_F_122302_006,zh,40.890,41.910,SPEAKER_00,柜子西兰花
test,HC_F_122302_006,zh,42.630,42.930,SPEAKER_00,洋葱
test,HC_F_122302_006,zh,43.710,44.190,SPEAKER_00,康乃馨
test,HC_F_122302_006,zh,44.850,45.150,SPEAKER_00,茄子
test,HC_F_122302_006,zh,45.750,46.050,SPEAKER_00,土豆
test,HC_F_122302_006,zh,46.590,46.830,SPEAKER_00,长凳
test,HC_F_122302_006,zh,47.370,50.190,SPEAKER_00,橱柜玉兰花呃西兰花说成
test,HC_F_122302_006,zh,50.730,54.450,SPEAKER_00,西兰花过了电视柜康乃馨说了没有康乃馨
test,HC_F_122302_006,zh,54.990,55.350,SPEAKER_00,洋葱
test,HC_F_122302_006,zh,56.190,56.670,SPEAKER_00,西兰花
test,HC_F_122302_006,zh,57.330,57.630,SPEAKER_00,茄子
test,HC_F_122302_006,zh,58.290,58.650,SPEAKER_00,土豆
test,HC_F_122302_006,zh,59.250,59.490,SPEAKER_00,长凳
test,HC_F_122302_007,zh,0.090,1.230,SPEAKER_00,橱柜电视柜
test,HC_F_122302_007,zh,1.770,7.410,SPEAKER_00,洋葱说了没个刚才好几个次都没说的那个水仙把它说上茄子
test,HC_F_122302_007,zh,8.010,8.430,SPEAKER_00,土豆
test,HC_F_122302_007,zh,9.150,9.570,SPEAKER_00,洋葱
test,HC_F_122302_007,zh,10.410,10.890,SPEAKER_00,康乃馨
test,HC_F_122302_007,zh,11.670,12.210,SPEAKER_00,西兰花
test,HC_F_122302_007,zh,12.930,13.350,SPEAKER_00,水仙
test,HC_F_122302_007,zh,13.950,14.310,SPEAKER_00,茶花
test,HC_F_122302_007,zh,14.910,15.270,SPEAKER_00,电视柜
test,HC_F_122302_007,zh,15.990,16.230,SPEAKER_00,长凳
test,HC_F_122302_007,zh,16.890,17.190,SPEAKER_00,橱柜
test,HC_F_122302_007,zh,17.850,23.670,SPEAKER_00,水仙这次想起来了个茶花加上柜子和郁金香讲的橱柜就足大象
test,HC_F_122302_007,zh,24.270,24.690,SPEAKER_00,裙子
test,HC_F_122302_007,zh,25.230,25.590,SPEAKER_00,睡衣
test,HC_F_122302_007,zh,26.310,30.090,SPEAKER_00,萝卜吧菜的有穿的还有动物郁金香
test,HC_F_122302_007,zh,30.690,30.990,SPEAKER_00,洋葱
test,HC_F_122302_007,zh,31.650,31.950,SPEAKER_00,柜子
test,HC_F_122302_007,zh,32.670,33.150,SPEAKER_00,电视柜
test,HC_F_122302_007,zh,33.810,34.170,SPEAKER_00,橱柜
test,HC_F_122302_007,zh,34.890,35.310,SPEAKER_00,茄子
test,HC_F_122302_007,zh,35.910,36.210,SPEAKER_00,土豆
test,HC_F_122302_007,zh,36.750,37.110,SPEAKER_00,水仙
test,HC_F_122302_007,zh,37.890,38.310,SPEAKER_00,茶花
test,HC_F_122302_007,zh,39.090,41.970,SPEAKER_00,西兰花洋葱说了没有郁金香柜子
test,HC_F_122302_007,zh,42.630,43.650,SPEAKER_00,橱柜电视柜
test,HC_F_122302_007,zh,44.190,46.230,SPEAKER_00,家具好像就这些有土豆
test,HC_F_122302_007,zh,46.770,47.130,SPEAKER_00,茄子
test,HC_F_122302_007,zh,47.730,48.030,SPEAKER_00,洋葱
test,HC_F_122302_007,zh,48.690,52.410,SPEAKER_00,西兰花菜那可能就这些吧有康乃馨有
test,HC_F_122302_007,zh,52.950,53.370,SPEAKER_00,郁金香
test,HC_F_122302_007,zh,53.910,53.970,SPEAKER_00,有
test,HC_F_122302_007,zh,54.570,54.930,SPEAKER_00,茶花
test,HC_F_122302_007,zh,55.470,59.850,SPEAKER_00,还有水仙要和这个二零二这个二再和这个
test,HC_F_122302_008,zh,0.030,9.930,SPEAKER_00,二再和三连这个不对应该从这儿再连数字再连大写的再连小写的哦对数字交叉的连不能竖字和数字连
test,HC_F_122302_008,zh,10.530,17.550,SPEAKER_00,三三完了再连四字数字再和这脸这这条线是不对的觉得像菊花
test,HC_F_122302_008,zh,18.210,25.470,SPEAKER_00,树房屋床桌椅长凳直升飞机是骆驼地下那个山洞里面这是金字塔这是
test,HC_F_122302_008,zh,26.010,29.610,SPEAKER_00,铅笔这是一副画这是龙眼锯子
test,HC_F_122302_008,zh,30.510,35.670,SPEAKER_00,剪刀蛋盘脸厨哦面具面具倒个漏斗这是
test,HC_F_122302_008,zh,36.270,49.890,SPEAKER_00,仙人柱长长是扁圆的叫仙人柱扁这是口哨珠子这是蜗牛这是花环这是海马口琴聂子夹子金枕器从上往下吗绿色紫色它像个字的
test,HC_F_122302_008,zh,50.610,51.090,SPEAKER_00,了黄色
test,HC_F_122302_008,zh,51.630,51.990,SPEAKER_00,绿蓝
test,HC_F_122302_008,zh,52.530,52.890,SPEAKER_00,黄红
test,HC_F_122302_008,zh,53.430,53.970,SPEAKER_00,黄红
test,HC_F_122302_008,zh,54.570,54.870,SPEAKER_00,绿蓝
test,HC_F_122302_008,zh,55.410,56.490,SPEAKER_00,蓝绿黄红
test,HC_F_122302_008,zh,57.030,57.570,SPEAKER_00,蓝黄
test,HC_F_122302_008,zh,58.110,59.610,SPEAKER_00,红绿红绿蓝
test,HC_F_122302_009,zh,0.150,0.210,SPEAKER_00,黄
test,HC_F_122302_009,zh,0.750,2.610,SPEAKER_00,黄绿蓝红绿蓝
test,HC_F_122302_009,zh,3.270,3.570,SPEAKER_00,黄红
test,HC_F_122302_009,zh,4.350,4.410,SPEAKER_00,黄
test,HC_F_122302_009,zh,5.010,5.910,SPEAKER_00,红绿蓝
test,HC_F_122302_009,zh,6.450,6.930,SPEAKER_00,蓝绿
test,HC_F_122302_009,zh,7.650,7.950,SPEAKER_00,黄红
test,HC_F_122302_009,zh,8.490,8.550,SPEAKER_00,蓝
test,HC_F_122302_009,zh,9.150,9.210,SPEAKER_00,黄
test,HC_F_122302_009,zh,9.750,11.730,SPEAKER_00,红绿红绿蓝黄
test,HC_F_122302_009,zh,12.390,13.410,SPEAKER_00,黄绿蓝
test,HC_F_122302_009,zh,13.950,14.010,SPEAKER_00,红
test,HC_F_122302_009,zh,14.550,14.970,SPEAKER_00,绿黄
test,HC_F_122302_009,zh,15.690,16.830,SPEAKER_00,绿蓝红黄
test,HC_F_122302_009,zh,17.430,17.910,SPEAKER_00,黄蓝
test,HC_F_122302_009,zh,18.510,18.930,SPEAKER_00,绿蓝
test,HC_F_122302_009,zh,19.470,19.830,SPEAKER_00,绿红
test,HC_F_122302_009,zh,20.490,20.970,SPEAKER_00,黄红
test,HC_F_122302_009,zh,21.510,24.930,SPEAKER_00,蓝黄红绿红绿蓝黄
test,HC_F_122302_009,zh,25.470,25.770,SPEAKER_00,黄蓝
test,HC_F_122302_009,zh,26.430,30.150,SPEAKER_00,黄绿蓝红看着念自己了绿蓝色
test,HC_F_122302_009,zh,30.810,31.470,SPEAKER_01,蓝哎
test,HC_F_122302_009,zh,31.470,31.710,SPEAKER_00,人
test,HC_F_122302_009,zh,31.710,51.030,SPEAKER_01,老了都有忘掉的时候呢有时候出门了钥匙带了没有门锁好了再喝完头回头拉拉门看门锁好没有都有这样你想快七十岁了肯定有时候干事就忘有时候东西放哪哎刚放那子找到了呢都会走向衰退但是就是要预防让他来的晚一点
test,HC_F_122302_009,zh,51.030,51.450,SPEAKER_00,第四个
test,HC_F_122302_009,zh,52.050,54.750,SPEAKER_00,第一个第四个第三个康乃馨
test,HC_F_122302_009,zh,55.530,55.590,SPEAKER_00,洋
test,HC_F_122302_009,zh,56.130,56.190,SPEAKER_00,葱
test,HC_F_122302_009,zh,56.970,57.390,SPEAKER_01,柜子
test,HC_F_122302_009,zh,58.110,58.650,SPEAKER_01,电视柜
test,HC_F_122302_009,zh,59.310,59.370,SPEAKER_01,出
test,HC_F_122302_010,zh,0.030,1.050,SPEAKER_01,柜土豆
test,HC_F_122302_010,zh,1.830,2.430,SPEAKER_01,茄子
test,HC_F_122302_010,zh,3.390,3.870,SPEAKER_01,郁金香
test,HC_F_122302_010,zh,4.890,5.430,SPEAKER_01,西兰花
test,HC_F_122302_010,zh,6.210,6.690,SPEAKER_01,茶花
test,HC_F_122302_010,zh,7.350,7.410,SPEAKER_01,煎
test,HC_F_122302_010,zh,8.070,9.330,SPEAKER_01,电视柜凳子
test,HC_F_122302_010,zh,10.110,10.470,SPEAKER_01,橱柜
test,HC_F_122302_010,zh,11.010,13.350,SPEAKER_01,柜子柜子橱柜电视柜
test,HC_F_122302_010,zh,13.890,14.250,SPEAKER_01,茄子
test,HC_F_122302_010,zh,14.910,16.170,SPEAKER_01,西兰花土豆
test,HC_F_122302_010,zh,16.710,17.430,SPEAKER_01,洋葱有
test,HC_F_122302_010,zh,17.970,18.390,SPEAKER_01,郁金香
test,HC_F_122302_010,zh,19.170,20.130,SPEAKER_01,康乃馨茶
test,HC_F_122302_010,zh,20.670,21.030,SPEAKER_01,水仙
test,HC_F_122302_010,zh,21.570,22.110,SPEAKER_01,嗯不是
test,HC_F_122302_010,zh,22.650,23.850,SPEAKER_01,不是不是
test,HC_F_122302_010,zh,23.850,41.970,SPEAKER_00,是是不是不是不是是是不是不是是不是不是不是不是不是不是也不是不是是不是不是不是不是不是不是不是不是不是不是是不是不是是不是不是是不是不是不是不是不是不是是不是
test,HC_F_122302_010,zh,41.970,49.590,SPEAKER_01,这郭超在看电视他准备出门结果天气预报报送我说两至三小时内要
test,HC_F_122302_010,zh,50.130,59.430,SPEAKER_01,下雨天起并伴有冰雹持续到第二天的早晨说的最长最长暴雨家有冰雹这个郭涛一听呢就脱下外衣
test,HC_F_122302_011,zh,0.330,38.490,SPEAKER_00,看又继续看电视男公花叫喊下菜杂货店黑暗钢笔叫喊铁杂货店夏花公分苹果黑暗男公分苹果叫喊铁黑暗杂货店花男钢笔下真不少聪明只要不是傻就行一七一七六三五八二六九四六四三九七二八六七二七三一四二七三一七五八三六六一九四七三三九二四八七五九一七四二八四一七九八三六五八二九二六四七三八二九五一七四二七五八六八五二四七一三九
test,HC_F_122302_011,zh,39.030,44.850,SPEAKER_00,五二四六八四一七五九二六五一四九七二三八六
test,HC_F_122302_011,zh,45.390,48.990,SPEAKER_00,九四六八五一二六一八四三
test,HC_F_122302_011,zh,49.650,50.250,SPEAKER_00,三四
test,HC_F_122302_011,zh,51.030,51.090,SPEAKER_00,八
test,HC_F_122302_011,zh,51.930,53.070,SPEAKER_00,一六八一
test,HC_F_122302_011,zh,53.730,53.790,SPEAKER_00,四
test,HC_F_122302_011,zh,54.750,54.810,SPEAKER_00,三
test,HC_F_122302_011,zh,55.350,55.530,SPEAKER_00,一五
test,HC_F_122302_011,zh,56.070,56.130,SPEAKER_00,六
test,HC_F_122302_011,zh,56.790,57.330,SPEAKER_00,八四
test,HC_F_122302_011,zh,57.930,59.010,SPEAKER_00,二七五六
test,HC_F_122302_011,zh,59.550,59.610,SPEAKER_00,九
test,HC_F_122302_012,zh,0.210,0.270,SPEAKER_00,二
test,HC_F_122302_012,zh,0.810,4.950,SPEAKER_00,一八四七三九一二八八二一八二一
test,HC_F_122302_012,zh,5.550,6.090,SPEAKER_00,九三
test,HC_F_122302_012,zh,6.870,8.010,SPEAKER_00,七四八五
test,HC_F_122302_012,zh,8.970,9.390,SPEAKER_00,七九
test,HC_F_122302_012,zh,10.110,10.950,SPEAKER_00,八五七九
test,HC_F_122302_012,zh,12.330,12.750,SPEAKER_00,三五
test,HC_F_122302_012,zh,13.710,14.130,SPEAKER_00,六八
test,HC_F_122302_012,zh,14.730,31.650,SPEAKER_00,三七一水果都是衣服工具动物方向五关办公用品要重的是个是艺术木头和酒精木头和酒精会有共同点吗赞美和惩罚判断方式苍蝇和树苍蝇和树能联系苍蝇是太蠢
test,HC_F_122302_012,zh,32.189,59.790,SPEAKER_00,活的东西太多这个苍蝇和树就是下面最不用写数字不按顺序也行的是不想就这么多哎本来得两写对友让我改过来哦这个这个是上面拐我我给拐到下面去郭涛在家里看电视这时候是在播送正在播送天气预报了它写准备要出门呢播送天气预报说两至三小时之内要下大雨温度下降十度并伴有冰雹一直要吃
test,HC_F_171812_001,zh,0.030,0.090,SPEAKER_00,嗯
test,HC_F_171812_001,zh,0.630,1.830,SPEAKER_00,嗯这个图片里面
test,HC_F_171812_001,zh,2.430,2.610,SPEAKER_00,一个
test,HC_F_171812_001,zh,3.210,4.110,SPEAKER_00,小男孩在
test,HC_F_171812_001,zh,5.550,5.610,SPEAKER_00,立
test,HC_F_171812_001,zh,6.210,9.690,SPEAKER_00,立在凳子上面把那个橱柜里面的饼干拿下来
test,HC_F_171812_001,zh,10.230,11.190,SPEAKER_00,给那个女孩子
test,HC_F_171812_001,zh,11.790,11.850,SPEAKER_00,吃
test,HC_F_171812_001,zh,13.050,16.530,SPEAKER_00,然后他看看起来好像有这个站的不太稳
test,HC_F_171812_001,zh,17.250,17.550,SPEAKER_00,有点
test,HC_F_171812_001,zh,18.210,19.350,SPEAKER_00,那个椅子要倒下来了
test,HC_F_171812_001,zh,21.870,22.350,SPEAKER_00,就这样
test,HC_F_171812_001,zh,23.790,24.390,SPEAKER_00,那女孩子
test,HC_F_171812_001,zh,25.230,26.130,SPEAKER_00,挺高兴的在
test,HC_F_171812_001,zh,27.870,27.930,SPEAKER_00,呃
test,HC_F_171812_001,zh,29.730,32.070,SPEAKER_00,接受这个小男孩给他的饼干吃
test,HC_F_171812_001,zh,33.150,36.810,SPEAKER_00,嗯那那个他可能是他妈妈在擦
test,HC_F_171812_001,zh,38.310,38.610,SPEAKER_00,盘子
test,HC_F_171812_001,zh,39.270,42.150,SPEAKER_00,但是她没没没顾及到自来水开
test,HC_F_171812_001,zh,42.750,45.750,SPEAKER_00,开了把那个水池里的水都漏出来漏到地板上
test,HC_F_171812_001,zh,48.100,50.500,SPEAKER_00,他可能在想心事吧没没注意到这一点
test,HC_F_171812_001,zh,51.340,51.400,,呃
test,HC_F_171812_001,zh,51.940,52.180,SPEAKER_00,然后
test,HC_F_171812_001,zh,54.250,54.490,SPEAKER_00,外面
test,HC_F_171812_001,zh,55.150,57.190,SPEAKER_00,他们家里外面环境挺好的
test,HC_F_171812_001,zh,57.730,58.090,SPEAKER_00,有一条
test,HC_F_171812_001,zh,58.990,59.830,SPEAKER_00,十十字的
test,HC_F_181312_001,zh,0.000,0.030,,嗯
test,HC_F_181312_001,zh,1.290,1.350,,嗯
test,HC_F_181312_001,zh,2.250,2.550,SPEAKER_00,这个
test,HC_F_181312_001,zh,3.330,3.630,SPEAKER_00,这个
test,HC_F_181312_001,zh,5.130,8.730,SPEAKER_00,女人在洗盆子水都流出来了是不是这样吧
test,HC_F_181312_001,zh,10.110,14.070,SPEAKER_00,啊她拿饼干她要吃饼干她拿饼干凳子要摔下来了
test,HC_F_181312_001,zh,14.910,14.970,,嗯
test,HC_F_181312_001,zh,17.970,18.750,SPEAKER_00,具体点啊哦
test,HC_F_181312_001,zh,19.530,19.950,SPEAKER_00,具体点
test,HC_F_181312_001,zh,20.670,26.850,SPEAKER_00,一个小女孩她要吃饼干她哥哥给她拿饼干这个凳子没有拿稳了要摔下来了呀
test,HC_F_181312_001,zh,27.510,27.570,,啊
test,HC_F_181312_001,zh,28.290,29.670,SPEAKER_00,她妈妈在洗盆子
test,HC_F_181312_001,zh,30.450,31.470,SPEAKER_00,谁漏出来了
test,HC_F_181312_001,zh,32.490,33.810,SPEAKER_00,这这就子了
test,HC_F_181312_001,zh,34.830,35.190,SPEAKER_00,还有啊
test,HC_F_181312_001,zh,36.810,36.990,SPEAKER_00,哎呦
test,HC_F_181312_001,zh,38.070,38.970,SPEAKER_00,没什么了呀我
test,HC_F_231008_001,zh,0.210,1.530,SPEAKER_00,女孩肚子饿了想
test,HC_F_231008_001,zh,3.030,4.830,SPEAKER_00,想找东西吃男孩
test,HC_F_231008_001,zh,5.430,7.110,SPEAKER_00,就是爬上凳子
test,HC_F_231008_001,zh,7.710,9.990,SPEAKER_00,到柜子上给他拿饼干不小心
test,HC_F_231008_001,zh,10.770,11.490,SPEAKER_00,就是凳子
test,HC_F_231008_001,zh,12.930,13.170,SPEAKER_00,倾斜
test,HC_F_231008_001,zh,14.010,14.070,,啊
test,HC_F_231008_001,zh,14.670,15.090,SPEAKER_00,翻倒了
test,HC_F_231008_001,zh,16.050,18.270,SPEAKER_00,这两个故事好像是粘不到一块了
test,HC_F_231008_001,zh,19.350,19.650,SPEAKER_00,然后
test,HC_F_231008_001,zh,20.790,22.230,SPEAKER_00,这个这个女士在洗碗
test,HC_F_231008_001,zh,22.950,25.890,SPEAKER_00,然后嗯就是水池里面的水满到地下
test,HC_F_231008_001,zh,27.570,27.750,SPEAKER_00,没有
test,HC_F_240307_001,zh,0.150,1.650,SPEAKER_00,吃饼干掏饼干吃
test,HC_F_240307_001,zh,2.670,4.050,SPEAKER_00,给老公拿饼干给他吃
test,HC_F_240307_001,zh,6.350,7.790,SPEAKER_00,老那那那个
test,HC_F_240307_001,zh,10.010,10.310,SPEAKER_00,大菜
test,HC_F_240307_001,zh,10.910,12.050,SPEAKER_00,这盆子拿来大菜
test,HC_F_240307_001,zh,13.130,13.490,SPEAKER_00,生菜
test,HC_F_240307_001,zh,16.790,16.850,SPEAKER_00,的
test,HC_F_240307_001,zh,18.650,18.710,SPEAKER_00,菜
test,HC_F_240307_001,zh,19.730,19.970,SPEAKER_00,个大
test,HC_F_240307_001,zh,20.810,21.230,SPEAKER_00,生菜的
test,HC_F_240307_001,zh,23.150,23.390,SPEAKER_00,生菜
test,HC_F_240307_001,zh,24.470,25.070,SPEAKER_00,菜洗好来
test,HC_F_240307_001,zh,25.670,26.210,SPEAKER_00,经放进去
test,HC_F_240307_001,zh,27.590,28.850,SPEAKER_00,个捏起来打开
test,HC_F_240307_001,zh,31.090,31.330,SPEAKER_00,地板
test,HC_F_240307_001,zh,32.770,32.829,SPEAKER_00,菜
test,HC_F_240307_001,zh,33.850,34.510,SPEAKER_00,这个多亏
test,HC_F_240307_001,zh,36.190,36.730,SPEAKER_00,那我不吃
test,HC_F_260826_001,zh,0.030,4.170,SPEAKER_00,哦嗯这是一个厨房里厨房里一个小男孩在拿饼干
test,HC_F_260826_001,zh,4.710,5.490,SPEAKER_00,小女孩在吃
test,HC_F_260826_001,zh,6.150,9.330,SPEAKER_00,男孩拿给小女孩吃啊这个妈妈在洗碗
test,HC_F_260826_001,zh,10.230,13.530,SPEAKER_00,洗窝洗窝怎么水水池都水满足画面
test,HC_F_260826_001,zh,14.490,15.510,SPEAKER_00,都满出来了
test,HC_F_260826_001,zh,16.110,18.810,SPEAKER_00,那个小男孩的凳子也斜的啊
test,HC_F_260826_001,zh,18.810,18.870,,嗯
test,HC_F_260826_001,zh,19.410,20.310,SPEAKER_00,别的没有什么
test,HC_F_260826_001,zh,21.210,21.270,,嗯
test,HC_F_260826_001,zh,21.990,30.210,SPEAKER_00,是不是那他在拿饼干给他吃凳子面也斜掉了肯定要算胶的嗯这个是错的这个也是错的那你看水都满
test,HC_F_260826_001,zh,30.750,35.370,SPEAKER_00,满到画面对不对洗碗啊嗯我看看别的没什么对不对
test,HC_F_261225_001,zh,0.150,2.009,SPEAKER_00,这女孩子想吃饼干
test,HC_F_261225_001,zh,3.150,4.830,SPEAKER_00,男男男孩子呢
test,HC_F_261225_001,zh,4.830,4.890,,啊
test,HC_F_261225_001,zh,5.670,6.270,SPEAKER_00,爬上去
test,HC_F_261225_001,zh,6.990,10.530,SPEAKER_00,拿饼干但是一不小心呢这个凳子歪了
test,HC_F_261225_001,zh,13.410,15.450,SPEAKER_00,那快要摔下来的样子
test,HC_F_261225_001,zh,17.800,19.180,SPEAKER_00,这幅图就是这样
test,HC_F_261225_001,zh,20.620,21.160,SPEAKER_00,这幅头
test,HC_F_261225_001,zh,22.360,23.380,SPEAKER_00,这个主父在
test,HC_F_261225_001,zh,23.980,24.220,SPEAKER_00,洗碗
test,HC_F_261225_001,zh,25.839,27.760,SPEAKER_00,洗碗他水龙头开着
test,HC_F_261225_001,zh,28.660,29.260,SPEAKER_00,但是呢
test,HC_F_261225_001,zh,32.040,32.100,,他
test,HC_F_261225_001,zh,32.700,33.000,SPEAKER_00,没有
test,HC_F_261225_001,zh,33.660,34.560,SPEAKER_00,集中注意力
test,HC_F_261225_001,zh,35.700,38.100,SPEAKER_00,那在擦盆子的时候这个水呢
test,HC_F_261225_001,zh,38.880,39.960,SPEAKER_00,满出来溢出来
test,HC_F_261225_001,zh,42.270,43.290,SPEAKER_00,我就看不出来了
test,HC_F_261925_001,zh,0.150,0.330,SPEAKER_00,我就
test,HC_F_261925_001,zh,0.870,1.590,SPEAKER_00,这样对着说
test,HC_F_261925_001,zh,2.370,3.990,SPEAKER_00,妈妈在擦壶
test,HC_F_261925_001,zh,3.990,4.050,,呃
test,HC_F_261925_001,zh,4.650,4.890,SPEAKER_00,鼻子
test,HC_F_261925_001,zh,5.490,6.870,SPEAKER_00,擦盘子自来水
test,HC_F_261925_001,zh,7.410,9.930,SPEAKER_00,就已经漫出水槽流到地上
test,HC_F_261925_001,zh,11.370,13.350,SPEAKER_00,小男孩在拿饼干
test,HC_F_261925_001,zh,14.190,14.970,SPEAKER_00,手上拿着
test,HC_F_261925_001,zh,15.810,18.450,SPEAKER_00,手上已经拿了一块正在拿另一块
test,HC_F_261925_001,zh,19.290,23.490,SPEAKER_00,嗯他站着椅子已经快要倒了下面小女孩
test,HC_F_261925_001,zh,24.270,27.930,SPEAKER_00,嘴里吃着一块饼干生的时候还想要另两
test,HC_F_261925_001,zh,27.930,28.050,,个
test,HC_F_261925_001,zh,28.050,29.190,SPEAKER_00,饼可以啊啊
test,HC_F_261925_001,zh,30.090,31.110,SPEAKER_00,其他还要夹
test,HC_M_019201_001,zh,0.960,1.260,SPEAKER_00,开始
test,HC_M_019201_001,zh,3.060,3.420,SPEAKER_00,开心
test,HC_M_019201_001,zh,5.460,5.820,SPEAKER_00,开关
test,HC_M_019201_001,zh,7.860,8.220,SPEAKER_00,开门
test,HC_M_019201_001,zh,10.560,10.800,SPEAKER_00,开水
test,HC_M_019201_001,zh,14.060,15.080,SPEAKER_00,开关熟公米花
test,HC_M_019201_001,zh,16.700,16.940,SPEAKER_00,开始
test,HC_M_019201_001,zh,18.020,18.500,SPEAKER_00,想不起来
test,HC_M_019201_001,zh,19.760,19.820,,好
test,HC_M_019201_001,zh,21.080,22.520,SPEAKER_00,开始啊后面计时了呃
test,HC_M_019201_001,zh,24.860,25.400,SPEAKER_00,西红柿
test,HC_M_019201_001,zh,26.120,26.480,SPEAKER_00,辣椒
test,HC_M_019201_001,zh,27.740,28.100,SPEAKER_00,黄瓜
test,HC_M_019201_001,zh,29.540,29.840,SPEAKER_00,青菜
test,HC_M_019201_001,zh,30.800,31.040,SPEAKER_00,白菜
test,HC_M_019201_001,zh,32.000,32.540,SPEAKER_00,苏州青
test,HC_M_019201_001,zh,33.440,34.100,SPEAKER_00,上海青
test,HC_M_019201_001,zh,34.760,34.820,SPEAKER_00,呃
test,HC_M_019201_001,zh,35.900,36.200,SPEAKER_00,大蒜
test,HC_M_019201_001,zh,37.400,37.640,SPEAKER_00,这个
test,HC_M_019201_001,zh,38.480,38.840,SPEAKER_00,香菜
test,HC_M_019201_001,zh,40.100,40.160,,呃
test,HC_M_019201_001,zh,43.160,43.400,SPEAKER_00,土豆
test,HC_M_019201_001,zh,46.350,46.770,SPEAKER_00,有麦菜
test,HC_M_019201_001,zh,49.040,49.460,SPEAKER_00,生菜
test,HC_M_019201_001,zh,51.140,51.440,SPEAKER_00,包菜
test,HC_M_019201_001,zh,53.360,55.280,SPEAKER_00,白萝卜红萝卜胡萝卜
test,HC_M_019201_001,zh,59.000,59.240,SPEAKER_00,庭菜
test,HC_M_019201_002,zh,0.910,1.270,SPEAKER_00,菠菜
test,HC_M_019201_002,zh,3.650,3.950,SPEAKER_00,连藕
test,HC_M_019201_002,zh,4.490,4.550,SPEAKER_00,藕
test,HC_M_019201_002,zh,6.770,7.070,SPEAKER_00,三幺
test,HC_M_019201_002,zh,9.950,11.390,SPEAKER_00,好时间到鸡牛
test,HC_M_019201_002,zh,12.530,12.590,SPEAKER_00,羊
test,HC_M_019201_002,zh,14.150,14.510,SPEAKER_00,兔子
test,HC_M_019201_002,zh,16.190,16.430,SPEAKER_00,老虎
test,HC_M_019201_002,zh,17.990,18.230,SPEAKER_00,狐狸
test,HC_M_019201_002,zh,19.550,19.610,SPEAKER_00,狼
test,HC_M_019201_002,zh,21.170,21.530,SPEAKER_00,这个
test,HC_M_019201_002,zh,22.730,23.030,SPEAKER_00,狮子
test,HC_M_019201_002,zh,24.050,24.290,SPEAKER_00,鳄鱼
test,HC_M_019201_002,zh,25.910,26.270,SPEAKER_00,鲤鱼
test,HC_M_019201_002,zh,26.990,27.230,SPEAKER_00,鲫鱼
test,HC_M_019201_002,zh,27.830,28.070,SPEAKER_00,草鱼
test,HC_M_019201_002,zh,29.030,29.330,SPEAKER_00,鲢鱼
test,HC_M_019201_002,zh,30.170,30.470,SPEAKER_00,这个
test,HC_M_019201_002,zh,32.570,33.170,SPEAKER_00,还有好多了
test,HC_M_019201_002,zh,34.850,35.150,SPEAKER_00,骆驼
test,HC_M_019201_002,zh,36.290,37.070,SPEAKER_00,我马上说过了
test,HC_M_019201_002,zh,37.790,37.970,SPEAKER_00,鸡流
test,HC_M_019201_002,zh,39.350,39.590,SPEAKER_00,毛牛
test,HC_M_019201_002,zh,42.270,42.510,SPEAKER_00,海马
test,HC_M_019201_002,zh,43.110,43.350,SPEAKER_00,河马
test,HC_M_019201_002,zh,44.970,45.210,SPEAKER_00,鳄鱼
test,HC_M_019201_002,zh,49.560,50.760,SPEAKER_00,猪牛洋是完不了
test,HC_M_019201_002,zh,52.870,53.590,SPEAKER_00,公鸡母鸡
test,HC_M_019201_002,zh,56.370,56.610,SPEAKER_00,老鼠
test,HC_M_019201_002,zh,58.050,58.109,,蛇
test,HC_M_019201_003,zh,0.150,0.210,SPEAKER_00,呀
test,HC_M_019201_003,zh,1.170,1.410,SPEAKER_00,麻雀
test,HC_M_019201_003,zh,2.850,2.910,,嗯
test,HC_M_019201_003,zh,4.170,4.530,SPEAKER_00,喜鹊
test,HC_M_019201_003,zh,5.070,8.010,SPEAKER_00,这是个一家一一个厨房应该是吧厨房里面
test,HC_M_019201_003,zh,9.090,10.230,SPEAKER_00,家庭一个家庭主妇
test,HC_M_019201_003,zh,10.950,12.570,SPEAKER_00,两两个孩子是吧
test,HC_M_019201_003,zh,12.570,12.630,,嗯
test,HC_M_019201_003,zh,14.010,15.930,SPEAKER_00,哎呦这个刷碗在刷碗刷盘子
test,HC_M_019201_003,zh,16.590,17.790,SPEAKER_00,刷盘水池水
test,HC_M_019201_003,zh,18.570,19.230,SPEAKER_00,躺都不知道
test,HC_M_019201_003,zh,21.540,22.380,SPEAKER_00,小朋友去
test,HC_M_019201_003,zh,23.040,27.360,SPEAKER_00,拿凳子站着拿饼干这个凳子歪倒了这很危很危险
test,HC_M_019201_003,zh,30.390,31.410,SPEAKER_00,别的好像没很么清
test,HC_M_019201_003,zh,32.910,34.470,SPEAKER_00,在窗外怎西看不出来什么的
test,HC_M_019201_003,zh,36.960,42.300,SPEAKER_00,别的看不出来什么别的没有了还有什么东西没有什么东西这什么这几个盘子碗什么
test,HC_M_019201_003,zh,43.920,45.960,SPEAKER_00,水龙的水还得还得好好的躺着
test,HC_M_019201_003,zh,45.960,46.020,,去
test,HC_M_019201_003,zh,47.920,49.420,SPEAKER_00,这个房像已经拿了一块的
test,HC_M_019201_003,zh,50.920,56.080,SPEAKER_00,看不太啥这是个一间一一个厨房应该是吧厨房里面家庭一个家庭主妇
test,HC_M_019201_003,zh,56.680,59.800,SPEAKER_00,两两个孩子是吧哎呦这个刷碗再刷碗刷
test,HC_M_019201_004,zh,0.090,0.270,SPEAKER_00,盘子
test,HC_M_019201_004,zh,0.870,2.070,SPEAKER_00,大盘水池水
test,HC_M_019201_004,zh,2.850,4.890,SPEAKER_00,躺着不知道小朋友去
test,HC_M_019201_004,zh,5.550,9.870,SPEAKER_00,拿凳子站着拿饼干这个凳子歪倒了这很危很危险
test,HC_M_019201_004,zh,10.410,11.490,SPEAKER_00,别的好像没很清
test,HC_M_019201_004,zh,12.150,13.710,SPEAKER_00,这窗外都看不出来什么
test,HC_M_019201_004,zh,14.490,15.150,SPEAKER_00,的看不出来什么
test,HC_M_019201_004,zh,15.750,23.430,SPEAKER_00,别的没有呢还有什么东西为什么东西这什么这几个盘子碗什么水龙的水还在那还在好好的躺着这床上你经拿了一块饼干
test,HC_M_019201_004,zh,24.270,25.470,SPEAKER_00,看不出来啥水管
test,HC_M_019201_004,zh,26.430,26.970,SPEAKER_00,水龙头
test,HC_M_019201_004,zh,28.530,28.890,SPEAKER_00,水库
test,HC_M_019201_004,zh,32.040,32.400,SPEAKER_00,水壶
test,HC_M_019201_004,zh,33.060,33.420,SPEAKER_00,水瓶
test,HC_M_019201_004,zh,34.080,34.440,SPEAKER_00,水杯
test,HC_M_019201_004,zh,37.210,37.570,SPEAKER_00,水车
test,HC_M_019201_004,zh,40.920,40.980,SPEAKER_00,嗯
test,HC_M_019201_004,zh,41.640,42.600,SPEAKER_00,水什么玩意是
test,HC_M_019201_004,zh,44.040,45.120,SPEAKER_00,水平说过没有
test,HC_M_019201_004,zh,47.130,49.050,SPEAKER_00,水杯谁说过水杯说过
test,HC_M_019201_004,zh,49.770,50.190,SPEAKER_00,水壶
test,HC_M_019203_001,zh,0.030,0.090,SPEAKER_00,这
test,HC_M_019203_001,zh,0.630,2.850,SPEAKER_00,他拿饼干踩在凳子上要摔倒
test,HC_M_019203_001,zh,3.570,9.390,SPEAKER_00,他把这盖拿出来了这个呢就这个呢就是可能他妹妹然他就想拿着递给他
test,HC_M_019203_001,zh,10.410,11.070,SPEAKER_00,这个呢就在
test,HC_M_019203_001,zh,12.390,14.070,SPEAKER_00,洗碗的时候他可能想不舍了
test,HC_M_019203_001,zh,14.610,15.390,SPEAKER_00,就往下递水
test,HC_M_019203_001,zh,16.230,21.210,SPEAKER_00,吧递水是什么意思来着你又讲出什么意思整个一幅图的意思得到什么信息
test,HC_M_019203_001,zh,21.810,22.050,SPEAKER_00,饼干
test,HC_M_019203_001,zh,22.590,24.690,SPEAKER_00,流水他得到什么信息
test,HC_M_019203_001,zh,24.690,24.750,,这
test,HC_M_019203_001,zh,26.610,26.910,SPEAKER_00,早上
test,HC_M_019203_001,zh,28.470,29.850,SPEAKER_00,洗碗他说问什么
test,HC_M_019203_001,zh,30.570,31.770,SPEAKER_00,他说想什么东西呢
test,HC_M_019203_001,zh,32.910,35.190,SPEAKER_00,想不看不出来得到什么信息吧
test,HC_M_019203_001,zh,35.790,40.650,SPEAKER_00,我得到信息就准备吃早饭找什么一大早嘛就得洗碗晚上
test,HC_M_019203_001,zh,41.250,42.810,SPEAKER_00,他又要不就是没吃饱
test,HC_M_019203_001,zh,43.830,44.310,SPEAKER_00,要不晚饭
test,HC_M_019203_001,zh,45.870,47.370,SPEAKER_00,那不对画的什么东西啊
test,HC_M_019203_001,zh,47.910,48.510,SPEAKER_00,画什么东西
test,HC_M_019203_001,zh,49.770,50.010,SPEAKER_00,糖水
test,HC_M_019203_001,zh,51.030,51.270,SPEAKER_00,盘子
test,HC_M_019203_001,zh,52.050,52.650,SPEAKER_00,进着盘子
test,HC_M_019203_001,zh,53.250,53.850,SPEAKER_00,拿饼干
test,HC_M_019203_001,zh,54.990,59.790,SPEAKER_00,能看出什么人他他他妈妈是吧人有什么特点就下
test,HC_M_019203_002,zh,0.090,2.550,SPEAKER_00,天晚上那人就讲的就讲到夏天
test,HC_M_019203_002,zh,3.150,3.510,SPEAKER_00,狗猫
test,HC_M_019203_002,zh,4.230,4.470,SPEAKER_00,老鼠
test,HC_M_019203_002,zh,5.250,6.150,SPEAKER_00,死啊老虎
test,HC_M_019203_002,zh,7.350,7.710,SPEAKER_00,跳蚤
test,HC_M_019203_002,zh,11.680,12.880,SPEAKER_00,容易说那这干啥了
test,HC_M_019203_002,zh,14.200,14.440,SPEAKER_00,大象
test,HC_M_019203_002,zh,15.340,15.400,SPEAKER_00,暴
test,HC_M_019203_002,zh,16.000,16.060,SPEAKER_00,狼
test,HC_M_019203_002,zh,17.500,17.560,,嗯
test,HC_M_019203_002,zh,22.870,25.510,SPEAKER_00,这这是属于着急的行我就说这么多了
test,HC_M_019203_002,zh,26.350,34.690,SPEAKER_00,其你这个猛的一急说呢就想不起来但是要说的话跟他说很多那我那网上有一个有个北京的那个老师讲了
test,HC_M_019203_002,zh,35.590,36.970,SPEAKER_00,说七个让你说七个
test,HC_M_019203_002,zh,37.870,39.130,SPEAKER_00,你七个就很好说嘛
test,HC_M_019203_002,zh,40.870,42.550,SPEAKER_00,长颈鹿啊这个动物都是嘛
test,HC_M_019203_002,zh,45.920,49.040,SPEAKER_00,你些先就就觉得干啥就想着有有了一个正
test,HC_M_019203_002,zh,49.640,51.920,SPEAKER_00,他拿饼干踩在凳子上要摔倒
test,HC_M_019203_002,zh,52.640,58.400,SPEAKER_00,他把这杠拿出来了这个呢就这个呢就是可能他妹妹然他就想拿着递给他
test,HC_M_019203_002,zh,59.420,59.780,SPEAKER_00,这个呢就
test,HC_M_019203_003,zh,0.150,0.210,SPEAKER_00,在
test,HC_M_019203_003,zh,1.410,3.090,SPEAKER_00,洗碗的时候他可能想目色了
test,HC_M_019203_003,zh,3.630,4.410,SPEAKER_00,就往下递水
test,HC_M_019203_003,zh,6.090,9.750,SPEAKER_00,是吧递水什么意思来着你要讲出什么意思整个一幅图这
test,HC_M_019203_003,zh,10.710,12.030,SPEAKER_00,得到什么信息啊
test,HC_M_019203_003,zh,12.870,13.110,SPEAKER_00,饼干
test,HC_M_019203_003,zh,14.850,16.470,SPEAKER_00,流水他得到什么信息
test,HC_M_019203_003,zh,18.150,18.210,,这
test,HC_M_019203_003,zh,20.130,20.430,SPEAKER_00,早晨
test,HC_M_019203_003,zh,21.330,21.390,,吃
test,HC_M_019203_003,zh,22.050,23.670,SPEAKER_00,洗碗他是为什么么
test,HC_M_019203_003,zh,24.210,25.350,SPEAKER_00,他是想什么东西呢
test,HC_M_019203_003,zh,26.430,27.930,SPEAKER_00,这这想目看不出来
test,HC_M_019203_003,zh,29.610,30.630,SPEAKER_00,得到什么信息呢
test,HC_M_019203_003,zh,31.890,33.750,SPEAKER_00,我得到信息就准备吃早饭
test,HC_M_019203_003,zh,36.700,39.280,SPEAKER_00,早他么一大早嘛就得洗一碗碗他
test,HC_M_019203_003,zh,39.820,41.380,SPEAKER_00,他又要不就是没吃饱
test,HC_M_019203_003,zh,44.280,45.240,SPEAKER_00,要不晚卖这
test,HC_M_019203_003,zh,46.320,47.880,SPEAKER_00,那不对画的什么东西啊
test,HC_M_019203_003,zh,48.420,49.140,SPEAKER_00,画的什么东西啊
test,HC_M_019203_003,zh,50.820,51.120,SPEAKER_00,糖水
test,HC_M_019203_003,zh,58.040,59.660,SPEAKER_00,牌子是镜子牌子
test,HC_M_019203_004,zh,1.250,1.790,SPEAKER_00,买饼干
test,HC_M_019203_004,zh,3.700,4.480,SPEAKER_00,你能看出什么了
test,HC_M_019203_004,zh,6.040,8.140,SPEAKER_00,人他都都他他妈妈的是吧
test,HC_M_019203_004,zh,9.340,13.660,SPEAKER_00,人有什么特点就夏天嘛是吧知吧人就讲的就讲到夏天
test,HC_M_019203_004,zh,16.290,17.550,SPEAKER_00,看不出来没有没有了
test,HC_M_019203_004,zh,18.149,18.450,SPEAKER_01,开关
test,HC_M_019203_004,zh,19.890,20.130,SPEAKER_01,开水
test,HC_M_019203_004,zh,20.970,21.150,SPEAKER_01,开水
test,HC_M_019203_004,zh,25.640,26.180,SPEAKER_01,这个安慰
test,HC_M_019203_004,zh,28.740,29.280,SPEAKER_01,开着出
test,HC_M_019203_004,zh,31.960,33.220,SPEAKER_01,这个就不知道了这个
test,HC_M_019203_004,zh,34.300,35.260,SPEAKER_01,也不想想了是
test,HC_M_019203_004,zh,35.260,35.320,,吧
test,HC_M_019203_004,zh,36.580,37.600,SPEAKER_01,第一个要开是吧
test,HC_M_019203_004,zh,39.040,40.840,SPEAKER_01,开心不是不是不是这个了吧
test,HC_M_019203_004,zh,41.860,42.160,SPEAKER_01,油菜
test,HC_M_019203_004,zh,43.060,43.300,SPEAKER_01,青菜
test,HC_M_019203_004,zh,44.200,44.260,,呃
test,HC_M_019203_004,zh,45.100,45.460,SPEAKER_01,生菜
test,HC_M_019203_004,zh,46.660,46.900,SPEAKER_01,白菜
test,HC_M_019203_004,zh,48.340,48.580,SPEAKER_01,黄瓜
test,HC_M_019203_004,zh,49.540,49.840,SPEAKER_01,萝卜
test,HC_M_019203_004,zh,50.560,50.980,SPEAKER_01,西红柿
test,HC_M_019203_004,zh,52.000,52.060,,嗯
test,HC_M_019203_004,zh,53.740,53.980,SPEAKER_01,豆芽
test,HC_M_019203_004,zh,57.520,58.600,SPEAKER_01,福建省路亚
test,HC_M_019203_005,zh,1.320,1.560,SPEAKER_00,南瓜
test,HC_M_019203_005,zh,2.640,2.940,SPEAKER_00,冬瓜
test,HC_M_019203_005,zh,4.740,5.040,SPEAKER_00,莴笋
test,HC_M_019203_005,zh,10.370,10.730,SPEAKER_00,荧墨水
test,HC_M_019203_005,zh,15.550,15.850,SPEAKER_00,记菜
test,HC_M_019203_005,zh,17.110,17.530,SPEAKER_00,苦苦菜
test,HC_M_019203_005,zh,18.250,21.550,SPEAKER_00,可能不行了这给你弄的头都不想说了
test,HC_M_019203_005,zh,22.750,23.110,SPEAKER_00,他开
test,HC_M_019203_005,zh,23.950,24.190,SPEAKER_00,要水
test,HC_M_019203_005,zh,25.690,27.850,SPEAKER_00,一说多了我想想受不了多
test,HC_M_019203_005,zh,29.530,31.870,SPEAKER_00,你想不到那有一东西可就想不到那个地方
test,HC_M_019203_005,zh,33.490,34.390,SPEAKER_00,想想不起太多
test,HC_M_019203_005,zh,35.890,36.790,SPEAKER_00,行我可我想想
test,HC_M_019203_005,zh,37.450,37.930,SPEAKER_00,说吧行
test,HC_M_019203_005,zh,38.470,40.630,SPEAKER_00,你想也说不了几个就能说几个了
test,HC_M_019203_005,zh,41.590,41.650,SPEAKER_00,好
test,HC_M_019205_001,zh,0.270,0.990,SPEAKER_00,开门大街
test,HC_M_019205_001,zh,1.530,2.310,SPEAKER_00,开门进山
test,HC_M_019205_001,zh,3.030,3.090,,呃
test,HC_M_019205_001,zh,3.870,4.170,SPEAKER_00,开门
test,HC_M_019205_001,zh,5.670,6.510,SPEAKER_00,开山住
test,HC_M_019205_001,zh,7.230,7.890,SPEAKER_00,也明显
test,HC_M_019205_001,zh,10.510,10.930,SPEAKER_01,开水
test,HC_M_019205_001,zh,14.550,16.110,SPEAKER_01,记得给他很多了想想的道
test,HC_M_019205_001,zh,18.180,18.660,SPEAKER_00,cp
test,HC_M_019205_001,zh,22.760,23.240,SPEAKER_01,想不起来
test,HC_M_019205_001,zh,26.880,27.180,SPEAKER_00,电脑
test,HC_M_019205_001,zh,27.960,28.320,SPEAKER_00,椅子
test,HC_M_019205_001,zh,29.700,29.760,,呃
test,HC_M_019205_001,zh,30.360,30.660,SPEAKER_00,茶杯
test,HC_M_019205_001,zh,31.260,31.320,,呃
test,HC_M_019205_001,zh,32.640,35.580,SPEAKER_00,电冰箱洗衣机电视机空调
test,HC_M_019205_001,zh,36.360,36.420,,嗯
test,HC_M_019205_001,zh,39.180,39.660,SPEAKER_00,收音机
test,HC_M_019205_001,zh,40.620,40.680,,嗯
test,HC_M_019205_001,zh,41.640,42.720,SPEAKER_00,照相机手机
test,HC_M_019205_001,zh,43.500,43.560,,嗯
test,HC_M_019205_001,zh,45.120,46.020,SPEAKER_00,洗那个什么
test,HC_M_019205_001,zh,47.280,47.700,SPEAKER_00,热水器
test,HC_M_019205_001,zh,48.540,48.600,,嗯
test,HC_M_019205_001,zh,51.340,52.360,SPEAKER_00,汽车火车
test,HC_M_019205_001,zh,53.080,53.320,SPEAKER_00,轮船
test,HC_M_019205_001,zh,54.400,54.700,SPEAKER_00,飞机
test,HC_M_019205_001,zh,55.840,56.140,SPEAKER_00,火箭
test,HC_M_019205_001,zh,56.740,56.920,SPEAKER_00,大炮
test,HC_M_019205_001,zh,58.060,59.440,SPEAKER_00,这都军事工具了
test,HC_M_019205_002,zh,0.030,0.330,SPEAKER_00,呃嗯
test,HC_M_019205_002,zh,1.650,3.390,SPEAKER_00,还有工具茶杯碗
test,HC_M_019205_002,zh,4.590,4.830,SPEAKER_00,勺子
test,HC_M_019205_002,zh,5.550,6.690,SPEAKER_00,条这个筷子
test,HC_M_019205_002,zh,7.230,7.290,,嗯
test,HC_M_019205_002,zh,10.170,10.410,SPEAKER_00,脸盆
test,HC_M_019205_002,zh,11.730,12.030,SPEAKER_00,铁锅
test,HC_M_019205_002,zh,12.630,12.870,SPEAKER_00,铝锅
test,HC_M_019205_002,zh,13.470,13.530,,嗯
test,HC_M_019205_002,zh,16.290,16.530,SPEAKER_00,工具
test,HC_M_019205_002,zh,19.000,19.900,SPEAKER_00,工具工具工具
test,HC_M_019205_002,zh,20.920,21.940,SPEAKER_00,一下子想不起来了
test,HC_M_019205_002,zh,23.140,23.440,SPEAKER_00,工具
test,HC_M_019205_002,zh,25.710,26.130,SPEAKER_00,猪牛
test,HC_M_019205_002,zh,26.730,27.930,SPEAKER_00,马羊狗兔
test,HC_M_019205_002,zh,29.190,29.610,SPEAKER_00,鸡鸭
test,HC_M_019205_002,zh,30.210,30.270,SPEAKER_00,鱼
test,HC_M_019205_002,zh,31.350,33.690,SPEAKER_00,这个刚才看的是狮只老虎
test,HC_M_019205_002,zh,34.410,34.470,SPEAKER_00,呃
test,HC_M_019205_002,zh,35.190,35.430,SPEAKER_00,犀牛
test,HC_M_019205_002,zh,36.090,36.810,SPEAKER_00,呃骆驼
test,HC_M_019205_002,zh,37.770,37.830,SPEAKER_00,马
test,HC_M_019205_002,zh,38.670,39.150,SPEAKER_00,牛羊
test,HC_M_019205_002,zh,39.930,39.990,,呃
test,HC_M_019205_002,zh,42.630,42.690,SPEAKER_00,蛇
test,HC_M_019205_002,zh,43.470,43.530,,呃
test,HC_M_019205_002,zh,45.090,45.330,SPEAKER_00,壁虎
test,HC_M_019205_002,zh,46.410,46.590,SPEAKER_00,苍蝇
test,HC_M_019205_002,zh,47.310,47.610,SPEAKER_00,臭虫
test,HC_M_019205_002,zh,48.150,48.450,SPEAKER_00,跳蚤
test,HC_M_019205_002,zh,50.610,50.790,SPEAKER_00,还有
test,HC_M_019205_002,zh,51.930,51.990,,呃
test,HC_M_019205_002,zh,53.490,53.730,SPEAKER_00,喜鹊
test,HC_M_019205_002,zh,55.050,55.710,SPEAKER_00,呃孔雀
test,HC_M_019205_002,zh,56.250,56.310,SPEAKER_00,呃
test,HC_M_019205_002,zh,57.509,57.810,SPEAKER_00,马雀
test,HC_M_019205_002,zh,58.530,58.590,,呃
test,HC_M_019205_003,zh,0.610,0.910,SPEAKER_00,小二
test,HC_M_019205_003,zh,1.570,1.810,SPEAKER_00,手房
test,HC_M_019205_003,zh,3.820,4.120,SPEAKER_00,兔子
test,HC_M_019205_003,zh,5.140,7.060,SPEAKER_00,老虎这烧身药里面侬
test,HC_M_019205_003,zh,9.040,9.100,SPEAKER_00,鸡
test,HC_M_019205_003,zh,11.320,11.380,SPEAKER_00,狗
test,HC_M_019205_003,zh,15.460,16.060,SPEAKER_00,时间不起
test,HC_M_019205_003,zh,17.080,17.800,SPEAKER_00,嗯他是
test,HC_M_019205_003,zh,18.400,23.020,SPEAKER_00,站在椅子凳子上面去拿饼干给这个女孩是吧
test,HC_M_019205_003,zh,23.680,26.860,SPEAKER_00,主要的是反这样个意思这个呢是个女孩
test,HC_M_019205_003,zh,28.480,28.720,SPEAKER_00,还是
test,HC_M_019205_003,zh,29.860,29.920,SPEAKER_00,在
test,HC_M_019205_003,zh,30.700,34.360,SPEAKER_00,房间里面手里拿什么呢拿的镜子吗不行
test,HC_M_019205_003,zh,35.380,36.580,SPEAKER_00,这里面东西还是
test,HC_M_019205_003,zh,37.180,38.020,SPEAKER_00,这是是碗
test,HC_M_019205_003,zh,38.740,39.220,SPEAKER_00,这是水
test,HC_M_019205_003,zh,40.180,40.900,SPEAKER_00,水流出来了
test,HC_M_019205_003,zh,41.440,41.680,SPEAKER_00,对吧
test,HC_M_019205_003,zh,42.280,44.800,SPEAKER_00,煤气上面烧的水好像水流出来了
test,HC_M_019205_003,zh,45.580,45.940,SPEAKER_00,这是
test,HC_M_019205_003,zh,46.900,51.340,SPEAKER_00,这什么东西呢这是窗子这是窗帘这是那那个
test,HC_M_019205_003,zh,51.940,56.560,SPEAKER_00,灶台这是柜子门对吧这也是门这个的就是那个
test,HC_M_019205_003,zh,57.160,59.740,SPEAKER_00,台台绕对吧这是那个煤气灶
test,HC_M_019205_004,zh,0.000,6.990,SPEAKER_00,但是他这煤气灶它上面怎么没了个油烟机呢这个是油烟机吗可能这是就是机啊他这个上面是拿东西
test,HC_M_019205_004,zh,7.530,7.590,SPEAKER_00,是
test,HC_M_019205_004,zh,8.189,10.470,SPEAKER_00,啊这个是在这个饼盖柜子里面对
test,HC_M_019205_004,zh,11.010,13.410,SPEAKER_00,是开里面这个门是关的拿下来
test,HC_M_019205_004,zh,15.450,15.870,SPEAKER_00,柜柜
test,HC_M_019205_004,zh,22.230,22.290,SPEAKER_00,下
test,HC_M_019205_004,zh,23.910,24.810,SPEAKER_00,说了吧是柜
test,HC_M_019205_004,zh,25.470,27.630,SPEAKER_00,门嘛对吧这个一
test,HC_M_019205_004,zh,28.710,29.790,SPEAKER_00,台对吧这个
test,HC_M_019205_004,zh,31.890,32.070,SPEAKER_00,上面
test,HC_M_019205_004,zh,33.630,33.690,SPEAKER_00,柜
test,HC_M_019205_004,zh,34.710,34.770,SPEAKER_00,家
test,HC_M_019205_004,zh,37.230,37.410,SPEAKER_00,这个
test,HC_M_019205_004,zh,37.950,38.190,SPEAKER_00,窗帘
test,HC_M_019205_004,zh,39.630,39.810,SPEAKER_00,窗帘
test,HC_M_019205_004,zh,40.350,41.670,SPEAKER_00,玻璃里面外面东
test,HC_M_019205_004,zh,43.290,43.350,SPEAKER_00,上
test,HC_M_019205_004,zh,45.570,46.110,SPEAKER_00,插插盘
test,HC_M_019205_004,zh,46.710,47.910,SPEAKER_00,两个盘子吧
test,HC_M_019205_004,zh,50.610,51.930,SPEAKER_00,这小的什么东西
test,HC_M_019205_004,zh,52.830,53.190,SPEAKER_00,个按钮
test,HC_M_019205_004,zh,54.390,57.210,SPEAKER_00,应该是煤气上面这上面是干什这水
test,HC_M_019205_004,zh,57.750,59.370,SPEAKER_00,应为是对这个门
test,HC_M_019205_005,zh,0.090,0.930,SPEAKER_00,这碗笛子
test,HC_M_019205_005,zh,1.530,9.810,SPEAKER_00,其他还有什么这人就别说了穿的裙子鞋子对吧这个就别说了这男孩男孩是吧
test,HC_M_019205_005,zh,10.590,11.730,SPEAKER_00,我好像没发现啊
test,HC_M_019205_005,zh,12.450,13.530,SPEAKER_00,水漫军战事
test,HC_M_019205_005,zh,14.250,14.310,,呃
test,HC_M_019205_005,zh,15.450,16.230,SPEAKER_00,水调钩头
test,HC_M_019205_005,zh,17.190,17.250,,呃
test,HC_M_019205_005,zh,19.230,19.530,SPEAKER_00,水意
test,HC_M_019205_005,zh,23.020,23.080,SPEAKER_00,谁
test,HC_M_019205_005,zh,28.050,28.410,SPEAKER_00,所以
test,HC_M_019205_005,zh,30.550,30.610,SPEAKER_00,水
test,HC_M_019205_005,zh,31.570,31.870,SPEAKER_00,水杯
test,HC_M_019205_005,zh,32.590,33.610,SPEAKER_00,水泥的到处都是
test,HC_M_019205_005,zh,35.470,35.830,SPEAKER_00,水荒
test,HC_M_019205_005,zh,37.510,37.810,SPEAKER_00,水灾
test,HC_M_019205_005,zh,39.370,39.610,SPEAKER_00,大葱
test,HC_M_019205_005,zh,40.210,40.450,SPEAKER_00,大蒜
test,HC_M_019205_005,zh,41.350,41.650,SPEAKER_00,菠菜
test,HC_M_019205_005,zh,42.190,42.430,SPEAKER_00,青菜
test,HC_M_019205_005,zh,43.390,43.690,SPEAKER_00,白菜
test,HC_M_019205_005,zh,44.650,45.130,SPEAKER_00,胡萝卜
test,HC_M_019205_005,zh,46.150,46.690,SPEAKER_00,红萝卜
test,HC_M_019205_005,zh,47.410,47.950,SPEAKER_00,黄萝卜
test,HC_M_019205_005,zh,48.490,48.550,,嗯
test,HC_M_019205_005,zh,50.350,50.650,SPEAKER_00,紫菜
test,HC_M_019205_005,zh,51.370,51.430,,嗯
test,HC_M_019205_005,zh,53.470,53.830,SPEAKER_00,蘑菇
test,HC_M_019205_005,zh,55.030,55.270,SPEAKER_00,大椒
test,HC_M_019205_005,zh,56.110,56.170,,嗯
test,HC_M_019205_005,zh,56.890,57.190,SPEAKER_00,黄瓜
test,HC_M_019205_005,zh,58.030,58.090,,嗯
test,HC_M_019205_006,zh,1.480,1.780,SPEAKER_00,土豆
test,HC_M_019205_006,zh,2.320,2.380,SPEAKER_00,呃
test,HC_M_019205_006,zh,3.700,3.940,SPEAKER_00,红薯
test,HC_M_019205_006,zh,4.600,4.660,SPEAKER_00,嗯
test,HC_M_019205_006,zh,6.940,7.240,SPEAKER_00,蘑菇
test,HC_M_019205_006,zh,8.200,8.560,SPEAKER_00,香菇
test,HC_M_019205_006,zh,9.400,9.459,,嗯
test,HC_M_019205_006,zh,13.180,13.240,SPEAKER_00,将
test,HC_M_019205_006,zh,14.140,14.200,,呃
test,HC_M_019205_006,zh,16.060,16.120,,呃
test,HC_M_019205_006,zh,20.020,20.380,SPEAKER_00,香菜
test,HC_M_019205_006,zh,21.040,21.100,,呃
test,HC_M_019205_006,zh,21.759,22.060,SPEAKER_00,菠菜
test,HC_M_019205_006,zh,24.650,24.950,SPEAKER_00,韭菜
test,HC_M_019205_006,zh,26.990,27.290,SPEAKER_00,芥菜
test,HC_M_019205_006,zh,29.900,30.200,SPEAKER_00,茄子
test,HC_M_019205_006,zh,31.280,31.520,SPEAKER_00,黄瓜
test,HC_M_019209_001,zh,0.730,2.409,SPEAKER_00,猴子四只老虎
test,HC_M_019209_001,zh,3.910,4.270,SPEAKER_00,斑马
test,HC_M_019209_001,zh,4.870,5.470,SPEAKER_00,长颈鹿
test,HC_M_019209_001,zh,6.070,6.910,SPEAKER_00,梅花鹿
test,HC_M_019209_001,zh,7.810,7.870,,呃
test,HC_M_019209_001,zh,9.850,10.150,SPEAKER_00,犀牛
test,HC_M_019209_001,zh,11.230,11.290,,嗯
test,HC_M_019209_001,zh,12.490,12.550,SPEAKER_00,是
test,HC_M_019209_001,zh,13.990,14.350,SPEAKER_00,狗熊
test,HC_M_019209_001,zh,15.730,16.270,SPEAKER_00,北极熊
test,HC_M_019209_001,zh,17.290,17.590,SPEAKER_00,企鹅
test,HC_M_019209_001,zh,18.490,18.550,SPEAKER_00,嗯
test,HC_M_019209_001,zh,21.740,22.040,SPEAKER_00,狐里
test,HC_M_019209_001,zh,23.000,23.060,SPEAKER_00,郎
test,HC_M_019209_001,zh,26.950,27.490,SPEAKER_00,今天报
test,HC_M_019209_001,zh,33.460,33.520,SPEAKER_00,毛
test,HC_M_019209_001,zh,38.570,38.870,SPEAKER_00,骆驼
test,HC_M_019209_001,zh,39.470,39.710,SPEAKER_00,皮牛
test,HC_M_019209_001,zh,40.850,41.210,SPEAKER_00,狮子
test,HC_M_019209_001,zh,45.950,48.470,SPEAKER_00,在这个一家人这个厨房里边
test,HC_M_019209_001,zh,49.430,50.150,SPEAKER_00,有一个
test,HC_M_019209_001,zh,51.770,55.790,SPEAKER_00,妈妈呢正在洗盘子洗盘子呢突然想到了一件事儿
test,HC_M_019209_001,zh,56.510,57.110,SPEAKER_00,他就想
test,HC_M_019209_001,zh,57.890,58.190,SPEAKER_00,今天
test,HC_M_019209_001,zh,59.150,59.690,SPEAKER_00,这上午
test,HC_M_019209_002,zh,0.090,0.150,SPEAKER_00,我
test,HC_M_019209_002,zh,1.050,2.850,SPEAKER_00,有一件事是应该做的
test,HC_M_019209_002,zh,3.450,5.130,SPEAKER_00,这什么事呢想不起来了
test,HC_M_019209_002,zh,5.790,5.850,SPEAKER_00,啊
test,HC_M_019209_002,zh,6.690,7.290,SPEAKER_00,他就在想
test,HC_M_019209_002,zh,8.130,9.510,SPEAKER_00,这时候呢怎么样他还
test,HC_M_019209_002,zh,10.050,11.250,SPEAKER_00,还在这洗盘子呢
test,HC_M_019209_002,zh,12.090,13.950,SPEAKER_00,这时候呢这个水龙头呢这个水
test,HC_M_019209_002,zh,14.970,16.590,SPEAKER_00,在这水池里满了都
test,HC_M_019209_002,zh,17.310,18.930,SPEAKER_00,都这个都上外淌了
test,HC_M_019209_002,zh,19.650,24.030,SPEAKER_00,躺了一厨房子似的他仍然在想还不知道啊还不知道啊
test,HC_M_019209_002,zh,25.050,27.510,SPEAKER_00,在这个厨房的另一呢呢就是他的这个
test,HC_M_019209_002,zh,28.350,32.070,SPEAKER_00,呃有一个他有两个孩子一个女儿呢一个儿子
test,HC_M_019209_002,zh,32.850,35.730,SPEAKER_00,嗯小女孩呢就要要要要吃饼干
test,HC_M_019209_002,zh,36.690,38.790,SPEAKER_00,他就让葛哥拿哥哥说我够不到
test,HC_M_019209_002,zh,39.570,39.930,SPEAKER_00,够不到
test,HC_M_019209_002,zh,40.710,42.210,SPEAKER_00,就说这样吧我给你搬
test,HC_M_019209_002,zh,42.750,47.730,SPEAKER_00,骂位不对嫌让样我搬个凳子了啊搬个凳子呢他就给他妹妹购饼干
test,HC_M_019209_002,zh,48.510,49.950,SPEAKER_00,啊在够的时候怎么样
test,HC_M_019209_002,zh,50.490,51.930,SPEAKER_00,这个小男孩在上面一动
test,HC_M_019209_002,zh,52.530,52.590,SPEAKER_00,啊
test,HC_M_019209_002,zh,53.910,56.130,SPEAKER_00,这个下边这个凳子就歪了啊
test,HC_M_019209_002,zh,56.730,57.030,SPEAKER_00,歪了
test,HC_M_019209_002,zh,57.990,59.790,SPEAKER_00,歪了给他拿饼干递给他
test,HC_M_019209_003,zh,0.030,1.590,SPEAKER_00,就歪了歪了怎样可能要
test,HC_M_019209_003,zh,2.370,2.970,SPEAKER_00,啊睡倒
test,HC_M_019209_003,zh,3.510,3.570,SPEAKER_00,啊
test,HC_M_019209_003,zh,4.590,5.670,SPEAKER_00,睡倒以后怎看
test,HC_M_019209_003,zh,6.270,7.290,SPEAKER_00,啊结果就把
test,HC_M_019209_003,zh,8.250,10.110,SPEAKER_00,啊的一声就睡下来了啊
test,HC_M_019209_003,zh,11.250,13.290,SPEAKER_00,头呢碰到这个橱柜上了啊
test,HC_M_019209_003,zh,14.670,16.950,SPEAKER_00,这时候呢妈妈才才才突然
test,HC_M_019209_003,zh,17.610,18.150,SPEAKER_00,反应过来
test,HC_M_019209_003,zh,18.810,18.870,SPEAKER_00,啊
test,HC_M_019209_003,zh,19.470,21.930,SPEAKER_00,小孩睡倒了啊地上都是屎
test,HC_M_019209_003,zh,22.530,22.590,SPEAKER_00,啊
test,HC_M_019209_003,zh,23.670,24.810,SPEAKER_00,他就就就就
test,HC_M_019209_003,zh,25.950,27.030,SPEAKER_00,很后悔啊
test,HC_M_019209_003,zh,28.410,29.370,SPEAKER_00,通过这个事情就
test,HC_M_019209_003,zh,29.970,31.230,SPEAKER_00,可以看到就是说
test,HC_M_019209_003,zh,31.950,32.250,SPEAKER_00,就是说
test,HC_M_019209_003,zh,33.270,33.570,SPEAKER_00,什么
test,HC_M_019209_003,zh,34.230,39.570,SPEAKER_00,什么什么事情都一进不能二用啊一见而用怎样就是发发生
test,HC_M_019209_003,zh,40.110,41.910,SPEAKER_00,啊一些不该发生的事
test,HC_M_019209_003,zh,43.230,45.270,SPEAKER_00,然后他们就是说赶快
test,HC_M_019209_003,zh,46.050,47.610,SPEAKER_00,把这个儿子扶起来
test,HC_M_019209_003,zh,48.390,48.450,SPEAKER_00,啊
test,HC_M_019209_003,zh,48.990,52.830,SPEAKER_00,然后呢就是让这个这个橱土里了橱柜上面就是有
test,HC_M_019209_003,zh,53.670,53.850,SPEAKER_00,已经
test,HC_M_019209_003,zh,54.870,56.850,SPEAKER_00,挺好的碗还没洗好的碗啊
test,HC_M_019209_003,zh,57.390,58.530,SPEAKER_00,就就都放在那
test,HC_M_019209_003,zh,59.250,59.850,SPEAKER_00,刚刚开始洗
test,HC_M_019209_004,zh,0.690,1.710,SPEAKER_00,嗯刚刚是吃完
test,HC_M_019209_004,zh,2.370,3.030,SPEAKER_00,吃完早饭
test,HC_M_019209_004,zh,4.230,7.950,SPEAKER_00,这可看不清来那好像是人怨人的一点就是我觉是
test,HC_M_019209_004,zh,8.670,9.930,SPEAKER_01,嗯你看一下
test,HC_M_019209_004,zh,9.930,11.490,SPEAKER_00,他就这个这个这个这个小
test,HC_M_019209_004,zh,12.030,12.810,SPEAKER_00,妹妹嗯
test,HC_M_019209_004,zh,13.590,16.950,SPEAKER_00,已经拿了一块吃了时还要再给他拿摔倒了
test,HC_M_019209_004,zh,19.170,20.310,SPEAKER_00,继续拿水道吧
test,HC_M_019209_004,zh,20.910,21.270,SPEAKER_01,白菜
test,HC_M_019209_004,zh,22.650,23.010,SPEAKER_01,香菜
test,HC_M_019209_004,zh,23.730,23.790,SPEAKER_01,嗯
test,HC_M_019209_004,zh,24.570,25.050,SPEAKER_01,胡萝卜
test,HC_M_019209_004,zh,25.710,25.770,SPEAKER_01,嗯
test,HC_M_019209_004,zh,27.810,28.110,SPEAKER_01,青菜
test,HC_M_019209_004,zh,29.190,29.490,SPEAKER_01,芹菜
test,HC_M_019209_004,zh,32.330,32.870,SPEAKER_01,老婆吧
test,HC_M_019209_004,zh,39.460,39.820,SPEAKER_01,辣椒
test,HC_M_019209_004,zh,43.300,43.840,SPEAKER_01,大白菜
test,HC_M_019209_004,zh,44.620,45.220,SPEAKER_01,爆心菜
test,HC_M_019209_004,zh,47.740,48.100,SPEAKER_01,记菜
test,HC_M_019209_004,zh,51.820,52.360,SPEAKER_00,马娃菜
test,HC_M_019209_004,zh,53.320,53.740,SPEAKER_00,那个
test,HC_M_019209_004,zh,58.440,58.860,SPEAKER_00,香村
test,HC_M_019214_001,zh,0.580,0.880,SPEAKER_00,青菜
test,HC_M_019214_001,zh,1.420,1.720,SPEAKER_00,白菜
test,HC_M_019214_001,zh,2.320,2.680,SPEAKER_00,萝卜
test,HC_M_019214_001,zh,4.720,5.020,SPEAKER_00,豆芽
test,HC_M_019214_001,zh,5.980,6.400,SPEAKER_00,豆腐
test,HC_M_019214_001,zh,8.140,8.440,SPEAKER_00,黄瓜
test,HC_M_019214_001,zh,9.220,9.520,SPEAKER_00,番茄
test,HC_M_019214_001,zh,14.060,14.420,SPEAKER_00,芹菜
test,HC_M_019214_001,zh,16.340,16.760,SPEAKER_00,土豆
test,HC_M_019214_001,zh,27.260,27.620,SPEAKER_00,不做饭
test,HC_M_019214_001,zh,28.400,28.460,SPEAKER_00,吃
test,HC_M_019214_001,zh,29.660,30.980,SPEAKER_00,平日接触的就这一些
test,HC_M_019214_001,zh,32.300,32.960,SPEAKER_00,已经吃了
test,HC_M_019214_001,zh,34.640,34.880,SPEAKER_00,苗虎
test,HC_M_019214_001,zh,35.720,35.960,SPEAKER_00,大象
test,HC_M_019214_001,zh,37.160,37.340,SPEAKER_00,猴子
test,HC_M_019214_001,zh,38.000,38.060,SPEAKER_00,狗
test,HC_M_019214_001,zh,38.600,38.660,SPEAKER_00,毛
test,HC_M_019214_001,zh,40.040,40.460,SPEAKER_00,鸡鸭
test,HC_M_019214_001,zh,42.080,42.140,SPEAKER_00,蛇
test,HC_M_019214_001,zh,43.520,43.760,SPEAKER_00,苗虎
test,HC_M_019214_001,zh,44.660,44.840,SPEAKER_00,大象
test,HC_M_019214_001,zh,46.040,46.220,SPEAKER_00,猴子
test,HC_M_019214_001,zh,46.940,47.000,SPEAKER_00,狗
test,HC_M_019214_001,zh,47.540,47.600,SPEAKER_00,毛
test,HC_M_019214_001,zh,48.740,49.160,SPEAKER_00,鸡鸭
test,HC_M_019214_001,zh,50.480,50.540,SPEAKER_00,蛇
test,HC_M_019214_001,zh,53.180,53.360,SPEAKER_00,狐狸
test,HC_M_019214_001,zh,54.020,54.080,SPEAKER_00,豹
test,HC_M_019214_001,zh,55.400,55.640,SPEAKER_00,骆驼
test,HC_M_019214_001,zh,57.080,57.500,SPEAKER_00,黄鹂鸭
test,HC_M_019214_001,zh,58.040,58.280,SPEAKER_00,青蛙
test,HC_M_019216_001,zh,0.030,12.810,SPEAKER_00,一个家庭两个主妇在厨房里水龙头给移出来了开碗就水龙头移出来了就是窗外有一个三角的凳子他爬上去拿饼干凳子都歪了要倒了壁柜厨房里面水龙头但是没有
test,HC_M_019216_001,zh,13.350,13.770,SPEAKER_00,有灶具
test,HC_M_019216_001,zh,14.370,20.190,SPEAKER_00,没灶具窗外做饭炒菜怎么就西碗凳子一般是四角的上角也有三角也有但是
test,HC_M_019216_001,zh,21.090,21.690,SPEAKER_00,墙样
test,HC_M_019216_001,zh,22.230,23.310,SPEAKER_00,放在那上面什么呢
test,HC_M_019216_001,zh,24.990,25.770,SPEAKER_00,就是窗外
test,HC_M_019216_001,zh,26.370,27.210,SPEAKER_00,就是开一个盘子
test,HC_M_019216_001,zh,28.110,31.290,SPEAKER_00,盘子就是外一片森林就是另外一种房子
test,HC_M_019216_001,zh,31.830,36.690,SPEAKER_00,就是一棵树一棵大树窗帘灯光灯旁没看到什么地就是一片
test,HC_M_019216_001,zh,37.470,37.710,SPEAKER_00,树林
test,HC_M_019216_001,zh,38.790,40.230,SPEAKER_00,树就另外的林房子
test,HC_M_019217_001,zh,0.210,0.630,SPEAKER_00,哎鸭
test,HC_M_019217_001,zh,1.350,1.410,SPEAKER_00,猫
test,HC_M_019217_001,zh,2.070,2.490,SPEAKER_00,狗鹅
test,HC_M_019217_001,zh,3.990,4.590,SPEAKER_00,羊猪
test,HC_M_019217_001,zh,5.610,5.670,SPEAKER_00,牛
test,HC_M_019217_001,zh,7.470,7.530,SPEAKER_00,马
test,HC_M_019217_001,zh,9.210,10.050,SPEAKER_00,老虎狮子
test,HC_M_019217_001,zh,11.010,11.070,SPEAKER_00,呃
test,HC_M_019217_001,zh,12.150,12.510,SPEAKER_00,熊猫
test,HC_M_019217_001,zh,13.710,13.950,SPEAKER_00,豹子
test,HC_M_019217_001,zh,15.150,15.210,SPEAKER_00,呃
test,HC_M_019217_001,zh,16.890,17.190,SPEAKER_00,骆驼
test,HC_M_019217_001,zh,18.810,19.110,SPEAKER_00,海马
test,HC_M_019217_001,zh,20.970,21.210,SPEAKER_00,海豚
test,HC_M_019217_001,zh,22.230,22.290,SPEAKER_00,鱼
test,HC_M_019217_001,zh,24.540,24.570,,呃
test,HC_M_019217_001,zh,28.280,28.340,SPEAKER_00,是
test,HC_M_019217_001,zh,30.640,31.000,SPEAKER_00,我说啊
test,HC_M_019217_001,zh,33.070,34.030,SPEAKER_00,你问号到吗呃
test,HC_M_019217_001,zh,38.650,38.710,SPEAKER_00,李
test,HC_M_019217_001,zh,40.330,40.630,SPEAKER_00,诞于
test,HC_M_019217_001,zh,42.870,42.930,SPEAKER_00,虾
test,HC_M_019217_001,zh,44.070,44.910,SPEAKER_00,你不说那
test,HC_M_019217_001,zh,45.690,45.750,SPEAKER_00,呃
test,HC_M_019217_001,zh,48.990,49.350,SPEAKER_00,草鱼
test,HC_M_019217_001,zh,50.010,50.370,SPEAKER_00,萝卜
test,HC_M_019217_001,zh,51.510,51.750,SPEAKER_00,白菜
test,HC_M_019217_001,zh,53.430,53.490,,呃
test,HC_M_019217_001,zh,54.510,55.050,SPEAKER_00,胡萝卜
test,HC_M_019217_001,zh,56.610,56.910,SPEAKER_00,黄瓜
test,HC_M_019217_001,zh,58.050,58.410,SPEAKER_00,土豆
test,HC_M_019217_001,zh,59.670,59.730,SPEAKER_00,豆
test,HC_M_019217_002,zh,0.030,0.270,SPEAKER_00,豆浆
test,HC_M_019217_002,zh,1.470,1.770,SPEAKER_00,芹菜
test,HC_M_019217_002,zh,4.410,4.830,SPEAKER_00,我飞
test,HC_M_019217_002,zh,7.630,7.990,SPEAKER_00,豆芽
test,HC_M_019217_002,zh,9.850,10.330,SPEAKER_00,绿豆芽
test,HC_M_019217_002,zh,12.470,12.500,SPEAKER_00,呃
test,HC_M_019217_002,zh,13.280,13.820,SPEAKER_00,四角门
test,HC_M_019217_002,zh,15.560,15.980,SPEAKER_00,到角
test,HC_M_019217_002,zh,18.350,18.410,SPEAKER_00,呃
test,HC_M_019217_002,zh,21.210,21.630,SPEAKER_00,洋葱
test,HC_M_019217_002,zh,26.060,26.360,SPEAKER_00,大蒜
test,HC_M_019217_002,zh,28.670,28.700,SPEAKER_00,呃
test,HC_M_019217_002,zh,32.010,32.070,SPEAKER_00,吃
test,HC_M_019217_002,zh,34.530,35.010,SPEAKER_00,黑白菜
test,HC_M_019217_002,zh,37.240,37.780,SPEAKER_00,苏州青
test,HC_M_019217_002,zh,39.640,40.000,SPEAKER_00,还有
test,HC_M_019217_002,zh,40.540,40.900,SPEAKER_00,腌菜
test,HC_M_019217_002,zh,41.560,41.860,SPEAKER_00,香菜
test,HC_M_019217_002,zh,45.130,45.550,SPEAKER_00,鸡鸭
test,HC_M_019217_002,zh,46.330,46.390,SPEAKER_00,猫
test,HC_M_019217_002,zh,47.050,47.470,SPEAKER_00,狗鹅
test,HC_M_019217_002,zh,48.970,49.510,SPEAKER_00,羊猪
test,HC_M_019217_002,zh,50.530,50.590,SPEAKER_00,牛
test,HC_M_019217_002,zh,52.570,52.630,SPEAKER_00,马
test,HC_M_019217_002,zh,54.310,55.150,SPEAKER_00,老虎狮子
test,HC_M_019217_002,zh,56.110,56.170,SPEAKER_00,呃
test,HC_M_019217_002,zh,57.250,57.550,SPEAKER_00,熊猫
test,HC_M_019217_002,zh,58.810,59.050,SPEAKER_00,豹子
test,HC_M_019217_003,zh,0.300,0.360,SPEAKER_00,呃
test,HC_M_019217_003,zh,1.920,2.220,SPEAKER_00,骆驼
test,HC_M_019217_003,zh,3.900,4.140,SPEAKER_00,海马
test,HC_M_019217_003,zh,6.000,6.300,SPEAKER_00,海豚
test,HC_M_019217_003,zh,7.200,7.260,SPEAKER_00,与
test,HC_M_019217_003,zh,8.940,9.000,,呃
test,HC_M_019217_003,zh,12.370,12.430,SPEAKER_00,是
test,HC_M_019217_003,zh,16.470,16.530,SPEAKER_00,呃
test,HC_M_019217_003,zh,22.060,22.120,SPEAKER_00,李
test,HC_M_019217_003,zh,23.560,23.920,SPEAKER_00,战于
test,HC_M_019217_003,zh,26.160,26.220,SPEAKER_00,虾
test,HC_M_019217_003,zh,27.480,28.620,SPEAKER_00,你你不说那
test,HC_M_019217_003,zh,29.460,29.520,SPEAKER_00,呃
test,HC_M_019217_003,zh,33.120,33.480,SPEAKER_00,草鱼
test,HC_M_019217_003,zh,34.199,34.560,SPEAKER_00,萝卜
test,HC_M_019217_003,zh,35.700,36.000,SPEAKER_00,白菜
test,HC_M_019217_003,zh,37.680,37.740,SPEAKER_00,呃
test,HC_M_019217_003,zh,38.700,39.240,SPEAKER_00,胡萝卜
test,HC_M_019217_003,zh,40.800,41.100,SPEAKER_00,黄瓜
test,HC_M_019217_003,zh,42.240,42.600,SPEAKER_00,土豆
test,HC_M_019217_003,zh,44.100,44.340,SPEAKER_00,豆角
test,HC_M_019217_003,zh,45.660,45.960,SPEAKER_00,芹菜
test,HC_M_019217_003,zh,48.600,49.020,SPEAKER_00,我非
test,HC_M_019217_003,zh,51.820,52.240,SPEAKER_00,豆芽
test,HC_M_019217_003,zh,54.040,54.520,SPEAKER_00,绿豆芽
test,HC_M_019217_003,zh,56.660,56.690,SPEAKER_00,嗯
test,HC_M_019217_003,zh,57.470,58.010,SPEAKER_00,四角门
test,HC_M_019217_004,zh,0.920,1.340,SPEAKER_00,杜角
test,HC_M_019217_004,zh,3.880,3.940,SPEAKER_00,呃
test,HC_M_019217_004,zh,7.160,7.580,SPEAKER_00,洋葱
test,HC_M_019217_004,zh,12.160,12.460,SPEAKER_00,大蒜
test,HC_M_019217_004,zh,15.250,15.280,SPEAKER_00,呃
test,HC_M_019217_004,zh,19.020,19.080,SPEAKER_00,吃
test,HC_M_019217_004,zh,21.590,22.070,SPEAKER_00,黑白菜
test,HC_M_019217_004,zh,24.840,25.320,SPEAKER_00,苏州青
test,HC_M_019217_004,zh,27.610,28.810,SPEAKER_00,还有腌菜
test,HC_M_019217_004,zh,29.469,29.770,SPEAKER_00,香菜
test,HC_M_019221_001,zh,0.740,0.800,SPEAKER_00,马
test,HC_M_019221_001,zh,2.060,2.120,SPEAKER_00,狗
test,HC_M_019221_001,zh,3.140,3.200,SPEAKER_00,猫
test,HC_M_019221_001,zh,4.460,4.700,SPEAKER_00,骡子
test,HC_M_019221_001,zh,5.360,5.420,SPEAKER_00,驴
test,HC_M_019221_001,zh,6.320,6.620,SPEAKER_00,狮子
test,HC_M_019221_001,zh,7.760,8.000,SPEAKER_00,老虎
test,HC_M_019221_001,zh,9.020,9.080,,嗯
test,HC_M_019221_001,zh,12.370,12.610,SPEAKER_00,老虎
test,HC_M_019221_001,zh,13.750,13.810,SPEAKER_00,鸡
test,HC_M_019221_001,zh,14.650,14.710,,嗯
test,HC_M_019221_001,zh,17.960,18.320,SPEAKER_00,动物
test,HC_M_019221_001,zh,19.699,20.780,SPEAKER_00,鱼不属于动物是吧
test,HC_M_019221_001,zh,23.520,25.020,SPEAKER_00,动物就像动物类的
test,HC_M_019221_001,zh,25.800,25.860,,嗯
test,HC_M_019221_001,zh,27.060,28.680,SPEAKER_00,就是日常生活中的鸟
test,HC_M_019221_001,zh,29.460,29.520,,嗯
test,HC_M_019221_001,zh,30.840,33.300,SPEAKER_00,像比像老鹰啊这些什么东西的在
test,HC_M_019221_001,zh,33.840,36.900,SPEAKER_00,在鸟类的啊可以说是吧呃老鹰
test,HC_M_019221_001,zh,37.740,38.040,SPEAKER_00,喜鹊
test,HC_M_019221_001,zh,38.640,38.700,SPEAKER_00,嗯
test,HC_M_019221_001,zh,39.600,39.840,SPEAKER_00,麻雀
test,HC_M_019221_001,zh,40.500,40.560,SPEAKER_00,嗯
test,HC_M_019221_001,zh,41.220,41.460,SPEAKER_00,鹦鹉
test,HC_M_019221_001,zh,42.180,42.240,,嗯
test,HC_M_019221_001,zh,45.080,45.140,,嗯
test,HC_M_019221_001,zh,48.080,48.140,SPEAKER_00,行
test,HC_M_019221_001,zh,50.660,52.220,SPEAKER_00,是要要要黄历嗯
test,HC_M_019221_001,zh,53.600,53.840,SPEAKER_00,安全
test,HC_M_019221_001,zh,54.620,54.680,,嗯
test,HC_M_019221_001,zh,57.080,57.140,,呃
test,HC_M_019221_001,zh,57.800,58.100,SPEAKER_00,萝卜
test,HC_M_019221_001,zh,58.700,58.759,SPEAKER_00,呃
test,HC_M_019221_001,zh,59.480,59.840,SPEAKER_00,老萝卜
test,HC_M_019221_002,zh,0.270,1.110,SPEAKER_00,胡萝卜嗯
test,HC_M_019221_002,zh,2.009,2.370,SPEAKER_00,丝瓜
test,HC_M_019221_002,zh,3.390,3.750,SPEAKER_00,土豆
test,HC_M_019221_002,zh,4.590,4.830,SPEAKER_00,白菜
test,HC_M_019221_002,zh,5.430,5.490,,嗯
test,HC_M_019221_002,zh,7.710,8.070,SPEAKER_00,菜花
test,HC_M_019221_002,zh,8.790,8.850,,嗯
test,HC_M_019221_002,zh,9.690,9.930,SPEAKER_00,油菜
test,HC_M_019221_002,zh,10.650,10.710,,嗯
test,HC_M_019221_002,zh,11.850,12.330,SPEAKER_00,空心菜
test,HC_M_019221_002,zh,13.110,13.170,,嗯
test,HC_M_019221_002,zh,14.970,15.390,SPEAKER_00,茼蒿菜
test,HC_M_019221_002,zh,16.110,16.170,,嗯
test,HC_M_019221_002,zh,18.450,18.510,SPEAKER_00,葱
test,HC_M_019221_002,zh,19.050,19.110,SPEAKER_00,姜
test,HC_M_019221_002,zh,19.650,19.710,SPEAKER_00,蒜
test,HC_M_019221_002,zh,20.550,20.610,,嗯
test,HC_M_019221_002,zh,22.950,23.550,SPEAKER_00,葱姜蒜
test,HC_M_019221_002,zh,30.890,30.950,,嗯
test,HC_M_019221_002,zh,32.090,33.170,SPEAKER_00,大别再说过了吧
test,HC_M_019221_002,zh,33.770,33.830,,嗯
test,HC_M_019221_002,zh,34.610,34.670,SPEAKER_00,是
test,HC_M_019221_002,zh,39.060,39.300,SPEAKER_00,黄瓜
test,HC_M_019221_002,zh,43.270,43.450,SPEAKER_00,二十
test,HC_M_019221_002,zh,45.790,46.810,SPEAKER_00,啊熏管呃
test,HC_M_019221_002,zh,47.410,47.709,SPEAKER_00,这个
test,HC_M_019221_002,zh,48.730,49.630,SPEAKER_00,房间里边水管
test,HC_M_019221_002,zh,50.230,51.370,SPEAKER_00,就是溢出来了
test,HC_M_019221_002,zh,51.970,54.070,SPEAKER_00,溢出来以后这个这个男孩
test,HC_M_019221_002,zh,54.730,54.790,SPEAKER_00,去
test,HC_M_019221_002,zh,55.870,57.190,SPEAKER_00,站着板子去拿饼干去
test,HC_M_019221_002,zh,57.790,59.530,SPEAKER_00,一下子板凳板子倒了啊
test,HC_M_019222_001,zh,0.450,1.170,SPEAKER_00,猪马牛羊
test,HC_M_019222_001,zh,4.130,5.030,SPEAKER_00,动物的老虎
test,HC_M_019222_001,zh,5.750,6.110,SPEAKER_00,狮子
test,HC_M_019222_001,zh,7.310,7.370,SPEAKER_00,嗯
test,HC_M_019222_001,zh,8.390,8.690,SPEAKER_00,兔子
test,HC_M_019222_001,zh,9.890,9.950,SPEAKER_00,嗯
test,HC_M_019222_001,zh,12.950,13.850,SPEAKER_00,菠菜韭菜
test,HC_M_019222_001,zh,14.810,15.050,SPEAKER_00,芹菜
test,HC_M_019222_001,zh,16.190,17.630,SPEAKER_00,黄瓜啊豆角啊
test,HC_M_019222_001,zh,18.170,18.230,,呃
test,HC_M_019222_001,zh,19.730,20.630,SPEAKER_00,芹这个什么
test,HC_M_019222_001,zh,21.770,21.830,SPEAKER_00,北
test,HC_M_019222_001,zh,22.610,22.910,SPEAKER_00,菠菜
test,HC_M_019222_001,zh,26.370,27.270,SPEAKER_00,这个什么西红柿
test,HC_M_019222_001,zh,28.410,28.470,,嗯
test,HC_M_019222_001,zh,30.270,31.530,SPEAKER_00,还有这些记菜
test,HC_M_019222_001,zh,32.130,32.670,SPEAKER_00,还有这些
test,HC_M_019222_001,zh,38.230,38.530,SPEAKER_00,感觉
test,HC_M_019222_001,zh,41.180,41.480,SPEAKER_00,青菜
test,HC_M_019222_001,zh,42.320,42.860,SPEAKER_00,还有这些
test,HC_M_019222_001,zh,44.720,45.080,SPEAKER_00,香菜
test,HC_M_019222_001,zh,46.940,47.420,SPEAKER_00,太多了
test,HC_M_019222_001,zh,48.140,48.680,SPEAKER_00,还这时间
test,HC_M_019222_001,zh,49.400,50.120,SPEAKER_00,茄子啊呃
test,HC_M_019222_001,zh,51.740,52.220,SPEAKER_00,冬瓜啊
test,HC_M_019222_001,zh,52.820,53.780,SPEAKER_00,南瓜北瓜
test,HC_M_019222_001,zh,54.980,55.640,SPEAKER_00,这都是的
test,HC_M_019222_001,zh,56.840,58.760,SPEAKER_00,还有几个不配想啥东作呢
test,HC_M_019223_001,zh,1.230,1.290,SPEAKER_00,枸
test,HC_M_019223_001,zh,2.010,2.070,SPEAKER_00,鸡
test,HC_M_019223_001,zh,2.730,2.790,SPEAKER_00,毛
test,HC_M_019223_001,zh,3.750,3.930,SPEAKER_00,老鼠
test,HC_M_019223_001,zh,4.470,4.530,SPEAKER_00,蛇
test,HC_M_019223_001,zh,5.550,5.790,SPEAKER_00,青蛙
test,HC_M_019223_001,zh,6.630,6.690,SPEAKER_00,嗯
test,HC_M_019223_001,zh,9.330,10.230,SPEAKER_00,蝎子油盐
test,HC_M_019223_001,zh,11.190,11.490,SPEAKER_00,蜈蚣
test,HC_M_019223_001,zh,12.270,12.330,,嗯
test,HC_M_019223_001,zh,14.130,14.970,SPEAKER_00,蛇说过了吧
test,HC_M_019223_001,zh,16.050,16.110,,嗯
test,HC_M_019223_001,zh,17.910,17.970,SPEAKER_00,牛
test,HC_M_019223_001,zh,18.510,19.110,SPEAKER_00,羊马
test,HC_M_019223_001,zh,20.610,20.670,SPEAKER_00,猪
test,HC_M_019223_001,zh,22.290,22.350,,嗯
test,HC_M_019223_001,zh,24.570,24.750,SPEAKER_00,大象
test,HC_M_019223_001,zh,26.370,26.430,,嗯
test,HC_M_019223_001,zh,28.650,28.890,SPEAKER_00,大象
test,HC_M_019223_001,zh,31.760,32.000,SPEAKER_00,地区
test,HC_M_019223_001,zh,33.500,33.559,,呃
test,HC_M_019223_001,zh,36.260,36.500,SPEAKER_00,优先
test,HC_M_019223_001,zh,40.180,41.140,SPEAKER_00,胡报死
test,HC_M_019223_001,zh,44.360,45.200,SPEAKER_00,我报死者
test,HC_M_019223_001,zh,48.490,49.210,SPEAKER_00,白菜萝卜
test,HC_M_019223_001,zh,49.870,49.930,,呃
test,HC_M_019223_001,zh,51.970,52.870,SPEAKER_00,菠菜腌菜
test,HC_M_019223_001,zh,53.770,53.830,SPEAKER_00,呃
test,HC_M_019223_001,zh,55.510,55.750,SPEAKER_00,苦菊
test,HC_M_019223_001,zh,56.710,56.770,SPEAKER_00,呃
test,HC_M_019223_001,zh,58.690,59.050,SPEAKER_00,油梅菜
test,HC_M_019223_002,zh,0.090,0.390,SPEAKER_00,生产
test,HC_M_019223_002,zh,2.980,3.220,SPEAKER_00,青菜
test,HC_M_019223_002,zh,4.480,4.720,SPEAKER_00,火菜
test,HC_M_019223_002,zh,5.740,5.800,,嗯
test,HC_M_019223_002,zh,8.320,8.380,SPEAKER_00,菜
test,HC_M_019223_002,zh,9.040,9.340,SPEAKER_00,腌菜
test,HC_M_019223_002,zh,12.330,12.630,SPEAKER_00,悲惨
test,HC_M_019223_002,zh,19.730,22.850,SPEAKER_00,那吃的都都属青菜的是吧像豆角
test,HC_M_019223_002,zh,23.450,23.690,SPEAKER_00,豆角
test,HC_M_019223_002,zh,24.410,24.470,SPEAKER_00,呃
test,HC_M_019223_002,zh,25.370,25.610,SPEAKER_00,蚕豆
test,HC_M_019223_002,zh,26.390,26.450,SPEAKER_00,呃
test,HC_M_019223_002,zh,27.709,28.490,SPEAKER_00,豆角蚕豆
test,HC_M_019223_002,zh,29.510,30.410,SPEAKER_00,豆角蚕豆
test,HC_M_019223_002,zh,31.250,31.310,,嗯
test,HC_M_019223_002,zh,32.750,33.290,SPEAKER_00,四角梅
test,HC_M_019223_002,zh,34.250,34.310,SPEAKER_00,嗯
test,HC_M_019223_002,zh,36.530,37.190,SPEAKER_00,四觉没
test,HC_M_019223_002,zh,39.920,40.220,SPEAKER_00,视角
test,HC_M_019223_002,zh,42.140,42.200,SPEAKER_00,多
test,HC_M_019226_001,zh,1.610,1.850,SPEAKER_00,白菜
test,HC_M_019226_001,zh,3.230,3.290,,呃
test,HC_M_019226_001,zh,4.310,4.610,SPEAKER_00,萝卜
test,HC_M_019226_001,zh,5.870,5.930,,嗯
test,HC_M_019226_001,zh,8.710,11.170,SPEAKER_00,个萝卜个红萝卜拉萝卜
test,HC_M_019226_001,zh,12.490,13.690,SPEAKER_00,西红柿南瓜
test,HC_M_019226_001,zh,14.290,14.350,SPEAKER_00,番
test,HC_M_019226_001,zh,15.010,15.070,,呃
test,HC_M_019226_001,zh,15.970,16.270,SPEAKER_00,南瓜
test,HC_M_019226_001,zh,17.110,17.170,,嗯
test,HC_M_019226_001,zh,18.550,18.910,SPEAKER_00,芋头
test,HC_M_019226_001,zh,19.810,19.870,,嗯
test,HC_M_019226_001,zh,20.770,21.010,SPEAKER_00,芹菜
test,HC_M_019226_001,zh,24.010,24.430,SPEAKER_00,菜花
test,HC_M_019226_001,zh,26.050,26.110,,嗯
test,HC_M_019226_001,zh,28.870,29.230,,打葱
test,HC_M_019226_001,zh,31.680,31.740,,嗯
test,HC_M_019226_001,zh,35.190,35.550,SPEAKER_00,哦红
test,HC_M_019226_001,zh,38.440,38.740,SPEAKER_00,评估
test,HC_M_019226_001,zh,42.240,42.600,SPEAKER_00,韭菜
test,HC_M_019226_001,zh,46.060,46.360,SPEAKER_00,南瓜
test,HC_M_019226_001,zh,46.900,47.140,SPEAKER_00,冬瓜
test,HC_M_019226_001,zh,48.940,49.000,SPEAKER_00,牛
test,HC_M_019226_001,zh,50.740,50.800,SPEAKER_00,马
test,HC_M_019226_001,zh,52.660,52.720,SPEAKER_00,羊
test,HC_M_019226_001,zh,54.400,54.460,SPEAKER_00,兔
test,HC_M_019226_001,zh,55.720,55.780,SPEAKER_00,鸡
test,HC_M_019226_001,zh,56.920,56.980,SPEAKER_00,狗
test,HC_M_019226_001,zh,58.420,58.660,SPEAKER_00,老虎
test,HC_M_019226_001,zh,59.380,59.440,SPEAKER_00,四
test,HC_M_019226_002,zh,0.460,0.700,SPEAKER_00,大象
test,HC_M_019226_002,zh,3.240,3.480,SPEAKER_00,犀牛
test,HC_M_019226_002,zh,5.700,5.940,SPEAKER_00,领羊
test,HC_M_019226_002,zh,10.750,10.990,SPEAKER_00,狐狸
test,HC_M_019226_002,zh,14.980,15.040,SPEAKER_00,狼
test,HC_M_019226_002,zh,18.180,18.480,SPEAKER_00,狗熊
test,HC_M_019226_002,zh,21.460,21.520,,路
test,HC_M_019226_002,zh,24.840,25.080,SPEAKER_00,头等
test,HC_M_019226_002,zh,28.480,28.720,SPEAKER_00,报晚
test,HC_M_019226_002,zh,31.360,31.420,,嗯
test,HC_M_019226_002,zh,32.020,32.380,SPEAKER_00,桌子
test,HC_M_019226_002,zh,34.420,34.900,SPEAKER_00,凳子
test,HC_M_019226_002,zh,36.520,36.820,SPEAKER_00,椅子
test,HC_M_019226_002,zh,38.080,38.140,SPEAKER_00,床
test,HC_M_019226_002,zh,39.820,40.120,SPEAKER_00,沙发
test,HC_M_019226_002,zh,41.740,42.040,SPEAKER_00,柜子
test,HC_M_019226_002,zh,43.840,43.900,,嗯
test,HC_M_019226_002,zh,46.300,46.900,SPEAKER_00,床头柜
test,HC_M_019226_002,zh,48.520,48.760,SPEAKER_00,碗橱
test,HC_M_019226_002,zh,51.370,51.430,,嗯
test,HC_M_019226_002,zh,52.270,52.990,SPEAKER_00,吊柜儿
test,HC_M_019226_002,zh,56.130,56.430,SPEAKER_00,沙发
test,HC_M_019226_002,zh,59.580,59.640,SPEAKER_00,是
test,HC_M_060217_001,zh,0.030,0.090,,嗯
test,HC_M_060217_001,zh,1.530,6.090,SPEAKER_00,他在凳子上面到上面聚了去拿拿宾干去就有个凳子
test,HC_M_060217_001,zh,6.630,7.050,SPEAKER_00,摆不好
test,HC_M_060217_001,zh,8.430,8.490,SPEAKER_00,跌
test,HC_M_060217_001,zh,9.570,11.250,SPEAKER_00,摔下来了他这里
test,HC_M_060217_001,zh,12.270,14.190,SPEAKER_00,西安人把自来水龙头人
test,HC_M_060217_001,zh,15.690,15.750,SPEAKER_00,摔
test,HC_M_060217_001,zh,16.470,16.950,SPEAKER_00,拔下来
test,HC_M_060217_001,zh,17.790,21.450,SPEAKER_00,就发生噶两件事情搁外面来嘛到屋内啊
test,HC_M_060217_001,zh,22.170,23.730,SPEAKER_00,就这样还有其他
test,HC_M_060217_001,zh,25.530,26.310,SPEAKER_00,其他他那个
test,HC_M_060217_001,zh,27.750,28.290,SPEAKER_00,他旁边
test,HC_M_060217_001,zh,28.890,29.790,SPEAKER_00,一个大概是
test,HC_M_060217_001,zh,30.570,31.050,SPEAKER_00,什么了
test,HC_M_060217_001,zh,32.490,32.970,SPEAKER_00,有其他
test,HC_M_060217_001,zh,36.140,40.640,SPEAKER_00,大概是他要他要去宾馆他去拿下来的凳子没有帮好把他的
test,HC_M_060217_001,zh,42.200,44.480,SPEAKER_00,要跌下来了跌下来就这样
test,HC_M_121103_001,zh,0.030,0.090,SPEAKER_00,哦
test,HC_M_121103_001,zh,1.470,1.650,SPEAKER_00,这个
test,HC_M_121103_001,zh,2.190,6.390,SPEAKER_00,女孩子想吃饼干那么这个饼干呢放在厨房的
test,HC_M_121103_001,zh,7.650,9.570,SPEAKER_00,上部的储物柜应该比较高
test,HC_M_121103_001,zh,10.230,16.350,SPEAKER_00,那么这个男孩子呢爬上凳子去拿拿了以后呢一块呢已经给女孩子吃的女孩子还想要
test,HC_M_121103_001,zh,17.190,18.750,SPEAKER_00,那么这个男孩子呢比较开心
test,HC_M_121103_001,zh,19.530,20.790,SPEAKER_00,那一不小心的这个
test,HC_M_121103_001,zh,21.450,25.050,SPEAKER_00,凳子就侧反了就是这样的马上要摔下来了就是说
test,HC_M_121103_001,zh,25.590,25.650,,嗯
test,HC_M_121103_001,zh,26.310,26.970,SPEAKER_00,那么这边呢
test,HC_M_121103_001,zh,27.810,28.050,SPEAKER_00,这为
test,HC_M_121103_001,zh,29.850,31.230,SPEAKER_00,这位漂亮的女士呢他
test,HC_M_121103_001,zh,32.009,32.970,SPEAKER_00,在厨房里边
test,HC_M_121103_001,zh,33.570,34.530,SPEAKER_00,洗盘子洗碗的
test,HC_M_121103_001,zh,35.190,36.210,SPEAKER_00,那么大概是这个
test,HC_M_121103_001,zh,37.530,43.110,SPEAKER_00,精力分散了老是在想什么问题结过了这个水池里的水呢马出来一到地面上了就这么个情况
test,HC_M_131210_001,zh,0.150,0.690,SPEAKER_00,一九宫
test,HC_M_131210_001,zh,1.650,2.070,SPEAKER_00,北京市
test,HC_M_131210_001,zh,3.030,3.810,SPEAKER_00,汇城楼那种
test,HC_M_131210_001,zh,4.590,6.150,SPEAKER_00,就那个老大喊
test,HC_M_131210_001,zh,6.870,15.510,SPEAKER_00,主我直己睡着时候老大就是一里边休两次来我一来性情大做饭现在他给找一个中午做饭的晚上
test,HC_M_131210_001,zh,16.170,16.890,SPEAKER_00,我能凑合
test,HC_M_131210_001,zh,17.850,19.050,SPEAKER_00,我也也也会做
test,HC_M_131210_001,zh,19.830,20.130,SPEAKER_00,牛羊
test,HC_M_131210_001,zh,21.330,23.610,SPEAKER_00,动物动物动物是牛羊
test,HC_M_131210_001,zh,24.570,25.230,SPEAKER_00,不认那叫
test,HC_M_131210_001,zh,27.150,27.330,SPEAKER_00,老虎
test,HC_M_131210_001,zh,27.930,27.990,SPEAKER_00,是
test,HC_M_131210_001,zh,31.780,32.020,SPEAKER_00,大象
test,HC_M_131210_001,zh,32.680,32.920,SPEAKER_00,犀牛
test,HC_M_131210_001,zh,33.460,33.940,SPEAKER_00,狗猫
test,HC_M_131210_001,zh,34.660,34.960,SPEAKER_00,河马
test,HC_M_131210_001,zh,35.560,37.840,SPEAKER_00,长葛鹿四条腿都是动国
test,HC_M_131210_001,zh,38.380,38.860,SPEAKER_00,长葛鹿
test,HC_M_131210_001,zh,39.760,39.940,SPEAKER_00,老虎
test,HC_M_131210_001,zh,40.720,41.200,SPEAKER_00,柿子
test,HC_M_131210_001,zh,42.100,42.340,SPEAKER_00,狗熊
test,HC_M_131210_001,zh,43.420,43.480,,啊
test,HC_M_131210_001,zh,44.380,45.280,SPEAKER_00,萝卜韭菜
test,HC_M_131210_001,zh,46.840,47.260,SPEAKER_00,胡萝卜
test,HC_M_131210_001,zh,48.220,48.280,SPEAKER_00,藕
test,HC_M_131210_001,zh,48.820,49.180,SPEAKER_00,香菜
test,HC_M_131210_001,zh,49.720,49.960,SPEAKER_00,白菜
test,HC_M_131210_001,zh,51.220,51.700,SPEAKER_00,圆白菜
test,HC_M_131210_001,zh,53.140,53.380,SPEAKER_00,芹菜
test,HC_M_131210_001,zh,54.460,54.700,SPEAKER_00,倭瓜
test,HC_M_131210_001,zh,56.380,57.160,SPEAKER_00,椒瓜南瓜
test,HC_M_131210_001,zh,58.240,58.780,SPEAKER_00,好吃馅
test,HC_M_131210_002,zh,0.740,1.340,SPEAKER_00,可以的吧
test,HC_M_131210_002,zh,1.940,2.480,SPEAKER_00,蔬菜啊
test,HC_M_131210_002,zh,3.680,3.980,SPEAKER_00,蔬菜
test,HC_M_131210_002,zh,4.940,5.180,SPEAKER_00,芹菜
test,HC_M_131210_002,zh,7.040,7.280,SPEAKER_00,韭菜
test,HC_M_131210_002,zh,8.420,8.660,SPEAKER_00,黄瓜
test,HC_M_131210_002,zh,9.200,11.840,SPEAKER_00,柿子辣椒圆白菜长白菜
test,HC_M_131210_002,zh,12.920,13.160,SPEAKER_00,青椒
test,HC_M_131210_002,zh,13.700,14.000,SPEAKER_00,桌子
test,HC_M_131210_002,zh,14.600,14.840,SPEAKER_00,椅子
test,HC_M_131210_002,zh,16.460,16.820,SPEAKER_00,茶几
test,HC_M_131210_002,zh,18.500,18.800,SPEAKER_00,沙发
test,HC_M_131210_002,zh,20.120,20.360,SPEAKER_00,藤椅
test,HC_M_131210_002,zh,21.140,21.200,SPEAKER_00,床
test,HC_M_131210_002,zh,22.100,22.520,SPEAKER_00,单人床
test,HC_M_131210_002,zh,23.060,23.480,SPEAKER_00,双人床
test,HC_M_131210_002,zh,25.280,25.880,SPEAKER_00,可以的吧
test,HC_M_131210_002,zh,26.540,27.080,SPEAKER_00,写字台
test,HC_M_131210_002,zh,27.800,28.340,SPEAKER_00,可以的吧
test,HC_M_131210_002,zh,29.180,29.480,SPEAKER_00,茶几
test,HC_M_131210_002,zh,30.080,32.180,SPEAKER_00,沙发说了刚可以的吧
test,HC_M_192414_001,zh,0.630,0.810,SPEAKER_00,一个
test,HC_M_192414_001,zh,1.650,3.270,SPEAKER_00,一个女的叫一个男的把
test,HC_M_192414_001,zh,4.350,7.290,SPEAKER_00,上面的饼更拿拿下来他不小心把凳子
test,HC_M_192414_001,zh,8.070,8.670,SPEAKER_00,没有放好
test,HC_M_192414_001,zh,9.270,10.590,SPEAKER_00,要掉下来的样子啊
test,HC_M_192414_001,zh,11.610,11.670,,是
test,HC_M_192414_001,zh,12.330,12.570,SPEAKER_00,这个
test,HC_M_192414_001,zh,13.110,13.410,SPEAKER_00,这个嘛
test,HC_M_192414_001,zh,14.250,17.310,SPEAKER_00,这个一个的她就打开了三龙的
test,HC_M_192414_001,zh,17.970,18.390,SPEAKER_00,三轮的
test,HC_M_192414_001,zh,19.710,20.910,SPEAKER_00,没有去注意
test,HC_M_192414_001,zh,21.990,23.970,SPEAKER_00,她自际在在这个东
test,HC_M_192414_001,zh,24.570,27.930,SPEAKER_00,子什么东西了她忘记忘记了三龙的
test,HC_M_192414_001,zh,29.010,29.790,SPEAKER_00,水起来了
test,HC_M_192414_001,zh,30.810,31.230,SPEAKER_00,才好了
test,HC_M_192516_001,zh,0.030,0.090,SPEAKER_00,嗯
test,HC_M_192516_001,zh,0.690,1.950,SPEAKER_00,有一个小男孩
test,HC_M_192516_001,zh,2.730,2.790,,嗯
test,HC_M_192516_001,zh,4.350,5.490,SPEAKER_00,在厨房里嗯
test,HC_M_192516_001,zh,6.870,7.650,SPEAKER_00,拿一个凳子
test,HC_M_192516_001,zh,8.310,13.530,SPEAKER_00,上因为他个子不呃个子不高够不到拿一个凳子上去拿饼干
test,HC_M_192516_001,zh,14.250,15.090,SPEAKER_00,给他的
test,HC_M_192516_001,zh,16.110,21.030,SPEAKER_00,估计是妹妹吧吃但是一不小心这个这个凳三角凳子呢
test,HC_M_192516_001,zh,21.630,24.450,SPEAKER_00,划倒了那么这个大概是是个呃
test,HC_M_192516_001,zh,25.470,27.690,SPEAKER_00,家庭祖父母亲嘛嗯在那个
test,HC_M_192516_001,zh,28.530,29.010,SPEAKER_00,厨房里面
test,HC_M_192516_001,zh,29.550,30.030,SPEAKER_00,水龙头
test,HC_M_192516_001,zh,31.170,31.710,SPEAKER_00,开了以后
test,HC_M_192516_001,zh,33.450,33.690,SPEAKER_00,忘了
test,HC_M_192516_001,zh,34.290,36.810,SPEAKER_00,忘了关了还不是什么溢出来了一溢到地上
test,HC_M_192516_001,zh,37.710,38.310,SPEAKER_00,那么他在
test,HC_M_192516_001,zh,39.330,42.210,SPEAKER_00,他在他在洗盘子的那个中间可能是
test,HC_M_192516_001,zh,43.050,44.010,SPEAKER_00,没有注意啊就是
test,HC_M_192516_001,zh,44.850,50.070,SPEAKER_00,水没有注意到水龙头已经满了以后那个槽水槽子已经满了水溢出来了
test,HC_M_192516_001,zh,50.850,52.230,SPEAKER_00,就这么个情情形
test,HC_M_262508_001,zh,0.340,4.240,SPEAKER_00,这是一个厨房里面一家子在整理厨房的那个
test,HC_M_262508_001,zh,4.840,5.920,SPEAKER_00,画画面哈
test,HC_M_262508_001,zh,6.580,6.820,SPEAKER_00,母亲
test,HC_M_262508_001,zh,7.540,8.440,SPEAKER_00,正在洗
test,HC_M_262508_001,zh,10.060,17.320,SPEAKER_00,洗碗啊擦碟子哈但是水溢出来了哈水池里面也水溢出来了他没注意但在专心致志的擦
test,HC_M_262508_001,zh,18.280,18.700,SPEAKER_00,擦尸地
test,HC_M_262508_001,zh,20.260,22.780,SPEAKER_00,女儿跟儿子呢两个正在整拿
test,HC_M_262508_001,zh,23.380,23.620,SPEAKER_00,那个
test,HC_M_262508_001,zh,24.220,34.120,SPEAKER_00,高贵的那个饼干但是不小心呢凳子翻到了那么女儿提醒他要注意女他们正在专心致志的把饼干给女儿给妹妹吃哈那么
test,HC_M_262508_001,zh,34.960,36.820,SPEAKER_00,凳子再翻倒了那是非常危险
test,HC_M_262520_001,zh,1.310,2.390,SPEAKER_00,这张图呢是
test,HC_M_262520_001,zh,4.420,4.660,SPEAKER_00,这个
test,HC_M_262520_001,zh,5.680,6.100,SPEAKER_00,这个小
test,HC_M_262520_001,zh,6.880,7.600,SPEAKER_00,小朋友们
test,HC_M_262520_001,zh,9.280,10.480,SPEAKER_00,想吃饼干
test,HC_M_262520_001,zh,11.980,12.580,SPEAKER_00,那么这个
test,HC_M_262520_001,zh,14.950,19.150,SPEAKER_00,这个这个小朋友大概是他哥哥还比较什么就拿了个凳子
test,HC_M_262520_001,zh,19.750,23.950,SPEAKER_00,就爬上去拿饼干结果凳子不稳饼干掉在地上
test,HC_M_262520_001,zh,24.610,24.670,,嗯
test,HC_M_262520_001,zh,25.870,28.150,SPEAKER_00,一方面想交给他一方面掉在地上
test,HC_M_262520_001,zh,30.270,30.330,SPEAKER_00,这
test,HC_M_262520_001,zh,32.250,34.710,SPEAKER_00,这个是什么这个是吸血池啊是
test,HC_M_262520_001,zh,36.750,37.530,SPEAKER_00,这个是家长
test,HC_M_262520_001,zh,38.310,39.090,SPEAKER_00,那个进椎
test,HC_M_262520_001,zh,40.350,40.410,SPEAKER_00,去
test,HC_M_262520_001,zh,41.430,41.490,SPEAKER_00,洗
test,HC_M_262520_001,zh,42.210,43.230,SPEAKER_00,洗衣服什么
test,HC_M_262520_001,zh,43.830,46.350,SPEAKER_00,旁边有比叫什么这个是个阳台
